{
	"isProtected":false,
	"finishedSearch":false,
	"methods":{
		"buildHttpClientManager(int)":{
			"sig":"(I)Lorg/apache/http/conn/HttpClientConnectionManager;",
			"args":"(int)",
			"isStatic":true,
			"isProtected":false,
			"name":"buildHttpClientManager",
			"isPublic":false,
			"isPrivate":true,
			"isFinal":false,
			"type":"define",
			"isAbstract":false,
			"rtType":"org.apache.http.conn.HttpClientConnectionManager"
		},
		"buildObjectMapper()":{
			"sig":"()Lcom/fasterxml/jackson/databind/ObjectMapper;",
			"args":"()",
			"isStatic":false,
			"isProtected":false,
			"name":"buildObjectMapper",
			"isPublic":false,
			"isPrivate":true,
			"isFinal":false,
			"type":"define",
			"isAbstract":false,
			"rtType":"com.fasterxml.jackson.databind.ObjectMapper"
		},
		"<init>()":{
			"sig":"()V",
			"args":"()",
			"isStatic":false,
			"isProtected":false,
			"name":"<init>",
			"isPublic":true,
			"isPrivate":false,
			"isFinal":false,
			"type":"define",
			"isAbstract":false,
			"rtType":"void"
		},
		"withInstanceConfiguration(com.github.alexcojocaru.mojo.elasticsearch.v2.InstanceConfiguration)":{
			"sig":"(Lcom/github/alexcojocaru/mojo/elasticsearch/v2/InstanceConfiguration;)Lcom/github/alexcojocaru/mojo/elasticsearch/v2/client/ElasticsearchClient$Builder;",
			"args":"(com.github.alexcojocaru.mojo.elasticsearch.v2.InstanceConfiguration)",
			"isStatic":false,
			"isProtected":false,
			"name":"withInstanceConfiguration",
			"isPublic":true,
			"isPrivate":false,
			"isFinal":false,
			"type":"define",
			"isAbstract":false,
			"rtType":"com.github.alexcojocaru.mojo.elasticsearch.v2.client.ElasticsearchClient$Builder"
		},
		"withPort(int)":{
			"sig":"(I)Lcom/github/alexcojocaru/mojo/elasticsearch/v2/client/ElasticsearchClient$Builder;",
			"args":"(int)",
			"isStatic":false,
			"isProtected":false,
			"name":"withPort",
			"isPublic":true,
			"isPrivate":false,
			"isFinal":false,
			"type":"define",
			"isAbstract":false,
			"rtType":"com.github.alexcojocaru.mojo.elasticsearch.v2.client.ElasticsearchClient$Builder"
		},
		"withHostname(java.lang.String)":{
			"sig":"(Ljava/lang/String;)Lcom/github/alexcojocaru/mojo/elasticsearch/v2/client/ElasticsearchClient$Builder;",
			"args":"(java.lang.String)",
			"isStatic":false,
			"isProtected":false,
			"name":"withHostname",
			"isPublic":true,
			"isPrivate":false,
			"isFinal":false,
			"type":"define",
			"isAbstract":false,
			"rtType":"com.github.alexcojocaru.mojo.elasticsearch.v2.client.ElasticsearchClient$Builder"
		},
		"withSocketTimeout(int)":{
			"sig":"(I)Lcom/github/alexcojocaru/mojo/elasticsearch/v2/client/ElasticsearchClient$Builder;",
			"args":"(int)",
			"isStatic":false,
			"isProtected":false,
			"name":"withSocketTimeout",
			"isPublic":true,
			"isPrivate":false,
			"isFinal":false,
			"type":"define",
			"isAbstract":false,
			"rtType":"com.github.alexcojocaru.mojo.elasticsearch.v2.client.ElasticsearchClient$Builder"
		},
		"withLog(org.apache.maven.plugin.logging.Log)":{
			"sig":"(Lorg/apache/maven/plugin/logging/Log;)Lcom/github/alexcojocaru/mojo/elasticsearch/v2/client/ElasticsearchClient$Builder;",
			"args":"(org.apache.maven.plugin.logging.Log)",
			"isStatic":false,
			"isProtected":false,
			"name":"withLog",
			"isPublic":true,
			"isPrivate":false,
			"isFinal":false,
			"type":"define",
			"isAbstract":false,
			"rtType":"com.github.alexcojocaru.mojo.elasticsearch.v2.client.ElasticsearchClient$Builder"
		},
		"build()":{
			"sig":"()Lcom/github/alexcojocaru/mojo/elasticsearch/v2/client/ElasticsearchClient;",
			"args":"()",
			"isStatic":false,
			"isProtected":false,
			"name":"build",
			"isPublic":true,
			"isPrivate":false,
			"isFinal":false,
			"type":"define",
			"isAbstract":false,
			"rtType":"com.github.alexcojocaru.mojo.elasticsearch.v2.client.ElasticsearchClient"
		},
		"buildHttpClient(int)":{
			"sig":"(I)Lorg/apache/http/client/HttpClient;",
			"args":"(int)",
			"isStatic":true,
			"isProtected":false,
			"name":"buildHttpClient",
			"isPublic":false,
			"isPrivate":true,
			"isFinal":false,
			"type":"define",
			"isAbstract":false,
			"rtType":"org.apache.http.client.HttpClient"
		}
	},
	"isPublic":true,
	"className":"com.github.alexcojocaru.mojo.elasticsearch.v2.client.ElasticsearchClient$Builder",
	"interNames":{},
	"isFinal":false,
	"isPrivate":false,
	"isAbstract":false,
	"isInterface":false,
	"superClassName":"java.lang.Object"
}