{
	"isProtected":false,
	"finishedSearch":false,
	"methods":{
		"<init>(org.eclipse.aether.RepositorySystem,org.eclipse.aether.RepositorySystemSession,java.util.List,org.apache.maven.plugin.logging.Log)":{
			"sig":"(Lorg/eclipse/aether/RepositorySystem;Lorg/eclipse/aether/RepositorySystemSession;Ljava/util/List;Lorg/apache/maven/plugin/logging/Log;)V",
			"args":"(org.eclipse.aether.RepositorySystem,org.eclipse.aether.RepositorySystemSession,java.util.List,org.apache.maven.plugin.logging.Log)",
			"isStatic":false,
			"isProtected":false,
			"name":"<init>",
			"isPublic":true,
			"isPrivate":false,
			"isFinal":false,
			"type":"define",
			"isAbstract":false,
			"rtType":"void"
		},
		"resolveArtifact(java.lang.String)":{
			"sig":"(Ljava/lang/String;)Ljava/io/File;",
			"args":"(java.lang.String)",
			"isStatic":false,
			"isProtected":false,
			"name":"resolveArtifact",
			"isPublic":true,
			"isPrivate":false,
			"isFinal":false,
			"type":"define",
			"isAbstract":false,
			"rtType":"java.io.File"
		}
	},
	"isPublic":true,
	"className":"com.github.alexcojocaru.mojo.elasticsearch.v2.MyArtifactResolver",
	"interNames":{
		"com.github.alexcojocaru.mojo.elasticsearch.v2.configuration.PluginArtifactResolver":"true"
	},
	"isFinal":false,
	"isPrivate":false,
	"isAbstract":false,
	"isInterface":false,
	"superClassName":"java.lang.Object"
}