{
	"isProtected":false,
	"finishedSearch":false,
	"methods":{
		"getBaseDir()":{
			"sig":"()Ljava/lang/String;",
			"args":"()",
			"isStatic":false,
			"isProtected":false,
			"name":"getBaseDir",
			"isPublic":true,
			"isPrivate":false,
			"isFinal":false,
			"type":"define",
			"isAbstract":false,
			"rtType":"java.lang.String"
		},
		"access$602(com.github.alexcojocaru.mojo.elasticsearch.v2.InstanceConfiguration,java.lang.String)":{
			"sig":"(Lcom/github/alexcojocaru/mojo/elasticsearch/v2/InstanceConfiguration;Ljava/lang/String;)Ljava/lang/String;",
			"args":"(com.github.alexcojocaru.mojo.elasticsearch.v2.InstanceConfiguration,java.lang.String)",
			"isStatic":true,
			"isProtected":false,
			"name":"access$602",
			"isPublic":false,
			"isPrivate":false,
			"isFinal":false,
			"type":"define",
			"isAbstract":false,
			"rtType":"java.lang.String"
		},
		"access$002(com.github.alexcojocaru.mojo.elasticsearch.v2.InstanceConfiguration,com.github.alexcojocaru.mojo.elasticsearch.v2.ClusterConfiguration)":{
			"sig":"(Lcom/github/alexcojocaru/mojo/elasticsearch/v2/InstanceConfiguration;Lcom/github/alexcojocaru/mojo/elasticsearch/v2/ClusterConfiguration;)Lcom/github/alexcojocaru/mojo/elasticsearch/v2/ClusterConfiguration;",
			"args":"(com.github.alexcojocaru.mojo.elasticsearch.v2.InstanceConfiguration,com.github.alexcojocaru.mojo.elasticsearch.v2.ClusterConfiguration)",
			"isStatic":true,
			"isProtected":false,
			"name":"access$002",
			"isPublic":false,
			"isPrivate":false,
			"isFinal":false,
			"type":"define",
			"isAbstract":false,
			"rtType":"com.github.alexcojocaru.mojo.elasticsearch.v2.ClusterConfiguration"
		},
		"getEnvironmentVariables()":{
			"sig":"()Ljava/util/Map;",
			"args":"()",
			"isStatic":false,
			"isProtected":false,
			"name":"getEnvironmentVariables",
			"isPublic":true,
			"isPrivate":false,
			"isFinal":false,
			"type":"define",
			"isAbstract":false,
			"rtType":"java.util.Map"
		},
		"setClusterConfiguration(com.github.alexcojocaru.mojo.elasticsearch.v2.ClusterConfiguration)":{
			"sig":"(Lcom/github/alexcojocaru/mojo/elasticsearch/v2/ClusterConfiguration;)V",
			"args":"(com.github.alexcojocaru.mojo.elasticsearch.v2.ClusterConfiguration)",
			"isStatic":false,
			"isProtected":false,
			"name":"setClusterConfiguration",
			"isPublic":true,
			"isPrivate":false,
			"isFinal":false,
			"type":"define",
			"isAbstract":false,
			"rtType":"void"
		},
		"toString()":{
			"sig":"()Ljava/lang/String;",
			"args":"()",
			"isStatic":false,
			"isProtected":false,
			"name":"toString",
			"isPublic":true,
			"isPrivate":false,
			"isFinal":false,
			"type":"define",
			"isAbstract":false,
			"rtType":"java.lang.String"
		},
		"access$202(com.github.alexcojocaru.mojo.elasticsearch.v2.InstanceConfiguration,java.lang.String)":{
			"sig":"(Lcom/github/alexcojocaru/mojo/elasticsearch/v2/InstanceConfiguration;Ljava/lang/String;)Ljava/lang/String;",
			"args":"(com.github.alexcojocaru.mojo.elasticsearch.v2.InstanceConfiguration,java.lang.String)",
			"isStatic":true,
			"isProtected":false,
			"name":"access$202",
			"isPublic":false,
			"isPrivate":false,
			"isFinal":false,
			"type":"define",
			"isAbstract":false,
			"rtType":"java.lang.String"
		},
		"access$702(com.github.alexcojocaru.mojo.elasticsearch.v2.InstanceConfiguration,java.util.Map)":{
			"sig":"(Lcom/github/alexcojocaru/mojo/elasticsearch/v2/InstanceConfiguration;Ljava/util/Map;)Ljava/util/Map;",
			"args":"(com.github.alexcojocaru.mojo.elasticsearch.v2.InstanceConfiguration,java.util.Map)",
			"isStatic":true,
			"isProtected":false,
			"name":"access$702",
			"isPublic":false,
			"isPrivate":false,
			"isFinal":false,
			"type":"define",
			"isAbstract":false,
			"rtType":"java.util.Map"
		},
		"access$502(com.github.alexcojocaru.mojo.elasticsearch.v2.InstanceConfiguration,java.lang.String)":{
			"sig":"(Lcom/github/alexcojocaru/mojo/elasticsearch/v2/InstanceConfiguration;Ljava/lang/String;)Ljava/lang/String;",
			"args":"(com.github.alexcojocaru.mojo.elasticsearch.v2.InstanceConfiguration,java.lang.String)",
			"isStatic":true,
			"isProtected":false,
			"name":"access$502",
			"isPublic":false,
			"isPrivate":false,
			"isFinal":false,
			"type":"define",
			"isAbstract":false,
			"rtType":"java.lang.String"
		},
		"getClusterConfiguration()":{
			"sig":"()Lcom/github/alexcojocaru/mojo/elasticsearch/v2/ClusterConfiguration;",
			"args":"()",
			"isStatic":false,
			"isProtected":false,
			"name":"getClusterConfiguration",
			"isPublic":true,
			"isPrivate":false,
			"isFinal":false,
			"type":"define",
			"isAbstract":false,
			"rtType":"com.github.alexcojocaru.mojo.elasticsearch.v2.ClusterConfiguration"
		},
		"getHttpPort()":{
			"sig":"()I",
			"args":"()",
			"isStatic":false,
			"isProtected":false,
			"name":"getHttpPort",
			"isPublic":true,
			"isPrivate":false,
			"isFinal":false,
			"type":"define",
			"isAbstract":false,
			"rtType":"int"
		},
		"getTransportPort()":{
			"sig":"()I",
			"args":"()",
			"isStatic":false,
			"isProtected":false,
			"name":"getTransportPort",
			"isPublic":true,
			"isPrivate":false,
			"isFinal":false,
			"type":"define",
			"isAbstract":false,
			"rtType":"int"
		},
		"getPathData()":{
			"sig":"()Ljava/lang/String;",
			"args":"()",
			"isStatic":false,
			"isProtected":false,
			"name":"getPathData",
			"isPublic":true,
			"isPrivate":false,
			"isFinal":false,
			"type":"define",
			"isAbstract":false,
			"rtType":"java.lang.String"
		},
		"getId()":{
			"sig":"()I",
			"args":"()",
			"isStatic":false,
			"isProtected":false,
			"name":"getId",
			"isPublic":true,
			"isPrivate":false,
			"isFinal":false,
			"type":"define",
			"isAbstract":false,
			"rtType":"int"
		},
		"<init>()":{
			"sig":"()V",
			"args":"()",
			"isStatic":false,
			"isProtected":false,
			"name":"<init>",
			"isPublic":true,
			"isPrivate":false,
			"isFinal":false,
			"type":"define",
			"isAbstract":false,
			"rtType":"void"
		},
		"access$102(com.github.alexcojocaru.mojo.elasticsearch.v2.InstanceConfiguration,int)":{
			"sig":"(Lcom/github/alexcojocaru/mojo/elasticsearch/v2/InstanceConfiguration;I)I",
			"args":"(com.github.alexcojocaru.mojo.elasticsearch.v2.InstanceConfiguration,int)",
			"isStatic":true,
			"isProtected":false,
			"name":"access$102",
			"isPublic":false,
			"isPrivate":false,
			"isFinal":false,
			"type":"define",
			"isAbstract":false,
			"rtType":"int"
		},
		"getPathLogs()":{
			"sig":"()Ljava/lang/String;",
			"args":"()",
			"isStatic":false,
			"isProtected":false,
			"name":"getPathLogs",
			"isPublic":true,
			"isPrivate":false,
			"isFinal":false,
			"type":"define",
			"isAbstract":false,
			"rtType":"java.lang.String"
		},
		"access$402(com.github.alexcojocaru.mojo.elasticsearch.v2.InstanceConfiguration,int)":{
			"sig":"(Lcom/github/alexcojocaru/mojo/elasticsearch/v2/InstanceConfiguration;I)I",
			"args":"(com.github.alexcojocaru.mojo.elasticsearch.v2.InstanceConfiguration,int)",
			"isStatic":true,
			"isProtected":false,
			"name":"access$402",
			"isPublic":false,
			"isPrivate":false,
			"isFinal":false,
			"type":"define",
			"isAbstract":false,
			"rtType":"int"
		},
		"access$802(com.github.alexcojocaru.mojo.elasticsearch.v2.InstanceConfiguration,java.util.Properties)":{
			"sig":"(Lcom/github/alexcojocaru/mojo/elasticsearch/v2/InstanceConfiguration;Ljava/util/Properties;)Ljava/util/Properties;",
			"args":"(com.github.alexcojocaru.mojo.elasticsearch.v2.InstanceConfiguration,java.util.Properties)",
			"isStatic":true,
			"isProtected":false,
			"name":"access$802",
			"isPublic":false,
			"isPrivate":false,
			"isFinal":false,
			"type":"define",
			"isAbstract":false,
			"rtType":"java.util.Properties"
		},
		"access$302(com.github.alexcojocaru.mojo.elasticsearch.v2.InstanceConfiguration,int)":{
			"sig":"(Lcom/github/alexcojocaru/mojo/elasticsearch/v2/InstanceConfiguration;I)I",
			"args":"(com.github.alexcojocaru.mojo.elasticsearch.v2.InstanceConfiguration,int)",
			"isStatic":true,
			"isProtected":false,
			"name":"access$302",
			"isPublic":false,
			"isPrivate":false,
			"isFinal":false,
			"type":"define",
			"isAbstract":false,
			"rtType":"int"
		},
		"getSettings()":{
			"sig":"()Ljava/util/Properties;",
			"args":"()",
			"isStatic":false,
			"isProtected":false,
			"name":"getSettings",
			"isPublic":true,
			"isPrivate":false,
			"isFinal":false,
			"type":"define",
			"isAbstract":false,
			"rtType":"java.util.Properties"
		}
	},
	"isPublic":true,
	"className":"com.github.alexcojocaru.mojo.elasticsearch.v2.InstanceConfiguration",
	"interNames":{},
	"isFinal":false,
	"isPrivate":false,
	"isAbstract":false,
	"isInterface":false,
	"superClassName":"java.lang.Object"
}