{
	"isProtected":false,
	"finishedSearch":false,
	"methods":{
		"<init>()":{
			"sig":"()V",
			"args":"()",
			"isStatic":false,
			"isProtected":false,
			"name":"<init>",
			"isPublic":true,
			"isPrivate":false,
			"isFinal":false,
			"type":"define",
			"isAbstract":false,
			"rtType":"void"
		},
		"execute(com.github.alexcojocaru.mojo.elasticsearch.v2.ClusterConfiguration)":{
			"sig":"(Lcom/github/alexcojocaru/mojo/elasticsearch/v2/ClusterConfiguration;)V",
			"args":"(com.github.alexcojocaru.mojo.elasticsearch.v2.ClusterConfiguration)",
			"isStatic":false,
			"isProtected":false,
			"name":"execute",
			"isPublic":true,
			"isPrivate":false,
			"isFinal":false,
			"type":"define",
			"isAbstract":false,
			"rtType":"void"
		}
	},
	"isPublic":true,
	"className":"com.github.alexcojocaru.mojo.elasticsearch.v2.step.ValidateInstanceCountStep",
	"interNames":{
		"com.github.alexcojocaru.mojo.elasticsearch.v2.step.ClusterStep":"true"
	},
	"isFinal":false,
	"isPrivate":false,
	"isAbstract":false,
	"isInterface":false,
	"superClassName":"java.lang.Object"
}