{
	"isProtected":false,
	"finishedSearch":false,
	"methods":{
		"run()":{
			"sig":"()V",
			"args":"()",
			"isStatic":false,
			"isProtected":false,
			"name":"run",
			"isPublic":true,
			"isPrivate":false,
			"isFinal":false,
			"type":"define",
			"isAbstract":false,
			"rtType":"void"
		},
		"lambda$getStartScriptCommand$0(com.github.alexcojocaru.mojo.elasticsearch.v2.InstanceConfiguration)":{
			"sig":"(Lcom/github/alexcojocaru/mojo/elasticsearch/v2/InstanceConfiguration;)Z",
			"args":"(com.github.alexcojocaru.mojo.elasticsearch.v2.InstanceConfiguration)",
			"isStatic":false,
			"isProtected":false,
			"name":"lambda$getStartScriptCommand$0",
			"isPublic":false,
			"isPrivate":true,
			"isFinal":false,
			"type":"define",
			"isAbstract":false,
			"rtType":"boolean"
		},
		"lambda$getStartScriptCommand$1(com.github.alexcojocaru.mojo.elasticsearch.v2.InstanceConfiguration)":{
			"sig":"(Lcom/github/alexcojocaru/mojo/elasticsearch/v2/InstanceConfiguration;)Ljava/lang/String;",
			"args":"(com.github.alexcojocaru.mojo.elasticsearch.v2.InstanceConfiguration)",
			"isStatic":true,
			"isProtected":false,
			"name":"lambda$getStartScriptCommand$1",
			"isPublic":false,
			"isPrivate":true,
			"isFinal":false,
			"type":"define",
			"isAbstract":false,
			"rtType":"java.lang.String"
		},
		"configureInstance()":{
			"sig":"()V",
			"args":"()",
			"isStatic":false,
			"isProtected":false,
			"name":"configureInstance",
			"isPublic":true,
			"isPrivate":false,
			"isFinal":false,
			"type":"define",
			"isAbstract":false,
			"rtType":"void"
		},
		"<init>(com.github.alexcojocaru.mojo.elasticsearch.v2.InstanceConfiguration)":{
			"sig":"(Lcom/github/alexcojocaru/mojo/elasticsearch/v2/InstanceConfiguration;)V",
			"args":"(com.github.alexcojocaru.mojo.elasticsearch.v2.InstanceConfiguration)",
			"isStatic":false,
			"isProtected":false,
			"name":"<init>",
			"isPublic":true,
			"isPrivate":false,
			"isFinal":false,
			"type":"define",
			"isAbstract":false,
			"rtType":"void"
		},
		"lambda$getStartScriptCommand$2(org.apache.commons.exec.CommandLine,java.lang.Object,java.lang.Object)":{
			"sig":"(Lorg/apache/commons/exec/CommandLine;Ljava/lang/Object;Ljava/lang/Object;)V",
			"args":"(org.apache.commons.exec.CommandLine,java.lang.Object,java.lang.Object)",
			"isStatic":true,
			"isProtected":false,
			"name":"lambda$getStartScriptCommand$2",
			"isPublic":false,
			"isPrivate":true,
			"isFinal":false,
			"type":"define",
			"isAbstract":false,
			"rtType":"void"
		},
		"getSetupSequence()":{
			"sig":"()Lcom/github/alexcojocaru/mojo/elasticsearch/v2/step/InstanceStepSequence;",
			"args":"()",
			"isStatic":false,
			"isProtected":false,
			"name":"getSetupSequence",
			"isPublic":false,
			"isPrivate":true,
			"isFinal":false,
			"type":"define",
			"isAbstract":false,
			"rtType":"com.github.alexcojocaru.mojo.elasticsearch.v2.step.InstanceStepSequence"
		},
		"getStartScriptCommand()":{
			"sig":"()Lorg/apache/commons/exec/CommandLine;",
			"args":"()",
			"isStatic":false,
			"isProtected":true,
			"name":"getStartScriptCommand",
			"isPublic":false,
			"isPrivate":false,
			"isFinal":false,
			"type":"define",
			"isAbstract":false,
			"rtType":"org.apache.commons.exec.CommandLine"
		}
	},
	"isPublic":true,
	"className":"com.github.alexcojocaru.mojo.elasticsearch.v2.ForkedInstance",
	"interNames":{
		"java.lang.Runnable":"true"
	},
	"isFinal":false,
	"isPrivate":false,
	"isAbstract":false,
	"isInterface":false,
	"superClassName":"java.lang.Object"
}