{
	"isProtected":false,
	"finishedSearch":false,
	"methods":{
		"add(com.github.alexcojocaru.mojo.elasticsearch.v2.step.InstanceStep)":{
			"sig":"(Lcom/github/alexcojocaru/mojo/elasticsearch/v2/step/InstanceStep;)V",
			"args":"(com.github.alexcojocaru.mojo.elasticsearch.v2.step.InstanceStep)",
			"isStatic":false,
			"isProtected":false,
			"name":"add",
			"isPublic":true,
			"isPrivate":false,
			"isFinal":false,
			"type":"define",
			"isAbstract":true,
			"rtType":"void"
		}
	},
	"isPublic":true,
	"className":"com.github.alexcojocaru.mojo.elasticsearch.v2.step.InstanceStepSequence",
	"interNames":{
		"com.github.alexcojocaru.mojo.elasticsearch.v2.step.InstanceStep":"true"
	},
	"isFinal":false,
	"isPrivate":false,
	"isAbstract":true,
	"isInterface":true,
	"superClassName":"java.lang.Object"
}