{
	"isProtected":false,
	"finishedSearch":false,
	"methods":{
		"<init>()":{
			"sig":"()V",
			"args":"()",
			"isStatic":false,
			"isProtected":false,
			"name":"<init>",
			"isPublic":true,
			"isPrivate":false,
			"isFinal":false,
			"type":"define",
			"isAbstract":false,
			"rtType":"void"
		}
	},
	"isPublic":true,
	"className":"com.github.alexcojocaru.mojo.elasticsearch.v2.step.PreStartClusterSequence",
	"interNames":{},
	"isFinal":false,
	"isPrivate":false,
	"isAbstract":false,
	"isInterface":false,
	"superClassName":"com.github.alexcojocaru.mojo.elasticsearch.v2.step.DefaultClusterStepSequence"
}