{
	"isProtected":false,
	"finishedSearch":false,
	"methods":{
		"withAutoCreateIndex(boolean)":{
			"sig":"(Z)Lcom/github/alexcojocaru/mojo/elasticsearch/v2/ClusterConfiguration$Builder;",
			"args":"(boolean)",
			"isStatic":false,
			"isProtected":false,
			"name":"withAutoCreateIndex",
			"isPublic":true,
			"isPrivate":false,
			"isFinal":false,
			"type":"define",
			"isAbstract":false,
			"rtType":"com.github.alexcojocaru.mojo.elasticsearch.v2.ClusterConfiguration$Builder"
		},
		"withFlavour(java.lang.String)":{
			"sig":"(Ljava/lang/String;)Lcom/github/alexcojocaru/mojo/elasticsearch/v2/ClusterConfiguration$Builder;",
			"args":"(java.lang.String)",
			"isStatic":false,
			"isProtected":false,
			"name":"withFlavour",
			"isPublic":true,
			"isPrivate":false,
			"isFinal":false,
			"type":"define",
			"isAbstract":false,
			"rtType":"com.github.alexcojocaru.mojo.elasticsearch.v2.ClusterConfiguration$Builder"
		},
		"withKeepExistingData(boolean)":{
			"sig":"(Z)Lcom/github/alexcojocaru/mojo/elasticsearch/v2/ClusterConfiguration$Builder;",
			"args":"(boolean)",
			"isStatic":false,
			"isProtected":false,
			"name":"withKeepExistingData",
			"isPublic":true,
			"isPrivate":false,
			"isFinal":false,
			"type":"define",
			"isAbstract":false,
			"rtType":"com.github.alexcojocaru.mojo.elasticsearch.v2.ClusterConfiguration$Builder"
		},
		"withLog(org.apache.maven.plugin.logging.Log)":{
			"sig":"(Lorg/apache/maven/plugin/logging/Log;)Lcom/github/alexcojocaru/mojo/elasticsearch/v2/ClusterConfiguration$Builder;",
			"args":"(org.apache.maven.plugin.logging.Log)",
			"isStatic":false,
			"isProtected":false,
			"name":"withLog",
			"isPublic":true,
			"isPrivate":false,
			"isFinal":false,
			"type":"define",
			"isAbstract":false,
			"rtType":"com.github.alexcojocaru.mojo.elasticsearch.v2.ClusterConfiguration$Builder"
		},
		"withClusterName(java.lang.String)":{
			"sig":"(Ljava/lang/String;)Lcom/github/alexcojocaru/mojo/elasticsearch/v2/ClusterConfiguration$Builder;",
			"args":"(java.lang.String)",
			"isStatic":false,
			"isProtected":false,
			"name":"withClusterName",
			"isPublic":true,
			"isPrivate":false,
			"isFinal":false,
			"type":"define",
			"isAbstract":false,
			"rtType":"com.github.alexcojocaru.mojo.elasticsearch.v2.ClusterConfiguration$Builder"
		},
		"withClientSocketTimeout(int)":{
			"sig":"(I)Lcom/github/alexcojocaru/mojo/elasticsearch/v2/ClusterConfiguration$Builder;",
			"args":"(int)",
			"isStatic":false,
			"isProtected":false,
			"name":"withClientSocketTimeout",
			"isPublic":true,
			"isPrivate":false,
			"isFinal":false,
			"type":"define",
			"isAbstract":false,
			"rtType":"com.github.alexcojocaru.mojo.elasticsearch.v2.ClusterConfiguration$Builder"
		},
		"build()":{
			"sig":"()Lcom/github/alexcojocaru/mojo/elasticsearch/v2/ClusterConfiguration;",
			"args":"()",
			"isStatic":false,
			"isProtected":false,
			"name":"build",
			"isPublic":true,
			"isPrivate":false,
			"isFinal":false,
			"type":"define",
			"isAbstract":false,
			"rtType":"com.github.alexcojocaru.mojo.elasticsearch.v2.ClusterConfiguration"
		},
		"addInstanceConfiguration(com.github.alexcojocaru.mojo.elasticsearch.v2.InstanceConfiguration)":{
			"sig":"(Lcom/github/alexcojocaru/mojo/elasticsearch/v2/InstanceConfiguration;)Lcom/github/alexcojocaru/mojo/elasticsearch/v2/ClusterConfiguration$Builder;",
			"args":"(com.github.alexcojocaru.mojo.elasticsearch.v2.InstanceConfiguration)",
			"isStatic":false,
			"isProtected":false,
			"name":"addInstanceConfiguration",
			"isPublic":true,
			"isPrivate":false,
			"isFinal":false,
			"type":"define",
			"isAbstract":false,
			"rtType":"com.github.alexcojocaru.mojo.elasticsearch.v2.ClusterConfiguration$Builder"
		},
		"withArtifactInstaller(com.github.alexcojocaru.mojo.elasticsearch.v2.configuration.PluginArtifactInstaller)":{
			"sig":"(Lcom/github/alexcojocaru/mojo/elasticsearch/v2/configuration/PluginArtifactInstaller;)Lcom/github/alexcojocaru/mojo/elasticsearch/v2/ClusterConfiguration$Builder;",
			"args":"(com.github.alexcojocaru.mojo.elasticsearch.v2.configuration.PluginArtifactInstaller)",
			"isStatic":false,
			"isProtected":false,
			"name":"withArtifactInstaller",
			"isPublic":true,
			"isPrivate":false,
			"isFinal":false,
			"type":"define",
			"isAbstract":false,
			"rtType":"com.github.alexcojocaru.mojo.elasticsearch.v2.ClusterConfiguration$Builder"
		},
		"withPathInitScript(java.lang.String)":{
			"sig":"(Ljava/lang/String;)Lcom/github/alexcojocaru/mojo/elasticsearch/v2/ClusterConfiguration$Builder;",
			"args":"(java.lang.String)",
			"isStatic":false,
			"isProtected":false,
			"name":"withPathInitScript",
			"isPublic":true,
			"isPrivate":false,
			"isFinal":false,
			"type":"define",
			"isAbstract":false,
			"rtType":"com.github.alexcojocaru.mojo.elasticsearch.v2.ClusterConfiguration$Builder"
		},
		"withTimeout(int)":{
			"sig":"(I)Lcom/github/alexcojocaru/mojo/elasticsearch/v2/ClusterConfiguration$Builder;",
			"args":"(int)",
			"isStatic":false,
			"isProtected":false,
			"name":"withTimeout",
			"isPublic":true,
			"isPrivate":false,
			"isFinal":false,
			"type":"define",
			"isAbstract":false,
			"rtType":"com.github.alexcojocaru.mojo.elasticsearch.v2.ClusterConfiguration$Builder"
		},
		"withSetAwait(boolean)":{
			"sig":"(Z)Lcom/github/alexcojocaru/mojo/elasticsearch/v2/ClusterConfiguration$Builder;",
			"args":"(boolean)",
			"isStatic":false,
			"isProtected":false,
			"name":"withSetAwait",
			"isPublic":true,
			"isPrivate":false,
			"isFinal":false,
			"type":"define",
			"isAbstract":false,
			"rtType":"com.github.alexcojocaru.mojo.elasticsearch.v2.ClusterConfiguration$Builder"
		},
		"<init>()":{
			"sig":"()V",
			"args":"()",
			"isStatic":false,
			"isProtected":false,
			"name":"<init>",
			"isPublic":true,
			"isPrivate":false,
			"isFinal":false,
			"type":"define",
			"isAbstract":false,
			"rtType":"void"
		},
		"lambda$build$0(com.github.alexcojocaru.mojo.elasticsearch.v2.ClusterConfiguration,com.github.alexcojocaru.mojo.elasticsearch.v2.InstanceConfiguration)":{
			"sig":"(Lcom/github/alexcojocaru/mojo/elasticsearch/v2/ClusterConfiguration;Lcom/github/alexcojocaru/mojo/elasticsearch/v2/InstanceConfiguration;)V",
			"args":"(com.github.alexcojocaru.mojo.elasticsearch.v2.ClusterConfiguration,com.github.alexcojocaru.mojo.elasticsearch.v2.InstanceConfiguration)",
			"isStatic":true,
			"isProtected":false,
			"name":"lambda$build$0",
			"isPublic":false,
			"isPrivate":true,
			"isFinal":false,
			"type":"define",
			"isAbstract":false,
			"rtType":"void"
		},
		"withElasticsearchPlugins(java.util.List)":{
			"sig":"(Ljava/util/List;)Lcom/github/alexcojocaru/mojo/elasticsearch/v2/ClusterConfiguration$Builder;",
			"args":"(java.util.List)",
			"isStatic":false,
			"isProtected":false,
			"name":"withElasticsearchPlugins",
			"isPublic":true,
			"isPrivate":false,
			"isFinal":false,
			"type":"define",
			"isAbstract":false,
			"rtType":"com.github.alexcojocaru.mojo.elasticsearch.v2.ClusterConfiguration$Builder"
		},
		"withVersion(java.lang.String)":{
			"sig":"(Ljava/lang/String;)Lcom/github/alexcojocaru/mojo/elasticsearch/v2/ClusterConfiguration$Builder;",
			"args":"(java.lang.String)",
			"isStatic":false,
			"isProtected":false,
			"name":"withVersion",
			"isPublic":true,
			"isPrivate":false,
			"isFinal":false,
			"type":"define",
			"isAbstract":false,
			"rtType":"com.github.alexcojocaru.mojo.elasticsearch.v2.ClusterConfiguration$Builder"
		},
		"withArtifactResolver(com.github.alexcojocaru.mojo.elasticsearch.v2.configuration.PluginArtifactResolver)":{
			"sig":"(Lcom/github/alexcojocaru/mojo/elasticsearch/v2/configuration/PluginArtifactResolver;)Lcom/github/alexcojocaru/mojo/elasticsearch/v2/ClusterConfiguration$Builder;",
			"args":"(com.github.alexcojocaru.mojo.elasticsearch.v2.configuration.PluginArtifactResolver)",
			"isStatic":false,
			"isProtected":false,
			"name":"withArtifactResolver",
			"isPublic":true,
			"isPrivate":false,
			"isFinal":false,
			"type":"define",
			"isAbstract":false,
			"rtType":"com.github.alexcojocaru.mojo.elasticsearch.v2.ClusterConfiguration$Builder"
		},
		"withDownloadUrl(java.lang.String)":{
			"sig":"(Ljava/lang/String;)Lcom/github/alexcojocaru/mojo/elasticsearch/v2/ClusterConfiguration$Builder;",
			"args":"(java.lang.String)",
			"isStatic":false,
			"isProtected":false,
			"name":"withDownloadUrl",
			"isPublic":true,
			"isPrivate":false,
			"isFinal":false,
			"type":"define",
			"isAbstract":false,
			"rtType":"com.github.alexcojocaru.mojo.elasticsearch.v2.ClusterConfiguration$Builder"
		},
		"withPathConf(java.lang.String)":{
			"sig":"(Ljava/lang/String;)Lcom/github/alexcojocaru/mojo/elasticsearch/v2/ClusterConfiguration$Builder;",
			"args":"(java.lang.String)",
			"isStatic":false,
			"isProtected":false,
			"name":"withPathConf",
			"isPublic":true,
			"isPrivate":false,
			"isFinal":false,
			"type":"define",
			"isAbstract":false,
			"rtType":"com.github.alexcojocaru.mojo.elasticsearch.v2.ClusterConfiguration$Builder"
		}
	},
	"isPublic":true,
	"className":"com.github.alexcojocaru.mojo.elasticsearch.v2.ClusterConfiguration$Builder",
	"interNames":{},
	"isFinal":false,
	"isPrivate":false,
	"isAbstract":false,
	"isInterface":false,
	"superClassName":"java.lang.Object"
}