{
	"isProtected":false,
	"finishedSearch":false,
	"methods":{
		"installArtifact(java.lang.String,java.lang.String,java.lang.String,java.lang.String,java.lang.String,java.io.File)":{
			"sig":"(Ljava/lang/String;Ljava/lang/String;Ljava/lang/String;Ljava/lang/String;Ljava/lang/String;Ljava/io/File;)V",
			"args":"(java.lang.String,java.lang.String,java.lang.String,java.lang.String,java.lang.String,java.io.File)",
			"isStatic":false,
			"isProtected":false,
			"name":"installArtifact",
			"isPublic":true,
			"isPrivate":false,
			"isFinal":false,
			"type":"define",
			"isAbstract":true,
			"rtType":"void"
		}
	},
	"isPublic":true,
	"className":"com.github.alexcojocaru.mojo.elasticsearch.v2.configuration.PluginArtifactInstaller",
	"interNames":{},
	"isFinal":false,
	"isPrivate":false,
	"isAbstract":true,
	"isInterface":true,
	"superClassName":"java.lang.Object"
}