{
	"isProtected":false,
	"finishedSearch":false,
	"methods":{
		"lambda$execute$0(com.github.alexcojocaru.mojo.elasticsearch.v2.ClusterConfiguration,com.github.alexcojocaru.mojo.elasticsearch.v2.step.ClusterStep)":{
			"sig":"(Lcom/github/alexcojocaru/mojo/elasticsearch/v2/ClusterConfiguration;Lcom/github/alexcojocaru/mojo/elasticsearch/v2/step/ClusterStep;)V",
			"args":"(com.github.alexcojocaru.mojo.elasticsearch.v2.ClusterConfiguration,com.github.alexcojocaru.mojo.elasticsearch.v2.step.ClusterStep)",
			"isStatic":true,
			"isProtected":false,
			"name":"lambda$execute$0",
			"isPublic":false,
			"isPrivate":true,
			"isFinal":false,
			"type":"define",
			"isAbstract":false,
			"rtType":"void"
		},
		"<init>()":{
			"sig":"()V",
			"args":"()",
			"isStatic":false,
			"isProtected":false,
			"name":"<init>",
			"isPublic":true,
			"isPrivate":false,
			"isFinal":false,
			"type":"define",
			"isAbstract":false,
			"rtType":"void"
		},
		"execute(com.github.alexcojocaru.mojo.elasticsearch.v2.ClusterConfiguration)":{
			"sig":"(Lcom/github/alexcojocaru/mojo/elasticsearch/v2/ClusterConfiguration;)V",
			"args":"(com.github.alexcojocaru.mojo.elasticsearch.v2.ClusterConfiguration)",
			"isStatic":false,
			"isProtected":false,
			"name":"execute",
			"isPublic":true,
			"isPrivate":false,
			"isFinal":false,
			"type":"define",
			"isAbstract":false,
			"rtType":"void"
		},
		"add(com.github.alexcojocaru.mojo.elasticsearch.v2.step.ClusterStep)":{
			"sig":"(Lcom/github/alexcojocaru/mojo/elasticsearch/v2/step/ClusterStep;)V",
			"args":"(com.github.alexcojocaru.mojo.elasticsearch.v2.step.ClusterStep)",
			"isStatic":false,
			"isProtected":false,
			"name":"add",
			"isPublic":true,
			"isPrivate":false,
			"isFinal":false,
			"type":"define",
			"isAbstract":false,
			"rtType":"void"
		}
	},
	"isPublic":true,
	"className":"com.github.alexcojocaru.mojo.elasticsearch.v2.step.DefaultClusterStepSequence",
	"interNames":{
		"com.github.alexcojocaru.mojo.elasticsearch.v2.step.ClusterStepSequence":"true"
	},
	"isFinal":false,
	"isPrivate":false,
	"isAbstract":false,
	"isInterface":false,
	"superClassName":"java.lang.Object"
}