{
	"isProtected":false,
	"finishedSearch":false,
	"methods":{
		"getLog()":{
			"sig":"()Lorg/apache/maven/plugin/logging/Log;",
			"args":"()",
			"isStatic":false,
			"isProtected":false,
			"name":"getLog",
			"isPublic":true,
			"isPrivate":false,
			"isFinal":false,
			"type":"define",
			"isAbstract":false,
			"rtType":"org.apache.maven.plugin.logging.Log"
		},
		"isKeepExistingData()":{
			"sig":"()Z",
			"args":"()",
			"isStatic":false,
			"isProtected":false,
			"name":"isKeepExistingData",
			"isPublic":true,
			"isPrivate":false,
			"isFinal":false,
			"type":"define",
			"isAbstract":false,
			"rtType":"boolean"
		},
		"getTimeout()":{
			"sig":"()I",
			"args":"()",
			"isStatic":false,
			"isProtected":false,
			"name":"getTimeout",
			"isPublic":true,
			"isPrivate":false,
			"isFinal":false,
			"type":"define",
			"isAbstract":false,
			"rtType":"int"
		},
		"getPathInitScript()":{
			"sig":"()Ljava/lang/String;",
			"args":"()",
			"isStatic":false,
			"isProtected":false,
			"name":"getPathInitScript",
			"isPublic":true,
			"isPrivate":false,
			"isFinal":false,
			"type":"define",
			"isAbstract":false,
			"rtType":"java.lang.String"
		},
		"access$902(com.github.alexcojocaru.mojo.elasticsearch.v2.ClusterConfiguration,int)":{
			"sig":"(Lcom/github/alexcojocaru/mojo/elasticsearch/v2/ClusterConfiguration;I)I",
			"args":"(com.github.alexcojocaru.mojo.elasticsearch.v2.ClusterConfiguration,int)",
			"isStatic":true,
			"isProtected":false,
			"name":"access$902",
			"isPublic":false,
			"isPrivate":false,
			"isFinal":false,
			"type":"define",
			"isAbstract":false,
			"rtType":"int"
		},
		"access$1102(com.github.alexcojocaru.mojo.elasticsearch.v2.ClusterConfiguration,boolean)":{
			"sig":"(Lcom/github/alexcojocaru/mojo/elasticsearch/v2/ClusterConfiguration;Z)Z",
			"args":"(com.github.alexcojocaru.mojo.elasticsearch.v2.ClusterConfiguration,boolean)",
			"isStatic":true,
			"isProtected":false,
			"name":"access$1102",
			"isPublic":false,
			"isPrivate":false,
			"isFinal":false,
			"type":"define",
			"isAbstract":false,
			"rtType":"boolean"
		},
		"isAutoCreateIndex()":{
			"sig":"()Z",
			"args":"()",
			"isStatic":false,
			"isProtected":false,
			"name":"isAutoCreateIndex",
			"isPublic":true,
			"isPrivate":false,
			"isFinal":false,
			"type":"define",
			"isAbstract":false,
			"rtType":"boolean"
		},
		"getArtifactResolver()":{
			"sig":"()Lcom/github/alexcojocaru/mojo/elasticsearch/v2/configuration/PluginArtifactResolver;",
			"args":"()",
			"isStatic":false,
			"isProtected":false,
			"name":"getArtifactResolver",
			"isPublic":true,
			"isPrivate":false,
			"isFinal":false,
			"type":"define",
			"isAbstract":false,
			"rtType":"com.github.alexcojocaru.mojo.elasticsearch.v2.configuration.PluginArtifactResolver"
		},
		"isSetAwait()":{
			"sig":"()Z",
			"args":"()",
			"isStatic":false,
			"isProtected":false,
			"name":"isSetAwait",
			"isPublic":true,
			"isPrivate":false,
			"isFinal":false,
			"type":"define",
			"isAbstract":false,
			"rtType":"boolean"
		},
		"access$602(com.github.alexcojocaru.mojo.elasticsearch.v2.ClusterConfiguration,java.lang.String)":{
			"sig":"(Lcom/github/alexcojocaru/mojo/elasticsearch/v2/ClusterConfiguration;Ljava/lang/String;)Ljava/lang/String;",
			"args":"(com.github.alexcojocaru.mojo.elasticsearch.v2.ClusterConfiguration,java.lang.String)",
			"isStatic":true,
			"isProtected":false,
			"name":"access$602",
			"isPublic":false,
			"isPrivate":false,
			"isFinal":false,
			"type":"define",
			"isAbstract":false,
			"rtType":"java.lang.String"
		},
		"getInstanceConfigurationList()":{
			"sig":"()Ljava/util/List;",
			"args":"()",
			"isStatic":false,
			"isProtected":false,
			"name":"getInstanceConfigurationList",
			"isPublic":true,
			"isPrivate":false,
			"isFinal":false,
			"type":"define",
			"isAbstract":false,
			"rtType":"java.util.List"
		},
		"getPathConf()":{
			"sig":"()Ljava/lang/String;",
			"args":"()",
			"isStatic":false,
			"isProtected":false,
			"name":"getPathConf",
			"isPublic":true,
			"isPrivate":false,
			"isFinal":false,
			"type":"define",
			"isAbstract":false,
			"rtType":"java.lang.String"
		},
		"toString()":{
			"sig":"()Ljava/lang/String;",
			"args":"()",
			"isStatic":false,
			"isProtected":false,
			"name":"toString",
			"isPublic":true,
			"isPrivate":false,
			"isFinal":false,
			"type":"define",
			"isAbstract":false,
			"rtType":"java.lang.String"
		},
		"getFlavour()":{
			"sig":"()Ljava/lang/String;",
			"args":"()",
			"isStatic":false,
			"isProtected":false,
			"name":"getFlavour",
			"isPublic":true,
			"isPrivate":false,
			"isFinal":false,
			"type":"define",
			"isAbstract":false,
			"rtType":"java.lang.String"
		},
		"access$402(com.github.alexcojocaru.mojo.elasticsearch.v2.ClusterConfiguration,java.lang.String)":{
			"sig":"(Lcom/github/alexcojocaru/mojo/elasticsearch/v2/ClusterConfiguration;Ljava/lang/String;)Ljava/lang/String;",
			"args":"(com.github.alexcojocaru.mojo.elasticsearch.v2.ClusterConfiguration,java.lang.String)",
			"isStatic":true,
			"isProtected":false,
			"name":"access$402",
			"isPublic":false,
			"isPrivate":false,
			"isFinal":false,
			"type":"define",
			"isAbstract":false,
			"rtType":"java.lang.String"
		},
		"getDownloadUrl()":{
			"sig":"()Ljava/lang/String;",
			"args":"()",
			"isStatic":false,
			"isProtected":false,
			"name":"getDownloadUrl",
			"isPublic":true,
			"isPrivate":false,
			"isFinal":false,
			"type":"define",
			"isAbstract":false,
			"rtType":"java.lang.String"
		},
		"access$802(com.github.alexcojocaru.mojo.elasticsearch.v2.ClusterConfiguration,int)":{
			"sig":"(Lcom/github/alexcojocaru/mojo/elasticsearch/v2/ClusterConfiguration;I)I",
			"args":"(com.github.alexcojocaru.mojo.elasticsearch.v2.ClusterConfiguration,int)",
			"isStatic":true,
			"isProtected":false,
			"name":"access$802",
			"isPublic":false,
			"isPrivate":false,
			"isFinal":false,
			"type":"define",
			"isAbstract":false,
			"rtType":"int"
		},
		"getVersion()":{
			"sig":"()Ljava/lang/String;",
			"args":"()",
			"isStatic":false,
			"isProtected":false,
			"name":"getVersion",
			"isPublic":true,
			"isPrivate":false,
			"isFinal":false,
			"type":"define",
			"isAbstract":false,
			"rtType":"java.lang.String"
		},
		"access$302(com.github.alexcojocaru.mojo.elasticsearch.v2.ClusterConfiguration,java.lang.String)":{
			"sig":"(Lcom/github/alexcojocaru/mojo/elasticsearch/v2/ClusterConfiguration;Ljava/lang/String;)Ljava/lang/String;",
			"args":"(com.github.alexcojocaru.mojo.elasticsearch.v2.ClusterConfiguration,java.lang.String)",
			"isStatic":true,
			"isProtected":false,
			"name":"access$302",
			"isPublic":false,
			"isPrivate":false,
			"isFinal":false,
			"type":"define",
			"isAbstract":false,
			"rtType":"java.lang.String"
		},
		"getClientSocketTimeout()":{
			"sig":"()I",
			"args":"()",
			"isStatic":false,
			"isProtected":false,
			"name":"getClientSocketTimeout",
			"isPublic":true,
			"isPrivate":false,
			"isFinal":false,
			"type":"define",
			"isAbstract":false,
			"rtType":"int"
		},
		"access$202(com.github.alexcojocaru.mojo.elasticsearch.v2.ClusterConfiguration,java.lang.String)":{
			"sig":"(Lcom/github/alexcojocaru/mojo/elasticsearch/v2/ClusterConfiguration;Ljava/lang/String;)Ljava/lang/String;",
			"args":"(com.github.alexcojocaru.mojo.elasticsearch.v2.ClusterConfiguration,java.lang.String)",
			"isStatic":true,
			"isProtected":false,
			"name":"access$202",
			"isPublic":false,
			"isPrivate":false,
			"isFinal":false,
			"type":"define",
			"isAbstract":false,
			"rtType":"java.lang.String"
		},
		"access$1002(com.github.alexcojocaru.mojo.elasticsearch.v2.ClusterConfiguration,boolean)":{
			"sig":"(Lcom/github/alexcojocaru/mojo/elasticsearch/v2/ClusterConfiguration;Z)Z",
			"args":"(com.github.alexcojocaru.mojo.elasticsearch.v2.ClusterConfiguration,boolean)",
			"isStatic":true,
			"isProtected":false,
			"name":"access$1002",
			"isPublic":false,
			"isPrivate":false,
			"isFinal":false,
			"type":"define",
			"isAbstract":false,
			"rtType":"boolean"
		},
		"getClusterName()":{
			"sig":"()Ljava/lang/String;",
			"args":"()",
			"isStatic":false,
			"isProtected":false,
			"name":"getClusterName",
			"isPublic":true,
			"isPrivate":false,
			"isFinal":false,
			"type":"define",
			"isAbstract":false,
			"rtType":"java.lang.String"
		},
		"access$502(com.github.alexcojocaru.mojo.elasticsearch.v2.ClusterConfiguration,java.util.List)":{
			"sig":"(Lcom/github/alexcojocaru/mojo/elasticsearch/v2/ClusterConfiguration;Ljava/util/List;)Ljava/util/List;",
			"args":"(com.github.alexcojocaru.mojo.elasticsearch.v2.ClusterConfiguration,java.util.List)",
			"isStatic":true,
			"isProtected":false,
			"name":"access$502",
			"isPublic":false,
			"isPrivate":false,
			"isFinal":false,
			"type":"define",
			"isAbstract":false,
			"rtType":"java.util.List"
		},
		"access$102(com.github.alexcojocaru.mojo.elasticsearch.v2.ClusterConfiguration,java.lang.String)":{
			"sig":"(Lcom/github/alexcojocaru/mojo/elasticsearch/v2/ClusterConfiguration;Ljava/lang/String;)Ljava/lang/String;",
			"args":"(com.github.alexcojocaru.mojo.elasticsearch.v2.ClusterConfiguration,java.lang.String)",
			"isStatic":true,
			"isProtected":false,
			"name":"access$102",
			"isPublic":false,
			"isPrivate":false,
			"isFinal":false,
			"type":"define",
			"isAbstract":false,
			"rtType":"java.lang.String"
		},
		"getArtifactInstaller()":{
			"sig":"()Lcom/github/alexcojocaru/mojo/elasticsearch/v2/configuration/PluginArtifactInstaller;",
			"args":"()",
			"isStatic":false,
			"isProtected":false,
			"name":"getArtifactInstaller",
			"isPublic":true,
			"isPrivate":false,
			"isFinal":false,
			"type":"define",
			"isAbstract":false,
			"rtType":"com.github.alexcojocaru.mojo.elasticsearch.v2.configuration.PluginArtifactInstaller"
		},
		"access$702(com.github.alexcojocaru.mojo.elasticsearch.v2.ClusterConfiguration,boolean)":{
			"sig":"(Lcom/github/alexcojocaru/mojo/elasticsearch/v2/ClusterConfiguration;Z)Z",
			"args":"(com.github.alexcojocaru.mojo.elasticsearch.v2.ClusterConfiguration,boolean)",
			"isStatic":true,
			"isProtected":false,
			"name":"access$702",
			"isPublic":false,
			"isPrivate":false,
			"isFinal":false,
			"type":"define",
			"isAbstract":false,
			"rtType":"boolean"
		},
		"access$002(com.github.alexcojocaru.mojo.elasticsearch.v2.ClusterConfiguration,java.lang.String)":{
			"sig":"(Lcom/github/alexcojocaru/mojo/elasticsearch/v2/ClusterConfiguration;Ljava/lang/String;)Ljava/lang/String;",
			"args":"(com.github.alexcojocaru.mojo.elasticsearch.v2.ClusterConfiguration,java.lang.String)",
			"isStatic":true,
			"isProtected":false,
			"name":"access$002",
			"isPublic":false,
			"isPrivate":false,
			"isFinal":false,
			"type":"define",
			"isAbstract":false,
			"rtType":"java.lang.String"
		},
		"<init>(java.util.List,com.github.alexcojocaru.mojo.elasticsearch.v2.configuration.PluginArtifactResolver,com.github.alexcojocaru.mojo.elasticsearch.v2.configuration.PluginArtifactInstaller,org.apache.maven.plugin.logging.Log)":{
			"sig":"(Ljava/util/List;Lcom/github/alexcojocaru/mojo/elasticsearch/v2/configuration/PluginArtifactResolver;Lcom/github/alexcojocaru/mojo/elasticsearch/v2/configuration/PluginArtifactInstaller;Lorg/apache/maven/plugin/logging/Log;)V",
			"args":"(java.util.List,com.github.alexcojocaru.mojo.elasticsearch.v2.configuration.PluginArtifactResolver,com.github.alexcojocaru.mojo.elasticsearch.v2.configuration.PluginArtifactInstaller,org.apache.maven.plugin.logging.Log)",
			"isStatic":false,
			"isProtected":false,
			"name":"<init>",
			"isPublic":true,
			"isPrivate":false,
			"isFinal":false,
			"type":"define",
			"isAbstract":false,
			"rtType":"void"
		},
		"getPlugins()":{
			"sig":"()Ljava/util/List;",
			"args":"()",
			"isStatic":false,
			"isProtected":false,
			"name":"getPlugins",
			"isPublic":true,
			"isPrivate":false,
			"isFinal":false,
			"type":"define",
			"isAbstract":false,
			"rtType":"java.util.List"
		}
	},
	"isPublic":true,
	"className":"com.github.alexcojocaru.mojo.elasticsearch.v2.ClusterConfiguration",
	"interNames":{},
	"isFinal":false,
	"isPrivate":false,
	"isAbstract":false,
	"isInterface":false,
	"superClassName":"java.lang.Object"
}