{
	"isProtected":false,
	"finishedSearch":false,
	"methods":{
		"add(java.lang.Process)":{
			"sig":"(Ljava/lang/Process;)Z",
			"args":"(java.lang.Process)",
			"isStatic":false,
			"isProtected":false,
			"name":"add",
			"isPublic":true,
			"isPrivate":false,
			"isFinal":false,
			"type":"define",
			"isAbstract":false,
			"rtType":"boolean"
		},
		"remove(java.lang.Process)":{
			"sig":"(Ljava/lang/Process;)Z",
			"args":"(java.lang.Process)",
			"isStatic":false,
			"isProtected":false,
			"name":"remove",
			"isPublic":true,
			"isPrivate":false,
			"isFinal":false,
			"type":"define",
			"isAbstract":false,
			"rtType":"boolean"
		},
		"<init>(com.github.alexcojocaru.mojo.elasticsearch.v2.InstanceConfiguration)":{
			"sig":"(Lcom/github/alexcojocaru/mojo/elasticsearch/v2/InstanceConfiguration;)V",
			"args":"(com.github.alexcojocaru.mojo.elasticsearch.v2.InstanceConfiguration)",
			"isStatic":false,
			"isProtected":false,
			"name":"<init>",
			"isPublic":true,
			"isPrivate":false,
			"isFinal":false,
			"type":"define",
			"isAbstract":false,
			"rtType":"void"
		},
		"terminateWindowsProcess(com.github.alexcojocaru.mojo.elasticsearch.v2.InstanceConfiguration)":{
			"sig":"(Lcom/github/alexcojocaru/mojo/elasticsearch/v2/InstanceConfiguration;)V",
			"args":"(com.github.alexcojocaru.mojo.elasticsearch.v2.InstanceConfiguration)",
			"isStatic":false,
			"isProtected":false,
			"name":"terminateWindowsProcess",
			"isPublic":false,
			"isPrivate":true,
			"isFinal":false,
			"type":"define",
			"isAbstract":false,
			"rtType":"void"
		},
		"terminateProcess(com.github.alexcojocaru.mojo.elasticsearch.v2.InstanceConfiguration)":{
			"sig":"(Lcom/github/alexcojocaru/mojo/elasticsearch/v2/InstanceConfiguration;)V",
			"args":"(com.github.alexcojocaru.mojo.elasticsearch.v2.InstanceConfiguration)",
			"isStatic":false,
			"isProtected":false,
			"name":"terminateProcess",
			"isPublic":false,
			"isPrivate":true,
			"isFinal":false,
			"type":"define",
			"isAbstract":false,
			"rtType":"void"
		},
		"access$000(com.github.alexcojocaru.mojo.elasticsearch.v2.ForkedElasticsearchProcessDestroyer,com.github.alexcojocaru.mojo.elasticsearch.v2.InstanceConfiguration)":{
			"sig":"(Lcom/github/alexcojocaru/mojo/elasticsearch/v2/ForkedElasticsearchProcessDestroyer;Lcom/github/alexcojocaru/mojo/elasticsearch/v2/InstanceConfiguration;)V",
			"args":"(com.github.alexcojocaru.mojo.elasticsearch.v2.ForkedElasticsearchProcessDestroyer,com.github.alexcojocaru.mojo.elasticsearch.v2.InstanceConfiguration)",
			"isStatic":true,
			"isProtected":false,
			"name":"access$000",
			"isPublic":false,
			"isPrivate":false,
			"isFinal":false,
			"type":"define",
			"isAbstract":false,
			"rtType":"void"
		},
		"size()":{
			"sig":"()I",
			"args":"()",
			"isStatic":false,
			"isProtected":false,
			"name":"size",
			"isPublic":true,
			"isPrivate":false,
			"isFinal":false,
			"type":"define",
			"isAbstract":false,
			"rtType":"int"
		},
		"terminateUnixProcess(com.github.alexcojocaru.mojo.elasticsearch.v2.InstanceConfiguration)":{
			"sig":"(Lcom/github/alexcojocaru/mojo/elasticsearch/v2/InstanceConfiguration;)V",
			"args":"(com.github.alexcojocaru.mojo.elasticsearch.v2.InstanceConfiguration)",
			"isStatic":false,
			"isProtected":false,
			"name":"terminateUnixProcess",
			"isPublic":false,
			"isPrivate":true,
			"isFinal":false,
			"type":"define",
			"isAbstract":false,
			"rtType":"void"
		}
	},
	"isPublic":true,
	"className":"com.github.alexcojocaru.mojo.elasticsearch.v2.ForkedElasticsearchProcessDestroyer",
	"interNames":{
		"org.apache.commons.exec.ProcessDestroyer":"true"
	},
	"isFinal":false,
	"isPrivate":false,
	"isAbstract":false,
	"isInterface":false,
	"superClassName":"java.lang.Object"
}