{
	"isProtected":false,
	"finishedSearch":false,
	"methods":{
		"getBaseDir()":{
			"sig":"()Ljava/io/File;",
			"args":"()",
			"isStatic":false,
			"isProtected":false,
			"name":"getBaseDir",
			"isPublic":true,
			"isPrivate":false,
			"isFinal":false,
			"type":"define",
			"isAbstract":true,
			"rtType":"java.io.File"
		},
		"buildArtifactResolver()":{
			"sig":"()Lcom/github/alexcojocaru/mojo/elasticsearch/v2/configuration/PluginArtifactResolver;",
			"args":"()",
			"isStatic":false,
			"isProtected":false,
			"name":"buildArtifactResolver",
			"isPublic":true,
			"isPrivate":false,
			"isFinal":false,
			"type":"define",
			"isAbstract":true,
			"rtType":"com.github.alexcojocaru.mojo.elasticsearch.v2.configuration.PluginArtifactResolver"
		},
		"getLogLevel()":{
			"sig":"()Ljava/lang/String;",
			"args":"()",
			"isStatic":false,
			"isProtected":false,
			"name":"getLogLevel",
			"isPublic":true,
			"isPrivate":false,
			"isFinal":false,
			"type":"define",
			"isAbstract":true,
			"rtType":"java.lang.String"
		},
		"isSkip()":{
			"sig":"()Z",
			"args":"()",
			"isStatic":false,
			"isProtected":false,
			"name":"isSkip",
			"isPublic":true,
			"isPrivate":false,
			"isFinal":false,
			"type":"define",
			"isAbstract":true,
			"rtType":"boolean"
		},
		"buildClusterConfiguration()":{
			"sig":"()Lcom/github/alexcojocaru/mojo/elasticsearch/v2/ClusterConfiguration;",
			"args":"()",
			"isStatic":false,
			"isProtected":false,
			"name":"buildClusterConfiguration",
			"isPublic":true,
			"isPrivate":false,
			"isFinal":false,
			"type":"define",
			"isAbstract":true,
			"rtType":"com.github.alexcojocaru.mojo.elasticsearch.v2.ClusterConfiguration"
		},
		"getLog()":{
			"sig":"()Lorg/apache/maven/plugin/logging/Log;",
			"args":"()",
			"isStatic":false,
			"isProtected":false,
			"name":"getLog",
			"isPublic":true,
			"isPrivate":false,
			"isFinal":false,
			"type":"define",
			"isAbstract":true,
			"rtType":"org.apache.maven.plugin.logging.Log"
		},
		"getInstanceCount()":{
			"sig":"()I",
			"args":"()",
			"isStatic":false,
			"isProtected":false,
			"name":"getInstanceCount",
			"isPublic":true,
			"isPrivate":false,
			"isFinal":false,
			"type":"define",
			"isAbstract":true,
			"rtType":"int"
		}
	},
	"isPublic":true,
	"className":"com.github.alexcojocaru.mojo.elasticsearch.v2.configuration.ElasticsearchBaseConfiguration",
	"interNames":{},
	"isFinal":false,
	"isPrivate":false,
	"isAbstract":true,
	"isInterface":true,
	"superClassName":"java.lang.Object"
}