{
	"isProtected":false,
	"finishedSearch":false,
	"methods":{
		"post(java.lang.String,java.lang.String,java.lang.Class)":{
			"sig":"(Ljava/lang/String;Ljava/lang/String;Ljava/lang/Class;)Ljava/lang/Object;",
			"args":"(java.lang.String,java.lang.String,java.lang.Class)",
			"isStatic":false,
			"isProtected":false,
			"name":"post",
			"isPublic":true,
			"isPrivate":false,
			"isFinal":false,
			"type":"define",
			"isAbstract":false,
			"rtType":"java.lang.Object"
		},
		"delete(java.lang.String)":{
			"sig":"(Ljava/lang/String;)V",
			"args":"(java.lang.String)",
			"isStatic":false,
			"isProtected":false,
			"name":"delete",
			"isPublic":true,
			"isPrivate":false,
			"isFinal":false,
			"type":"define",
			"isAbstract":false,
			"rtType":"void"
		},
		"get(java.lang.String,java.lang.String,java.lang.Class)":{
			"sig":"(Ljava/lang/String;Ljava/lang/String;Ljava/lang/Class;)Ljava/lang/Object;",
			"args":"(java.lang.String,java.lang.String,java.lang.Class)",
			"isStatic":false,
			"isProtected":false,
			"name":"get",
			"isPublic":true,
			"isPrivate":false,
			"isFinal":false,
			"type":"define",
			"isAbstract":false,
			"rtType":"java.lang.Object"
		},
		"deserialize(java.lang.String,java.lang.Class)":{
			"sig":"(Ljava/lang/String;Ljava/lang/Class;)Ljava/lang/Object;",
			"args":"(java.lang.String,java.lang.Class)",
			"isStatic":false,
			"isProtected":false,
			"name":"deserialize",
			"isPublic":true,
			"isPrivate":false,
			"isFinal":false,
			"type":"define",
			"isAbstract":false,
			"rtType":"java.lang.Object"
		},
		"executeRequest(org.apache.http.client.methods.HttpRequestBase)":{
			"sig":"(Lorg/apache/http/client/methods/HttpRequestBase;)Ljava/lang/String;",
			"args":"(org.apache.http.client.methods.HttpRequestBase)",
			"isStatic":false,
			"isProtected":true,
			"name":"executeRequest",
			"isPublic":false,
			"isPrivate":false,
			"isFinal":false,
			"type":"define",
			"isAbstract":false,
			"rtType":"java.lang.String"
		},
		"readContent(org.apache.http.HttpEntity)":{
			"sig":"(Lorg/apache/http/HttpEntity;)Ljava/lang/String;",
			"args":"(org.apache.http.HttpEntity)",
			"isStatic":false,
			"isProtected":true,
			"name":"readContent",
			"isPublic":false,
			"isPrivate":false,
			"isFinal":false,
			"type":"define",
			"isAbstract":false,
			"rtType":"java.lang.String"
		},
		"get(java.lang.String,java.lang.Class)":{
			"sig":"(Ljava/lang/String;Ljava/lang/Class;)Ljava/lang/Object;",
			"args":"(java.lang.String,java.lang.Class)",
			"isStatic":false,
			"isProtected":false,
			"name":"get",
			"isPublic":true,
			"isPrivate":false,
			"isFinal":false,
			"type":"define",
			"isAbstract":false,
			"rtType":"java.lang.Object"
		},
		"put(java.lang.String,java.lang.String)":{
			"sig":"(Ljava/lang/String;Ljava/lang/String;)V",
			"args":"(java.lang.String,java.lang.String)",
			"isStatic":false,
			"isProtected":false,
			"name":"put",
			"isPublic":true,
			"isPrivate":false,
			"isFinal":false,
			"type":"define",
			"isAbstract":false,
			"rtType":"void"
		},
		"<init>(org.apache.maven.plugin.logging.Log,com.fasterxml.jackson.databind.ObjectMapper,org.apache.http.client.HttpClient,java.lang.String,int,com.github.alexcojocaru.mojo.elasticsearch.v2.client.ElasticsearchClient$1)":{
			"sig":"(Lorg/apache/maven/plugin/logging/Log;Lcom/fasterxml/jackson/databind/ObjectMapper;Lorg/apache/http/client/HttpClient;Ljava/lang/String;ILcom/github/alexcojocaru/mojo/elasticsearch/v2/client/ElasticsearchClient$1;)V",
			"args":"(org.apache.maven.plugin.logging.Log,com.fasterxml.jackson.databind.ObjectMapper,org.apache.http.client.HttpClient,java.lang.String,int,com.github.alexcojocaru.mojo.elasticsearch.v2.client.ElasticsearchClient$1)",
			"isStatic":false,
			"isProtected":false,
			"name":"<init>",
			"isPublic":false,
			"isPrivate":false,
			"isFinal":false,
			"type":"define",
			"isAbstract":false,
			"rtType":"void"
		},
		"<init>(org.apache.maven.plugin.logging.Log,com.fasterxml.jackson.databind.ObjectMapper,org.apache.http.client.HttpClient,java.lang.String,int)":{
			"sig":"(Lorg/apache/maven/plugin/logging/Log;Lcom/fasterxml/jackson/databind/ObjectMapper;Lorg/apache/http/client/HttpClient;Ljava/lang/String;I)V",
			"args":"(org.apache.maven.plugin.logging.Log,com.fasterxml.jackson.databind.ObjectMapper,org.apache.http.client.HttpClient,java.lang.String,int)",
			"isStatic":false,
			"isProtected":false,
			"name":"<init>",
			"isPublic":false,
			"isPrivate":true,
			"isFinal":false,
			"type":"define",
			"isAbstract":false,
			"rtType":"void"
		}
	},
	"isPublic":true,
	"className":"com.github.alexcojocaru.mojo.elasticsearch.v2.client.ElasticsearchClient",
	"interNames":{},
	"isFinal":false,
	"isPrivate":false,
	"isAbstract":false,
	"isInterface":false,
	"superClassName":"java.lang.Object"
}