{
	"isProtected":false,
	"finishedSearch":false,
	"methods":{
		"<init>(com.github.alexcojocaru.mojo.elasticsearch.v2.step.BootstrapClusterStep)":{
			"sig":"(Lcom/github/alexcojocaru/mojo/elasticsearch/v2/step/BootstrapClusterStep;)V",
			"args":"(com.github.alexcojocaru.mojo.elasticsearch.v2.step.BootstrapClusterStep)",
			"isStatic":false,
			"isProtected":false,
			"name":"<init>",
			"isPublic":false,
			"isPrivate":false,
			"isFinal":false,
			"type":"define",
			"isAbstract":false,
			"rtType":"void"
		}
	},
	"isPublic":false,
	"className":"com.github.alexcojocaru.mojo.elasticsearch.v2.step.BootstrapClusterStep$1",
	"interNames":{},
	"isFinal":false,
	"isPrivate":false,
	"isAbstract":false,
	"isInterface":false,
	"superClassName":"com.fasterxml.jackson.core.type.TypeReference"
}