{
	"isProtected":false,
	"finishedSearch":false,
	"methods":{
		"waitToStartInstance(java.lang.String,java.lang.String,int)":{
			"sig":"(Ljava/lang/String;Ljava/lang/String;I)V",
			"args":"(java.lang.String,java.lang.String,int)",
			"isStatic":false,
			"isProtected":false,
			"name":"waitToStartInstance",
			"isPublic":true,
			"isPrivate":false,
			"isFinal":false,
			"type":"define",
			"isAbstract":false,
			"rtType":"void"
		},
		"isClusterRunning(java.lang.String,int,int)":{
			"sig":"(Ljava/lang/String;II)Z",
			"args":"(java.lang.String,int,int)",
			"isStatic":true,
			"isProtected":false,
			"name":"isClusterRunning",
			"isPublic":true,
			"isPrivate":false,
			"isFinal":false,
			"type":"define",
			"isAbstract":false,
			"rtType":"boolean"
		},
		"isInstanceRunning(java.lang.String,com.github.alexcojocaru.mojo.elasticsearch.v2.client.ElasticsearchClient)":{
			"sig":"(Ljava/lang/String;Lcom/github/alexcojocaru/mojo/elasticsearch/v2/client/ElasticsearchClient;)Z",
			"args":"(java.lang.String,com.github.alexcojocaru.mojo.elasticsearch.v2.client.ElasticsearchClient)",
			"isStatic":true,
			"isProtected":false,
			"name":"isInstanceRunning",
			"isPublic":true,
			"isPrivate":false,
			"isFinal":false,
			"type":"define",
			"isAbstract":false,
			"rtType":"boolean"
		},
		"isClusterRunning(java.lang.String,int,com.github.alexcojocaru.mojo.elasticsearch.v2.client.ElasticsearchClient)":{
			"sig":"(Ljava/lang/String;ILcom/github/alexcojocaru/mojo/elasticsearch/v2/client/ElasticsearchClient;)Z",
			"args":"(java.lang.String,int,com.github.alexcojocaru.mojo.elasticsearch.v2.client.ElasticsearchClient)",
			"isStatic":true,
			"isProtected":false,
			"name":"isClusterRunning",
			"isPublic":true,
			"isPrivate":false,
			"isFinal":false,
			"type":"define",
			"isAbstract":false,
			"rtType":"boolean"
		},
		"access$000(com.github.alexcojocaru.mojo.elasticsearch.v2.client.Monitor)":{
			"sig":"(Lcom/github/alexcojocaru/mojo/elasticsearch/v2/client/Monitor;)Lcom/github/alexcojocaru/mojo/elasticsearch/v2/client/ElasticsearchClient;",
			"args":"(com.github.alexcojocaru.mojo.elasticsearch.v2.client.Monitor)",
			"isStatic":true,
			"isProtected":false,
			"name":"access$000",
			"isPublic":false,
			"isPrivate":false,
			"isFinal":false,
			"type":"define",
			"isAbstract":false,
			"rtType":"com.github.alexcojocaru.mojo.elasticsearch.v2.client.ElasticsearchClient"
		},
		"waitToStartCluster(java.lang.String,int,int)":{
			"sig":"(Ljava/lang/String;II)V",
			"args":"(java.lang.String,int,int)",
			"isStatic":false,
			"isProtected":false,
			"name":"waitToStartCluster",
			"isPublic":true,
			"isPrivate":false,
			"isFinal":false,
			"type":"define",
			"isAbstract":false,
			"rtType":"void"
		},
		"<init>(com.github.alexcojocaru.mojo.elasticsearch.v2.client.ElasticsearchClient,org.apache.maven.plugin.logging.Log)":{
			"sig":"(Lcom/github/alexcojocaru/mojo/elasticsearch/v2/client/ElasticsearchClient;Lorg/apache/maven/plugin/logging/Log;)V",
			"args":"(com.github.alexcojocaru.mojo.elasticsearch.v2.client.ElasticsearchClient,org.apache.maven.plugin.logging.Log)",
			"isStatic":false,
			"isProtected":false,
			"name":"<init>",
			"isPublic":true,
			"isPrivate":false,
			"isFinal":false,
			"type":"define",
			"isAbstract":false,
			"rtType":"void"
		},
		"isProcessRunning(java.lang.String)":{
			"sig":"(Ljava/lang/String;)Z",
			"args":"(java.lang.String)",
			"isStatic":true,
			"isProtected":false,
			"name":"isProcessRunning",
			"isPublic":true,
			"isPrivate":false,
			"isFinal":false,
			"type":"define",
			"isAbstract":false,
			"rtType":"boolean"
		},
		"isInstanceRunning(java.lang.String,int)":{
			"sig":"(Ljava/lang/String;I)Z",
			"args":"(java.lang.String,int)",
			"isStatic":true,
			"isProtected":false,
			"name":"isInstanceRunning",
			"isPublic":true,
			"isPrivate":false,
			"isFinal":false,
			"type":"define",
			"isAbstract":false,
			"rtType":"boolean"
		}
	},
	"isPublic":true,
	"className":"com.github.alexcojocaru.mojo.elasticsearch.v2.client.Monitor",
	"interNames":{},
	"isFinal":false,
	"isPrivate":false,
	"isAbstract":false,
	"isInterface":false,
	"superClassName":"java.lang.Object"
}