{
	"isProtected":false,
	"finishedSearch":false,
	"methods":{
		"downloadArtifact(com.github.alexcojocaru.mojo.elasticsearch.v2.ElasticsearchArtifact,com.github.alexcojocaru.mojo.elasticsearch.v2.ClusterConfiguration)":{
			"sig":"(Lcom/github/alexcojocaru/mojo/elasticsearch/v2/ElasticsearchArtifact;Lcom/github/alexcojocaru/mojo/elasticsearch/v2/ClusterConfiguration;)Ljava/io/File;",
			"args":"(com.github.alexcojocaru.mojo.elasticsearch.v2.ElasticsearchArtifact,com.github.alexcojocaru.mojo.elasticsearch.v2.ClusterConfiguration)",
			"isStatic":false,
			"isProtected":false,
			"name":"downloadArtifact",
			"isPublic":false,
			"isPrivate":true,
			"isFinal":false,
			"type":"define",
			"isAbstract":false,
			"rtType":"java.io.File"
		},
		"setupElasticsearchConf(com.github.alexcojocaru.mojo.elasticsearch.v2.InstanceConfiguration)":{
			"sig":"(Lcom/github/alexcojocaru/mojo/elasticsearch/v2/InstanceConfiguration;)V",
			"args":"(com.github.alexcojocaru.mojo.elasticsearch.v2.InstanceConfiguration)",
			"isStatic":false,
			"isProtected":false,
			"name":"setupElasticsearchConf",
			"isPublic":false,
			"isPrivate":true,
			"isFinal":false,
			"type":"define",
			"isAbstract":false,
			"rtType":"void"
		},
		"cleanUp(java.io.File,com.github.alexcojocaru.mojo.elasticsearch.v2.ClusterConfiguration)":{
			"sig":"(Ljava/io/File;Lcom/github/alexcojocaru/mojo/elasticsearch/v2/ClusterConfiguration;)V",
			"args":"(java.io.File,com.github.alexcojocaru.mojo.elasticsearch.v2.ClusterConfiguration)",
			"isStatic":false,
			"isProtected":false,
			"name":"cleanUp",
			"isPublic":false,
			"isPrivate":true,
			"isFinal":false,
			"type":"define",
			"isAbstract":false,
			"rtType":"void"
		},
		"<init>()":{
			"sig":"()V",
			"args":"()",
			"isStatic":false,
			"isProtected":false,
			"name":"<init>",
			"isPublic":true,
			"isPrivate":false,
			"isFinal":false,
			"type":"define",
			"isAbstract":false,
			"rtType":"void"
		},
		"getUnpackDirectory()":{
			"sig":"()Ljava/io/File;",
			"args":"()",
			"isStatic":false,
			"isProtected":true,
			"name":"getUnpackDirectory",
			"isPublic":false,
			"isPrivate":false,
			"isFinal":false,
			"type":"define",
			"isAbstract":false,
			"rtType":"java.io.File"
		},
		"resolveArtifact(com.github.alexcojocaru.mojo.elasticsearch.v2.ClusterConfiguration)":{
			"sig":"(Lcom/github/alexcojocaru/mojo/elasticsearch/v2/ClusterConfiguration;)Ljava/io/File;",
			"args":"(com.github.alexcojocaru.mojo.elasticsearch.v2.ClusterConfiguration)",
			"isStatic":false,
			"isProtected":false,
			"name":"resolveArtifact",
			"isPublic":false,
			"isPrivate":true,
			"isFinal":false,
			"type":"define",
			"isAbstract":false,
			"rtType":"java.io.File"
		},
		"getArtifactClassifier(java.lang.String)":{
			"sig":"(Ljava/lang/String;)Ljava/lang/String;",
			"args":"(java.lang.String)",
			"isStatic":false,
			"isProtected":false,
			"name":"getArtifactClassifier",
			"isPublic":false,
			"isPrivate":true,
			"isFinal":false,
			"type":"define",
			"isAbstract":false,
			"rtType":"java.lang.String"
		},
		"moveToElasticsearchDirectory(java.io.File,java.io.File)":{
			"sig":"(Ljava/io/File;Ljava/io/File;)V",
			"args":"(java.io.File,java.io.File)",
			"isStatic":false,
			"isProtected":false,
			"name":"moveToElasticsearchDirectory",
			"isPublic":false,
			"isPrivate":true,
			"isFinal":false,
			"type":"define",
			"isAbstract":false,
			"rtType":"void"
		},
		"execute(com.github.alexcojocaru.mojo.elasticsearch.v2.InstanceConfiguration)":{
			"sig":"(Lcom/github/alexcojocaru/mojo/elasticsearch/v2/InstanceConfiguration;)V",
			"args":"(com.github.alexcojocaru.mojo.elasticsearch.v2.InstanceConfiguration)",
			"isStatic":false,
			"isProtected":false,
			"name":"execute",
			"isPublic":true,
			"isPrivate":false,
			"isFinal":false,
			"type":"define",
			"isAbstract":false,
			"rtType":"void"
		},
		"getArtifactId(java.lang.String,java.lang.String)":{
			"sig":"(Ljava/lang/String;Ljava/lang/String;)Ljava/lang/String;",
			"args":"(java.lang.String,java.lang.String)",
			"isStatic":false,
			"isProtected":false,
			"name":"getArtifactId",
			"isPublic":false,
			"isPrivate":true,
			"isFinal":false,
			"type":"define",
			"isAbstract":false,
			"rtType":"java.lang.String"
		},
		"getArtifactType(java.lang.String)":{
			"sig":"(Ljava/lang/String;)Ljava/lang/String;",
			"args":"(java.lang.String)",
			"isStatic":false,
			"isProtected":false,
			"name":"getArtifactType",
			"isPublic":false,
			"isPrivate":true,
			"isFinal":false,
			"type":"define",
			"isAbstract":false,
			"rtType":"java.lang.String"
		},
		"unpackToElasticsearchDirectory(java.io.File,com.github.alexcojocaru.mojo.elasticsearch.v2.InstanceConfiguration)":{
			"sig":"(Ljava/io/File;Lcom/github/alexcojocaru/mojo/elasticsearch/v2/InstanceConfiguration;)Ljava/io/File;",
			"args":"(java.io.File,com.github.alexcojocaru.mojo.elasticsearch.v2.InstanceConfiguration)",
			"isStatic":false,
			"isProtected":false,
			"name":"unpackToElasticsearchDirectory",
			"isPublic":false,
			"isPrivate":true,
			"isFinal":false,
			"type":"define",
			"isAbstract":false,
			"rtType":"java.io.File"
		}
	},
	"isPublic":true,
	"className":"com.github.alexcojocaru.mojo.elasticsearch.v2.step.ResolveElasticsearchStep",
	"interNames":{
		"com.github.alexcojocaru.mojo.elasticsearch.v2.step.InstanceStep":"true"
	},
	"isFinal":false,
	"isPrivate":false,
	"isAbstract":false,
	"isInterface":false,
	"superClassName":"java.lang.Object"
}