{
	"isProtected":false,
	"finishedSearch":false,
	"methods":{
		"withEnvironmentVariables(java.util.Map)":{
			"sig":"(Ljava/util/Map;)Lcom/github/alexcojocaru/mojo/elasticsearch/v2/InstanceConfiguration$Builder;",
			"args":"(java.util.Map)",
			"isStatic":false,
			"isProtected":false,
			"name":"withEnvironmentVariables",
			"isPublic":true,
			"isPrivate":false,
			"isFinal":false,
			"type":"define",
			"isAbstract":false,
			"rtType":"com.github.alexcojocaru.mojo.elasticsearch.v2.InstanceConfiguration$Builder"
		},
		"withTransportPort(int)":{
			"sig":"(I)Lcom/github/alexcojocaru/mojo/elasticsearch/v2/InstanceConfiguration$Builder;",
			"args":"(int)",
			"isStatic":false,
			"isProtected":false,
			"name":"withTransportPort",
			"isPublic":true,
			"isPrivate":false,
			"isFinal":false,
			"type":"define",
			"isAbstract":false,
			"rtType":"com.github.alexcojocaru.mojo.elasticsearch.v2.InstanceConfiguration$Builder"
		},
		"withPathData(java.lang.String)":{
			"sig":"(Ljava/lang/String;)Lcom/github/alexcojocaru/mojo/elasticsearch/v2/InstanceConfiguration$Builder;",
			"args":"(java.lang.String)",
			"isStatic":false,
			"isProtected":false,
			"name":"withPathData",
			"isPublic":true,
			"isPrivate":false,
			"isFinal":false,
			"type":"define",
			"isAbstract":false,
			"rtType":"com.github.alexcojocaru.mojo.elasticsearch.v2.InstanceConfiguration$Builder"
		},
		"<init>()":{
			"sig":"()V",
			"args":"()",
			"isStatic":false,
			"isProtected":false,
			"name":"<init>",
			"isPublic":true,
			"isPrivate":false,
			"isFinal":false,
			"type":"define",
			"isAbstract":false,
			"rtType":"void"
		},
		"withPathLogs(java.lang.String)":{
			"sig":"(Ljava/lang/String;)Lcom/github/alexcojocaru/mojo/elasticsearch/v2/InstanceConfiguration$Builder;",
			"args":"(java.lang.String)",
			"isStatic":false,
			"isProtected":false,
			"name":"withPathLogs",
			"isPublic":true,
			"isPrivate":false,
			"isFinal":false,
			"type":"define",
			"isAbstract":false,
			"rtType":"com.github.alexcojocaru.mojo.elasticsearch.v2.InstanceConfiguration$Builder"
		},
		"withSettings(java.util.Properties)":{
			"sig":"(Ljava/util/Properties;)Lcom/github/alexcojocaru/mojo/elasticsearch/v2/InstanceConfiguration$Builder;",
			"args":"(java.util.Properties)",
			"isStatic":false,
			"isProtected":false,
			"name":"withSettings",
			"isPublic":true,
			"isPrivate":false,
			"isFinal":false,
			"type":"define",
			"isAbstract":false,
			"rtType":"com.github.alexcojocaru.mojo.elasticsearch.v2.InstanceConfiguration$Builder"
		},
		"withId(int)":{
			"sig":"(I)Lcom/github/alexcojocaru/mojo/elasticsearch/v2/InstanceConfiguration$Builder;",
			"args":"(int)",
			"isStatic":false,
			"isProtected":false,
			"name":"withId",
			"isPublic":true,
			"isPrivate":false,
			"isFinal":false,
			"type":"define",
			"isAbstract":false,
			"rtType":"com.github.alexcojocaru.mojo.elasticsearch.v2.InstanceConfiguration$Builder"
		},
		"build()":{
			"sig":"()Lcom/github/alexcojocaru/mojo/elasticsearch/v2/InstanceConfiguration;",
			"args":"()",
			"isStatic":false,
			"isProtected":false,
			"name":"build",
			"isPublic":true,
			"isPrivate":false,
			"isFinal":false,
			"type":"define",
			"isAbstract":false,
			"rtType":"com.github.alexcojocaru.mojo.elasticsearch.v2.InstanceConfiguration"
		},
		"withBaseDir(java.lang.String)":{
			"sig":"(Ljava/lang/String;)Lcom/github/alexcojocaru/mojo/elasticsearch/v2/InstanceConfiguration$Builder;",
			"args":"(java.lang.String)",
			"isStatic":false,
			"isProtected":false,
			"name":"withBaseDir",
			"isPublic":true,
			"isPrivate":false,
			"isFinal":false,
			"type":"define",
			"isAbstract":false,
			"rtType":"com.github.alexcojocaru.mojo.elasticsearch.v2.InstanceConfiguration$Builder"
		},
		"withHttpPort(int)":{
			"sig":"(I)Lcom/github/alexcojocaru/mojo/elasticsearch/v2/InstanceConfiguration$Builder;",
			"args":"(int)",
			"isStatic":false,
			"isProtected":false,
			"name":"withHttpPort",
			"isPublic":true,
			"isPrivate":false,
			"isFinal":false,
			"type":"define",
			"isAbstract":false,
			"rtType":"com.github.alexcojocaru.mojo.elasticsearch.v2.InstanceConfiguration$Builder"
		},
		"withClusterConfiguration(com.github.alexcojocaru.mojo.elasticsearch.v2.ClusterConfiguration)":{
			"sig":"(Lcom/github/alexcojocaru/mojo/elasticsearch/v2/ClusterConfiguration;)Lcom/github/alexcojocaru/mojo/elasticsearch/v2/InstanceConfiguration$Builder;",
			"args":"(com.github.alexcojocaru.mojo.elasticsearch.v2.ClusterConfiguration)",
			"isStatic":false,
			"isProtected":false,
			"name":"withClusterConfiguration",
			"isPublic":true,
			"isPrivate":false,
			"isFinal":false,
			"type":"define",
			"isAbstract":false,
			"rtType":"com.github.alexcojocaru.mojo.elasticsearch.v2.InstanceConfiguration$Builder"
		}
	},
	"isPublic":true,
	"className":"com.github.alexcojocaru.mojo.elasticsearch.v2.InstanceConfiguration$Builder",
	"interNames":{},
	"isFinal":false,
	"isPrivate":false,
	"isAbstract":false,
	"isInterface":false,
	"superClassName":"java.lang.Object"
}