{
	"isProtected":false,
	"finishedSearch":false,
	"methods":{
		"autodetectAndExtract(java.io.File,java.io.File)":{
			"sig":"(Ljava/io/File;Ljava/io/File;)V",
			"args":"(java.io.File,java.io.File)",
			"isStatic":true,
			"isProtected":false,
			"name":"autodetectAndExtract",
			"isPublic":true,
			"isPrivate":false,
			"isFinal":false,
			"type":"define",
			"isAbstract":false,
			"rtType":"void"
		},
		"extractZip(java.io.File,java.io.File)":{
			"sig":"(Ljava/io/File;Ljava/io/File;)V",
			"args":"(java.io.File,java.io.File)",
			"isStatic":true,
			"isProtected":false,
			"name":"extractZip",
			"isPublic":true,
			"isPrivate":false,
			"isFinal":false,
			"type":"define",
			"isAbstract":false,
			"rtType":"void"
		},
		"extractTarGz(java.io.File,java.io.File)":{
			"sig":"(Ljava/io/File;Ljava/io/File;)V",
			"args":"(java.io.File,java.io.File)",
			"isStatic":true,
			"isProtected":false,
			"name":"extractTarGz",
			"isPublic":true,
			"isPrivate":false,
			"isFinal":false,
			"type":"define",
			"isAbstract":false,
			"rtType":"void"
		},
		"<init>()":{
			"sig":"()V",
			"args":"()",
			"isStatic":false,
			"isProtected":false,
			"name":"<init>",
			"isPublic":true,
			"isPrivate":false,
			"isFinal":false,
			"type":"define",
			"isAbstract":false,
			"rtType":"void"
		}
	},
	"isPublic":true,
	"className":"com.github.alexcojocaru.mojo.elasticsearch.v2.util.ArchiveUtil",
	"interNames":{},
	"isFinal":false,
	"isPrivate":false,
	"isAbstract":false,
	"isInterface":false,
	"superClassName":"java.lang.Object"
}