{
	"isProtected":false,
	"finishedSearch":false,
	"methods":{
		"isWindowsProcessAlive(com.github.alexcojocaru.mojo.elasticsearch.v2.InstanceConfiguration,java.lang.String)":{
			"sig":"(Lcom/github/alexcojocaru/mojo/elasticsearch/v2/InstanceConfiguration;Ljava/lang/String;)Z",
			"args":"(com.github.alexcojocaru.mojo.elasticsearch.v2.InstanceConfiguration,java.lang.String)",
			"isStatic":true,
			"isProtected":false,
			"name":"isWindowsProcessAlive",
			"isPublic":true,
			"isPrivate":false,
			"isFinal":false,
			"type":"define",
			"isAbstract":false,
			"rtType":"boolean"
		},
		"createEnvironment(java.util.Map)":{
			"sig":"(Ljava/util/Map;)Ljava/util/Map;",
			"args":"(java.util.Map)",
			"isStatic":true,
			"isProtected":false,
			"name":"createEnvironment",
			"isPublic":true,
			"isPrivate":false,
			"isFinal":false,
			"type":"define",
			"isAbstract":false,
			"rtType":"java.util.Map"
		},
		"executeScript(com.github.alexcojocaru.mojo.elasticsearch.v2.InstanceConfiguration,org.apache.commons.exec.CommandLine)":{
			"sig":"(Lcom/github/alexcojocaru/mojo/elasticsearch/v2/InstanceConfiguration;Lorg/apache/commons/exec/CommandLine;)Ljava/util/List;",
			"args":"(com.github.alexcojocaru.mojo.elasticsearch.v2.InstanceConfiguration,org.apache.commons.exec.CommandLine)",
			"isStatic":true,
			"isProtected":false,
			"name":"executeScript",
			"isPublic":true,
			"isPrivate":false,
			"isFinal":false,
			"type":"define",
			"isAbstract":false,
			"rtType":"java.util.List"
		},
		"executeScript(com.github.alexcojocaru.mojo.elasticsearch.v2.InstanceConfiguration,org.apache.commons.exec.CommandLine,java.util.Map,org.apache.commons.exec.ProcessDestroyer,boolean)":{
			"sig":"(Lcom/github/alexcojocaru/mojo/elasticsearch/v2/InstanceConfiguration;Lorg/apache/commons/exec/CommandLine;Ljava/util/Map;Lorg/apache/commons/exec/ProcessDestroyer;Z)Ljava/util/List;",
			"args":"(com.github.alexcojocaru.mojo.elasticsearch.v2.InstanceConfiguration,org.apache.commons.exec.CommandLine,java.util.Map,org.apache.commons.exec.ProcessDestroyer,boolean)",
			"isStatic":true,
			"isProtected":false,
			"name":"executeScript",
			"isPublic":true,
			"isPrivate":false,
			"isFinal":false,
			"type":"define",
			"isAbstract":false,
			"rtType":"java.util.List"
		},
		"executeScript(com.github.alexcojocaru.mojo.elasticsearch.v2.InstanceConfiguration,org.apache.commons.exec.CommandLine,boolean)":{
			"sig":"(Lcom/github/alexcojocaru/mojo/elasticsearch/v2/InstanceConfiguration;Lorg/apache/commons/exec/CommandLine;Z)Ljava/util/List;",
			"args":"(com.github.alexcojocaru.mojo.elasticsearch.v2.InstanceConfiguration,org.apache.commons.exec.CommandLine,boolean)",
			"isStatic":true,
			"isProtected":false,
			"name":"executeScript",
			"isPublic":true,
			"isPrivate":false,
			"isFinal":false,
			"type":"define",
			"isAbstract":false,
			"rtType":"java.util.List"
		},
		"readBuffer(java.io.ByteArrayOutputStream)":{
			"sig":"(Ljava/io/ByteArrayOutputStream;)Ljava/util/List;",
			"args":"(java.io.ByteArrayOutputStream)",
			"isStatic":true,
			"isProtected":false,
			"name":"readBuffer",
			"isPublic":false,
			"isPrivate":true,
			"isFinal":false,
			"type":"define",
			"isAbstract":false,
			"rtType":"java.util.List"
		},
		"buildCommandLine(java.lang.String)":{
			"sig":"(Ljava/lang/String;)Lorg/apache/commons/exec/CommandLine;",
			"args":"(java.lang.String)",
			"isStatic":true,
			"isProtected":false,
			"name":"buildCommandLine",
			"isPublic":true,
			"isPrivate":false,
			"isFinal":false,
			"type":"define",
			"isAbstract":false,
			"rtType":"org.apache.commons.exec.CommandLine"
		},
		"getElasticsearchPid(java.lang.String)":{
			"sig":"(Ljava/lang/String;)Ljava/lang/String;",
			"args":"(java.lang.String)",
			"isStatic":true,
			"isProtected":false,
			"name":"getElasticsearchPid",
			"isPublic":true,
			"isPrivate":false,
			"isFinal":false,
			"type":"define",
			"isAbstract":false,
			"rtType":"java.lang.String"
		},
		"executeScript(com.github.alexcojocaru.mojo.elasticsearch.v2.InstanceConfiguration,org.apache.commons.exec.CommandLine,java.util.Map,org.apache.commons.exec.ProcessDestroyer)":{
			"sig":"(Lcom/github/alexcojocaru/mojo/elasticsearch/v2/InstanceConfiguration;Lorg/apache/commons/exec/CommandLine;Ljava/util/Map;Lorg/apache/commons/exec/ProcessDestroyer;)Ljava/util/List;",
			"args":"(com.github.alexcojocaru.mojo.elasticsearch.v2.InstanceConfiguration,org.apache.commons.exec.CommandLine,java.util.Map,org.apache.commons.exec.ProcessDestroyer)",
			"isStatic":true,
			"isProtected":false,
			"name":"executeScript",
			"isPublic":true,
			"isPrivate":false,
			"isFinal":false,
			"type":"define",
			"isAbstract":false,
			"rtType":"java.util.List"
		},
		"buildKillCommandLine(java.lang.String)":{
			"sig":"(Ljava/lang/String;)Lorg/apache/commons/exec/CommandLine;",
			"args":"(java.lang.String)",
			"isStatic":true,
			"isProtected":false,
			"name":"buildKillCommandLine",
			"isPublic":true,
			"isPrivate":false,
			"isFinal":false,
			"type":"define",
			"isAbstract":false,
			"rtType":"org.apache.commons.exec.CommandLine"
		},
		"<init>()":{
			"sig":"()V",
			"args":"()",
			"isStatic":false,
			"isProtected":false,
			"name":"<init>",
			"isPublic":true,
			"isPrivate":false,
			"isFinal":false,
			"type":"define",
			"isAbstract":false,
			"rtType":"void"
		},
		"cleanupPid(java.lang.String)":{
			"sig":"(Ljava/lang/String;)V",
			"args":"(java.lang.String)",
			"isStatic":true,
			"isProtected":false,
			"name":"cleanupPid",
			"isPublic":true,
			"isPrivate":false,
			"isFinal":false,
			"type":"define",
			"isAbstract":false,
			"rtType":"void"
		},
		"lambda$isWindowsProcessAlive$0(java.lang.String,java.lang.String)":{
			"sig":"(Ljava/lang/String;Ljava/lang/String;)Z",
			"args":"(java.lang.String,java.lang.String)",
			"isStatic":true,
			"isProtected":false,
			"name":"lambda$isWindowsProcessAlive$0",
			"isPublic":false,
			"isPrivate":true,
			"isFinal":false,
			"type":"define",
			"isAbstract":false,
			"rtType":"boolean"
		}
	},
	"isPublic":true,
	"className":"com.github.alexcojocaru.mojo.elasticsearch.v2.util.ProcessUtil",
	"interNames":{},
	"isFinal":false,
	"isPrivate":false,
	"isAbstract":false,
	"isInterface":false,
	"superClassName":"java.lang.Object"
}