{
	"isProtected":false,
	"finishedSearch":false,
	"methods":{
		"call()":{
			"sig":"()Ljava/lang/Object;",
			"args":"()",
			"isStatic":false,
			"isProtected":false,
			"name":"call",
			"isPublic":true,
			"isPrivate":false,
			"isFinal":false,
			"type":"define",
			"isAbstract":false,
			"rtType":"java.lang.Object"
		},
		"<init>(com.github.alexcojocaru.mojo.elasticsearch.v2.client.Monitor,java.lang.String,int)":{
			"sig":"(Lcom/github/alexcojocaru/mojo/elasticsearch/v2/client/Monitor;Ljava/lang/String;I)V",
			"args":"(com.github.alexcojocaru.mojo.elasticsearch.v2.client.Monitor,java.lang.String,int)",
			"isStatic":false,
			"isProtected":false,
			"name":"<init>",
			"isPublic":false,
			"isPrivate":false,
			"isFinal":false,
			"type":"define",
			"isAbstract":false,
			"rtType":"void"
		}
	},
	"isPublic":false,
	"className":"com.github.alexcojocaru.mojo.elasticsearch.v2.client.Monitor$2",
	"interNames":{
		"java.util.concurrent.Callable":"true"
	},
	"isFinal":false,
	"isPrivate":false,
	"isAbstract":false,
	"isInterface":false,
	"superClassName":"java.lang.Object"
}