{
	"isProtected":false,
	"finishedSearch":false,
	"methods":{
		"values()":{
			"sig":"()[Lcom/github/alexcojocaru/mojo/elasticsearch/v2/client/ElasticsearchCommand$RequestMethod;",
			"args":"()",
			"isStatic":true,
			"isProtected":false,
			"name":"values",
			"isPublic":true,
			"isPrivate":false,
			"isFinal":false,
			"type":"define",
			"isAbstract":false,
			"rtType":"com.github.alexcojocaru.mojo.elasticsearch.v2.client.ElasticsearchCommand$RequestMethod[]"
		},
		"valueOf(java.lang.String)":{
			"sig":"(Ljava/lang/String;)Lcom/github/alexcojocaru/mojo/elasticsearch/v2/client/ElasticsearchCommand$RequestMethod;",
			"args":"(java.lang.String)",
			"isStatic":true,
			"isProtected":false,
			"name":"valueOf",
			"isPublic":true,
			"isPrivate":false,
			"isFinal":false,
			"type":"define",
			"isAbstract":false,
			"rtType":"com.github.alexcojocaru.mojo.elasticsearch.v2.client.ElasticsearchCommand$RequestMethod"
		},
		"<clinit>()":{
			"sig":"()V",
			"args":"()",
			"isStatic":true,
			"isProtected":false,
			"name":"<clinit>",
			"isPublic":false,
			"isPrivate":false,
			"isFinal":false,
			"type":"define",
			"isAbstract":false,
			"rtType":"void"
		},
		"fromName(java.lang.String)":{
			"sig":"(Ljava/lang/String;)Lcom/github/alexcojocaru/mojo/elasticsearch/v2/client/ElasticsearchCommand$RequestMethod;",
			"args":"(java.lang.String)",
			"isStatic":true,
			"isProtected":false,
			"name":"fromName",
			"isPublic":true,
			"isPrivate":false,
			"isFinal":false,
			"type":"define",
			"isAbstract":false,
			"rtType":"com.github.alexcojocaru.mojo.elasticsearch.v2.client.ElasticsearchCommand$RequestMethod"
		},
		"<init>(java.lang.String,int)":{
			"sig":"(Ljava/lang/String;I)V",
			"args":"(java.lang.String,int)",
			"isStatic":false,
			"isProtected":false,
			"name":"<init>",
			"isPublic":false,
			"isPrivate":true,
			"isFinal":false,
			"type":"define",
			"isAbstract":false,
			"rtType":"void"
		}
	},
	"isPublic":true,
	"className":"com.github.alexcojocaru.mojo.elasticsearch.v2.client.ElasticsearchCommand$RequestMethod",
	"interNames":{},
	"isFinal":true,
	"isPrivate":false,
	"isAbstract":false,
	"isInterface":false,
	"superClassName":"java.lang.Enum"
}