{
	"isProtected":false,
	"finishedSearch":false,
	"methods":{
		"resolveArtifact(java.lang.String)":{
			"sig":"(Ljava/lang/String;)Ljava/io/File;",
			"args":"(java.lang.String)",
			"isStatic":false,
			"isProtected":false,
			"name":"resolveArtifact",
			"isPublic":true,
			"isPrivate":false,
			"isFinal":false,
			"type":"define",
			"isAbstract":true,
			"rtType":"java.io.File"
		}
	},
	"isPublic":true,
	"className":"com.github.alexcojocaru.mojo.elasticsearch.v2.configuration.PluginArtifactResolver",
	"interNames":{},
	"isFinal":false,
	"isPrivate":false,
	"isAbstract":true,
	"isInterface":true,
	"superClassName":"java.lang.Object"
}