{
	"isProtected":false,
	"finishedSearch":false,
	"methods":{
		"writeParameter(java.lang.StringBuilder,org.w3c.dom.Node,org.w3c.dom.Node)":{
			"sig":"(Ljava/lang/StringBuilder;Lorg/w3c/dom/Node;Lorg/w3c/dom/Node;)V",
			"args":"(java.lang.StringBuilder,org.w3c.dom.Node,org.w3c.dom.Node)",
			"isStatic":false,
			"isProtected":false,
			"name":"writeParameter",
			"isPublic":false,
			"isPrivate":true,
			"isFinal":false,
			"type":"define",
			"isAbstract":false,
			"rtType":"void"
		},
		"toLines(java.lang.String,int,int,int)":{
			"sig":"(Ljava/lang/String;III)Ljava/util/List;",
			"args":"(java.lang.String,int,int,int)",
			"isStatic":true,
			"isProtected":false,
			"name":"toLines",
			"isPublic":false,
			"isPrivate":true,
			"isFinal":false,
			"type":"define",
			"isAbstract":false,
			"rtType":"java.util.List"
		},
		"repeat(java.lang.String,int)":{
			"sig":"(Ljava/lang/String;I)Ljava/lang/String;",
			"args":"(java.lang.String,int)",
			"isStatic":true,
			"isProtected":false,
			"name":"repeat",
			"isPublic":false,
			"isPrivate":true,
			"isFinal":false,
			"type":"define",
			"isAbstract":false,
			"rtType":"java.lang.String"
		},
		"getValue(org.w3c.dom.Node,java.lang.String)":{
			"sig":"(Lorg/w3c/dom/Node;Ljava/lang/String;)Ljava/lang/String;",
			"args":"(org.w3c.dom.Node,java.lang.String)",
			"isStatic":false,
			"isProtected":false,
			"name":"getValue",
			"isPublic":false,
			"isPrivate":true,
			"isFinal":false,
			"type":"define",
			"isAbstract":false,
			"rtType":"java.lang.String"
		},
		"build()":{
			"sig":"()Lorg/w3c/dom/Document;",
			"args":"()",
			"isStatic":false,
			"isProtected":false,
			"name":"build",
			"isPublic":false,
			"isPrivate":true,
			"isFinal":false,
			"type":"define",
			"isAbstract":false,
			"rtType":"org.w3c.dom.Document"
		},
		"getPropertyFromExpression(java.lang.String)":{
			"sig":"(Ljava/lang/String;)Ljava/lang/String;",
			"args":"(java.lang.String)",
			"isStatic":false,
			"isProtected":false,
			"name":"getPropertyFromExpression",
			"isPublic":false,
			"isPrivate":true,
			"isFinal":false,
			"type":"define",
			"isAbstract":false,
			"rtType":"java.lang.String"
		},
		"execute()":{
			"sig":"()V",
			"args":"()",
			"isStatic":false,
			"isProtected":false,
			"name":"execute",
			"isPublic":true,
			"isPrivate":false,
			"isFinal":false,
			"type":"define",
			"isAbstract":false,
			"rtType":"void"
		},
		"isNotEmpty(java.lang.String)":{
			"sig":"(Ljava/lang/String;)Z",
			"args":"(java.lang.String)",
			"isStatic":true,
			"isProtected":false,
			"name":"isNotEmpty",
			"isPublic":false,
			"isPrivate":true,
			"isFinal":false,
			"type":"define",
			"isAbstract":false,
			"rtType":"boolean"
		},
		"toLines(java.util.List,java.lang.String,int,int)":{
			"sig":"(Ljava/util/List;Ljava/lang/String;II)V",
			"args":"(java.util.List,java.lang.String,int,int)",
			"isStatic":true,
			"isProtected":false,
			"name":"toLines",
			"isPublic":false,
			"isPrivate":true,
			"isFinal":false,
			"type":"define",
			"isAbstract":false,
			"rtType":"void"
		},
		"getSingleChild(org.w3c.dom.Node,java.lang.String)":{
			"sig":"(Lorg/w3c/dom/Node;Ljava/lang/String;)Lorg/w3c/dom/Node;",
			"args":"(org.w3c.dom.Node,java.lang.String)",
			"isStatic":false,
			"isProtected":false,
			"name":"getSingleChild",
			"isPublic":false,
			"isPrivate":true,
			"isFinal":false,
			"type":"define",
			"isAbstract":false,
			"rtType":"org.w3c.dom.Node"
		},
		"<init>()":{
			"sig":"()V",
			"args":"()",
			"isStatic":false,
			"isProtected":false,
			"name":"<init>",
			"isPublic":true,
			"isPrivate":false,
			"isFinal":false,
			"type":"define",
			"isAbstract":false,
			"rtType":"void"
		},
		"findNamedChild(org.w3c.dom.Node,java.lang.String)":{
			"sig":"(Lorg/w3c/dom/Node;Ljava/lang/String;)Ljava/util/List;",
			"args":"(org.w3c.dom.Node,java.lang.String)",
			"isStatic":false,
			"isProtected":false,
			"name":"findNamedChild",
			"isPublic":false,
			"isPrivate":true,
			"isFinal":false,
			"type":"define",
			"isAbstract":false,
			"rtType":"java.util.List"
		},
		"writeGoal(java.lang.StringBuilder,java.lang.String,org.w3c.dom.Element)":{
			"sig":"(Ljava/lang/StringBuilder;Ljava/lang/String;Lorg/w3c/dom/Element;)V",
			"args":"(java.lang.StringBuilder,java.lang.String,org.w3c.dom.Element)",
			"isStatic":false,
			"isProtected":false,
			"name":"writeGoal",
			"isPublic":false,
			"isPrivate":true,
			"isFinal":false,
			"type":"define",
			"isAbstract":false,
			"rtType":"void"
		},
		"append(java.lang.StringBuilder,java.lang.String,int)":{
			"sig":"(Ljava/lang/StringBuilder;Ljava/lang/String;I)V",
			"args":"(java.lang.StringBuilder,java.lang.String,int)",
			"isStatic":false,
			"isProtected":false,
			"name":"append",
			"isPublic":false,
			"isPrivate":true,
			"isFinal":false,
			"type":"define",
			"isAbstract":false,
			"rtType":"void"
		},
		"findSingleChild(org.w3c.dom.Node,java.lang.String)":{
			"sig":"(Lorg/w3c/dom/Node;Ljava/lang/String;)Lorg/w3c/dom/Node;",
			"args":"(org.w3c.dom.Node,java.lang.String)",
			"isStatic":false,
			"isProtected":false,
			"name":"findSingleChild",
			"isPublic":false,
			"isPrivate":true,
			"isFinal":false,
			"type":"define",
			"isAbstract":false,
			"rtType":"org.w3c.dom.Node"
		},
		"getIndentLevel(java.lang.String)":{
			"sig":"(Ljava/lang/String;)I",
			"args":"(java.lang.String)",
			"isStatic":true,
			"isProtected":false,
			"name":"getIndentLevel",
			"isPublic":false,
			"isPrivate":true,
			"isFinal":false,
			"type":"define",
			"isAbstract":false,
			"rtType":"int"
		}
	},
	"isPublic":true,
	"className":"com.github.alexcojocaru.mojo.elasticsearch.v2.HelpMojo",
	"interNames":{},
	"isFinal":false,
	"isPrivate":false,
	"isAbstract":false,
	"isInterface":false,
	"superClassName":"org.apache.maven.plugin.AbstractMojo"
}