{
	"isProtected":false,
	"finishedSearch":false,
	"methods":{
		"<init>(com.github.alexcojocaru.mojo.elasticsearch.v2.step.ResolveElasticsearchStep)":{
			"sig":"(Lcom/github/alexcojocaru/mojo/elasticsearch/v2/step/ResolveElasticsearchStep;)V",
			"args":"(com.github.alexcojocaru.mojo.elasticsearch.v2.step.ResolveElasticsearchStep)",
			"isStatic":false,
			"isProtected":false,
			"name":"<init>",
			"isPublic":false,
			"isPrivate":false,
			"isFinal":false,
			"type":"define",
			"isAbstract":false,
			"rtType":"void"
		},
		"accept(java.io.File)":{
			"sig":"(Ljava/io/File;)Z",
			"args":"(java.io.File)",
			"isStatic":false,
			"isProtected":false,
			"name":"accept",
			"isPublic":true,
			"isPrivate":false,
			"isFinal":false,
			"type":"define",
			"isAbstract":false,
			"rtType":"boolean"
		}
	},
	"isPublic":false,
	"className":"com.github.alexcojocaru.mojo.elasticsearch.v2.step.ResolveElasticsearchStep$1",
	"interNames":{
		"java.io.FileFilter":"true"
	},
	"isFinal":false,
	"isPrivate":false,
	"isAbstract":false,
	"isInterface":false,
	"superClassName":"java.lang.Object"
}