{
	"isProtected":false,
	"finishedSearch":false,
	"methods":{
		"<init>()":{
			"sig":"()V",
			"args":"()",
			"isStatic":false,
			"isProtected":false,
			"name":"<init>",
			"isPublic":false,
			"isPrivate":true,
			"isFinal":false,
			"type":"define",
			"isAbstract":false,
			"rtType":"void"
		},
		"getBinDirectory(java.io.File)":{
			"sig":"(Ljava/io/File;)Ljava/io/File;",
			"args":"(java.io.File)",
			"isStatic":true,
			"isProtected":false,
			"name":"getBinDirectory",
			"isPublic":true,
			"isPrivate":false,
			"isFinal":false,
			"type":"define",
			"isAbstract":false,
			"rtType":"java.io.File"
		},
		"getTempDirectory()":{
			"sig":"()Ljava/io/File;",
			"args":"()",
			"isStatic":true,
			"isProtected":false,
			"name":"getTempDirectory",
			"isPublic":true,
			"isPrivate":false,
			"isFinal":false,
			"type":"define",
			"isAbstract":false,
			"rtType":"java.io.File"
		},
		"copyRecursively(java.nio.file.Path,java.nio.file.Path)":{
			"sig":"(Ljava/nio/file/Path;Ljava/nio/file/Path;)V",
			"args":"(java.nio.file.Path,java.nio.file.Path)",
			"isStatic":true,
			"isProtected":false,
			"name":"copyRecursively",
			"isPublic":true,
			"isPrivate":false,
			"isFinal":false,
			"type":"define",
			"isAbstract":false,
			"rtType":"void"
		},
		"getLogsDirectory(java.io.File)":{
			"sig":"(Ljava/io/File;)Ljava/io/File;",
			"args":"(java.io.File)",
			"isStatic":true,
			"isProtected":false,
			"name":"getLogsDirectory",
			"isPublic":true,
			"isPrivate":false,
			"isFinal":false,
			"type":"define",
			"isAbstract":false,
			"rtType":"java.io.File"
		},
		"listFiles(java.nio.file.Path)":{
			"sig":"(Ljava/nio/file/Path;)Ljava/util/Set;",
			"args":"(java.nio.file.Path)",
			"isStatic":true,
			"isProtected":false,
			"name":"listFiles",
			"isPublic":false,
			"isPrivate":true,
			"isFinal":false,
			"type":"define",
			"isAbstract":false,
			"rtType":"java.util.Set"
		},
		"getDataDirectory(java.io.File)":{
			"sig":"(Ljava/io/File;)Ljava/io/File;",
			"args":"(java.io.File)",
			"isStatic":true,
			"isProtected":false,
			"name":"getDataDirectory",
			"isPublic":true,
			"isPrivate":false,
			"isFinal":false,
			"type":"define",
			"isAbstract":false,
			"rtType":"java.io.File"
		},
		"setScriptPermission(com.github.alexcojocaru.mojo.elasticsearch.v2.InstanceConfiguration,java.lang.String)":{
			"sig":"(Lcom/github/alexcojocaru/mojo/elasticsearch/v2/InstanceConfiguration;Ljava/lang/String;)V",
			"args":"(com.github.alexcojocaru.mojo.elasticsearch.v2.InstanceConfiguration,java.lang.String)",
			"isStatic":true,
			"isProtected":false,
			"name":"setScriptPermission",
			"isPublic":true,
			"isPrivate":false,
			"isFinal":false,
			"type":"define",
			"isAbstract":false,
			"rtType":"void"
		}
	},
	"isPublic":true,
	"className":"com.github.alexcojocaru.mojo.elasticsearch.v2.util.FilesystemUtil",
	"interNames":{},
	"isFinal":true,
	"isPrivate":false,
	"isAbstract":false,
	"isInterface":false,
	"superClassName":"java.lang.Object"
}