{
	"isProtected":false,
	"finishedSearch":false,
	"methods":{
		"installArtifact(java.lang.String,java.lang.String,java.lang.String,java.lang.String,java.lang.String,java.io.File)":{
			"sig":"(Ljava/lang/String;Ljava/lang/String;Ljava/lang/String;Ljava/lang/String;Ljava/lang/String;Ljava/io/File;)V",
			"args":"(java.lang.String,java.lang.String,java.lang.String,java.lang.String,java.lang.String,java.io.File)",
			"isStatic":false,
			"isProtected":false,
			"name":"installArtifact",
			"isPublic":true,
			"isPrivate":false,
			"isFinal":false,
			"type":"define",
			"isAbstract":false,
			"rtType":"void"
		},
		"<init>(org.eclipse.aether.RepositorySystem,org.eclipse.aether.RepositorySystemSession,org.apache.maven.plugin.logging.Log)":{
			"sig":"(Lorg/eclipse/aether/RepositorySystem;Lorg/eclipse/aether/RepositorySystemSession;Lorg/apache/maven/plugin/logging/Log;)V",
			"args":"(org.eclipse.aether.RepositorySystem,org.eclipse.aether.RepositorySystemSession,org.apache.maven.plugin.logging.Log)",
			"isStatic":false,
			"isProtected":false,
			"name":"<init>",
			"isPublic":true,
			"isPrivate":false,
			"isFinal":false,
			"type":"define",
			"isAbstract":false,
			"rtType":"void"
		}
	},
	"isPublic":true,
	"className":"com.github.alexcojocaru.mojo.elasticsearch.v2.MyArtifactInstaller",
	"interNames":{
		"com.github.alexcojocaru.mojo.elasticsearch.v2.configuration.PluginArtifactInstaller":"true"
	},
	"isFinal":false,
	"isPrivate":false,
	"isAbstract":false,
	"isInterface":false,
	"superClassName":"java.lang.Object"
}