{
	"isProtected":false,
	"finishedSearch":false,
	"methods":{
		"<init>()":{
			"sig":"()V",
			"args":"()",
			"isStatic":false,
			"isProtected":false,
			"name":"<init>",
			"isPublic":true,
			"isPrivate":false,
			"isFinal":false,
			"type":"define",
			"isAbstract":false,
			"rtType":"void"
		},
		"addPluginArtifactResolver(com.github.alexcojocaru.mojo.elasticsearch.v2.configuration.PluginArtifactResolver)":{
			"sig":"(Lcom/github/alexcojocaru/mojo/elasticsearch/v2/configuration/PluginArtifactResolver;)V",
			"args":"(com.github.alexcojocaru.mojo.elasticsearch.v2.configuration.PluginArtifactResolver)",
			"isStatic":false,
			"isProtected":false,
			"name":"addPluginArtifactResolver",
			"isPublic":true,
			"isPrivate":false,
			"isFinal":false,
			"type":"define",
			"isAbstract":false,
			"rtType":"void"
		},
		"resolveArtifact(java.lang.String)":{
			"sig":"(Ljava/lang/String;)Ljava/io/File;",
			"args":"(java.lang.String)",
			"isStatic":false,
			"isProtected":false,
			"name":"resolveArtifact",
			"isPublic":true,
			"isPrivate":false,
			"isFinal":false,
			"type":"define",
			"isAbstract":false,
			"rtType":"java.io.File"
		}
	},
	"isPublic":true,
	"className":"com.github.alexcojocaru.mojo.elasticsearch.v2.configuration.ChainedArtifactResolver",
	"interNames":{
		"com.github.alexcojocaru.mojo.elasticsearch.v2.configuration.PluginArtifactResolver":"true"
	},
	"isFinal":false,
	"isPrivate":false,
	"isAbstract":false,
	"isInterface":false,
	"superClassName":"java.lang.Object"
}