{
	"isProtected":false,
	"finishedSearch":false,
	"methods":{
		"parseJson(com.github.alexcojocaru.mojo.elasticsearch.v2.client.ElasticsearchClient,org.apache.maven.plugin.logging.Log,java.nio.file.Path)":{
			"sig":"(Lcom/github/alexcojocaru/mojo/elasticsearch/v2/client/ElasticsearchClient;Lorg/apache/maven/plugin/logging/Log;Ljava/nio/file/Path;)V",
			"args":"(com.github.alexcojocaru.mojo.elasticsearch.v2.client.ElasticsearchClient,org.apache.maven.plugin.logging.Log,java.nio.file.Path)",
			"isStatic":false,
			"isProtected":true,
			"name":"parseJson",
			"isPublic":false,
			"isPrivate":false,
			"isFinal":false,
			"type":"define",
			"isAbstract":false,
			"rtType":"void"
		},
		"lambda$parseJson$0(org.apache.maven.plugin.logging.Log,com.github.alexcojocaru.mojo.elasticsearch.v2.client.ElasticsearchClient,java.util.Map)":{
			"sig":"(Lorg/apache/maven/plugin/logging/Log;Lcom/github/alexcojocaru/mojo/elasticsearch/v2/client/ElasticsearchClient;Ljava/util/Map;)V",
			"args":"(org.apache.maven.plugin.logging.Log,com.github.alexcojocaru.mojo.elasticsearch.v2.client.ElasticsearchClient,java.util.Map)",
			"isStatic":false,
			"isProtected":false,
			"name":"lambda$parseJson$0",
			"isPublic":false,
			"isPrivate":true,
			"isFinal":false,
			"type":"define",
			"isAbstract":false,
			"rtType":"void"
		},
		"<init>()":{
			"sig":"()V",
			"args":"()",
			"isStatic":false,
			"isProtected":false,
			"name":"<init>",
			"isPublic":true,
			"isPrivate":false,
			"isFinal":false,
			"type":"define",
			"isAbstract":false,
			"rtType":"void"
		},
		"executeInitCommand(com.github.alexcojocaru.mojo.elasticsearch.v2.client.ElasticsearchClient,org.apache.maven.plugin.logging.Log,com.github.alexcojocaru.mojo.elasticsearch.v2.client.ElasticsearchCommand)":{
			"sig":"(Lcom/github/alexcojocaru/mojo/elasticsearch/v2/client/ElasticsearchClient;Lorg/apache/maven/plugin/logging/Log;Lcom/github/alexcojocaru/mojo/elasticsearch/v2/client/ElasticsearchCommand;)V",
			"args":"(com.github.alexcojocaru.mojo.elasticsearch.v2.client.ElasticsearchClient,org.apache.maven.plugin.logging.Log,com.github.alexcojocaru.mojo.elasticsearch.v2.client.ElasticsearchCommand)",
			"isStatic":false,
			"isProtected":true,
			"name":"executeInitCommand",
			"isPublic":false,
			"isPrivate":false,
			"isFinal":false,
			"type":"define",
			"isAbstract":false,
			"rtType":"void"
		},
		"validateFile(java.lang.String)":{
			"sig":"(Ljava/lang/String;)V",
			"args":"(java.lang.String)",
			"isStatic":false,
			"isProtected":true,
			"name":"validateFile",
			"isPublic":false,
			"isPrivate":false,
			"isFinal":false,
			"type":"define",
			"isAbstract":false,
			"rtType":"void"
		},
		"parseMapCommand(java.util.Map)":{
			"sig":"(Ljava/util/Map;)Lcom/github/alexcojocaru/mojo/elasticsearch/v2/client/ElasticsearchCommand;",
			"args":"(java.util.Map)",
			"isStatic":false,
			"isProtected":true,
			"name":"parseMapCommand",
			"isPublic":false,
			"isPrivate":false,
			"isFinal":false,
			"type":"define",
			"isAbstract":false,
			"rtType":"com.github.alexcojocaru.mojo.elasticsearch.v2.client.ElasticsearchCommand"
		},
		"parseScript(com.github.alexcojocaru.mojo.elasticsearch.v2.client.ElasticsearchClient,org.apache.maven.plugin.logging.Log,java.nio.file.Path)":{
			"sig":"(Lcom/github/alexcojocaru/mojo/elasticsearch/v2/client/ElasticsearchClient;Lorg/apache/maven/plugin/logging/Log;Ljava/nio/file/Path;)V",
			"args":"(com.github.alexcojocaru.mojo.elasticsearch.v2.client.ElasticsearchClient,org.apache.maven.plugin.logging.Log,java.nio.file.Path)",
			"isStatic":false,
			"isProtected":true,
			"name":"parseScript",
			"isPublic":false,
			"isPrivate":false,
			"isFinal":false,
			"type":"define",
			"isAbstract":false,
			"rtType":"void"
		},
		"execute(com.github.alexcojocaru.mojo.elasticsearch.v2.ClusterConfiguration)":{
			"sig":"(Lcom/github/alexcojocaru/mojo/elasticsearch/v2/ClusterConfiguration;)V",
			"args":"(com.github.alexcojocaru.mojo.elasticsearch.v2.ClusterConfiguration)",
			"isStatic":false,
			"isProtected":false,
			"name":"execute",
			"isPublic":true,
			"isPrivate":false,
			"isFinal":false,
			"type":"define",
			"isAbstract":false,
			"rtType":"void"
		},
		"parseStringCommand(java.lang.String)":{
			"sig":"(Ljava/lang/String;)Lcom/github/alexcojocaru/mojo/elasticsearch/v2/client/ElasticsearchCommand;",
			"args":"(java.lang.String)",
			"isStatic":false,
			"isProtected":true,
			"name":"parseStringCommand",
			"isPublic":false,
			"isPrivate":false,
			"isFinal":false,
			"type":"define",
			"isAbstract":false,
			"rtType":"com.github.alexcojocaru.mojo.elasticsearch.v2.client.ElasticsearchCommand"
		},
		"lambda$parseScript$1(org.apache.maven.plugin.logging.Log,com.github.alexcojocaru.mojo.elasticsearch.v2.client.ElasticsearchClient,java.lang.String)":{
			"sig":"(Lorg/apache/maven/plugin/logging/Log;Lcom/github/alexcojocaru/mojo/elasticsearch/v2/client/ElasticsearchClient;Ljava/lang/String;)V",
			"args":"(org.apache.maven.plugin.logging.Log,com.github.alexcojocaru.mojo.elasticsearch.v2.client.ElasticsearchClient,java.lang.String)",
			"isStatic":false,
			"isProtected":false,
			"name":"lambda$parseScript$1",
			"isPublic":false,
			"isPrivate":true,
			"isFinal":false,
			"type":"define",
			"isAbstract":false,
			"rtType":"void"
		}
	},
	"isPublic":true,
	"className":"com.github.alexcojocaru.mojo.elasticsearch.v2.step.BootstrapClusterStep",
	"interNames":{
		"com.github.alexcojocaru.mojo.elasticsearch.v2.step.ClusterStep":"true"
	},
	"isFinal":false,
	"isPrivate":false,
	"isAbstract":false,
	"isInterface":false,
	"superClassName":"java.lang.Object"
}