{
	"isProtected":false,
	"finishedSearch":false,
	"methods":{
		"getRequestMethod()":{
			"sig":"()Lcom/github/alexcojocaru/mojo/elasticsearch/v2/client/ElasticsearchCommand$RequestMethod;",
			"args":"()",
			"isStatic":false,
			"isProtected":false,
			"name":"getRequestMethod",
			"isPublic":true,
			"isPrivate":false,
			"isFinal":false,
			"type":"define",
			"isAbstract":false,
			"rtType":"com.github.alexcojocaru.mojo.elasticsearch.v2.client.ElasticsearchCommand$RequestMethod"
		},
		"setRequestMethod(com.github.alexcojocaru.mojo.elasticsearch.v2.client.ElasticsearchCommand$RequestMethod)":{
			"sig":"(Lcom/github/alexcojocaru/mojo/elasticsearch/v2/client/ElasticsearchCommand$RequestMethod;)V",
			"args":"(com.github.alexcojocaru.mojo.elasticsearch.v2.client.ElasticsearchCommand$RequestMethod)",
			"isStatic":false,
			"isProtected":false,
			"name":"setRequestMethod",
			"isPublic":true,
			"isPrivate":false,
			"isFinal":false,
			"type":"define",
			"isAbstract":false,
			"rtType":"void"
		},
		"<init>()":{
			"sig":"()V",
			"args":"()",
			"isStatic":false,
			"isProtected":false,
			"name":"<init>",
			"isPublic":true,
			"isPrivate":false,
			"isFinal":false,
			"type":"define",
			"isAbstract":false,
			"rtType":"void"
		},
		"isSkip()":{
			"sig":"()Z",
			"args":"()",
			"isStatic":false,
			"isProtected":false,
			"name":"isSkip",
			"isPublic":true,
			"isPrivate":false,
			"isFinal":false,
			"type":"define",
			"isAbstract":false,
			"rtType":"boolean"
		},
		"toString()":{
			"sig":"()Ljava/lang/String;",
			"args":"()",
			"isStatic":false,
			"isProtected":false,
			"name":"toString",
			"isPublic":true,
			"isPrivate":false,
			"isFinal":false,
			"type":"define",
			"isAbstract":false,
			"rtType":"java.lang.String"
		},
		"getRelativeUrl()":{
			"sig":"()Ljava/lang/String;",
			"args":"()",
			"isStatic":false,
			"isProtected":false,
			"name":"getRelativeUrl",
			"isPublic":true,
			"isPrivate":false,
			"isFinal":false,
			"type":"define",
			"isAbstract":false,
			"rtType":"java.lang.String"
		},
		"setJson(java.lang.String)":{
			"sig":"(Ljava/lang/String;)V",
			"args":"(java.lang.String)",
			"isStatic":false,
			"isProtected":false,
			"name":"setJson",
			"isPublic":true,
			"isPrivate":false,
			"isFinal":false,
			"type":"define",
			"isAbstract":false,
			"rtType":"void"
		},
		"setSkip(boolean)":{
			"sig":"(Z)V",
			"args":"(boolean)",
			"isStatic":false,
			"isProtected":false,
			"name":"setSkip",
			"isPublic":true,
			"isPrivate":false,
			"isFinal":false,
			"type":"define",
			"isAbstract":false,
			"rtType":"void"
		},
		"getJson()":{
			"sig":"()Ljava/lang/String;",
			"args":"()",
			"isStatic":false,
			"isProtected":false,
			"name":"getJson",
			"isPublic":true,
			"isPrivate":false,
			"isFinal":false,
			"type":"define",
			"isAbstract":false,
			"rtType":"java.lang.String"
		},
		"setRelativeUrl(java.lang.String)":{
			"sig":"(Ljava/lang/String;)V",
			"args":"(java.lang.String)",
			"isStatic":false,
			"isProtected":false,
			"name":"setRelativeUrl",
			"isPublic":true,
			"isPrivate":false,
			"isFinal":false,
			"type":"define",
			"isAbstract":false,
			"rtType":"void"
		}
	},
	"isPublic":true,
	"className":"com.github.alexcojocaru.mojo.elasticsearch.v2.client.ElasticsearchCommand",
	"interNames":{},
	"isFinal":false,
	"isPrivate":false,
	"isAbstract":false,
	"isInterface":false,
	"superClassName":"java.lang.Object"
}