{"ro.pippo.session.BaseEncryptor": {"isProtected": false, "finishedSearch": true, "methods": {"decrypt(java.lang.String,java.lang.String)": {"sig": "(Ljava/lang/String;Ljava/lang/String;)Ljava/lang/String;", "args": "(java.lang.String,java.lang.String)", "isStatic": false, "isProtected": false, "name": "decrypt", "isPublic": true, "isPrivate": false, "isFinal": false, "type": "define", "isAbstract": false, "rtType": "java.lang.String"}, "<init>(java.lang.String)": {"sig": "(Ljava/lang/String;)V", "args": "(java.lang.String)", "isStatic": false, "isProtected": false, "name": "<init>", "isPublic": true, "isPrivate": false, "isFinal": false, "type": "define", "isAbstract": false, "rtType": "void"}, "encrypt(java.lang.String,java.lang.String)": {"sig": "(Ljava/lang/String;Ljava/lang/String;)Ljava/lang/String;", "args": "(java.lang.String,java.lang.String)", "isStatic": false, "isProtected": false, "name": "encrypt", "isPublic": true, "isPrivate": false, "isFinal": false, "type": "define", "isAbstract": false, "rtType": "java.lang.String"}}, "isPublic": true, "className": "ro.pippo.session.BaseEncryptor", "interNames": {"ro.pippo.session.Encryptor": "true"}, "isFinal": false, "isPrivate": false, "isAbstract": false, "isInterface": false, "superClassName": "java.lang.Object"}, "ro.pippo.session.CookieSessionStrategy": {"isProtected": false, "finishedSearch": true, "methods": {"getRequestedSessionId(javax.servlet.http.HttpServletRequest)": {"sig": "(Ljavax/servlet/http/HttpServletRequest;)Ljava/lang/String;", "args": "(javax.servlet.http.HttpServletRequest)", "isStatic": false, "isProtected": false, "name": "getRequestedSessionId", "isPublic": true, "isPrivate": false, "isFinal": false, "type": "define", "isAbstract": false, "rtType": "java.lang.String"}, "<init>()": {"sig": "()V", "args": "()", "isStatic": false, "isProtected": false, "name": "<init>", "isPublic": true, "isPrivate": false, "isFinal": false, "type": "define", "isAbstract": false, "rtType": "void"}, "onInvalidatedSession(javax.servlet.http.HttpServletRequest,javax.servlet.http.HttpServletResponse)": {"sig": "(Ljavax/servlet/http/HttpServletRequest;Ljavax/servlet/http/HttpServletResponse;)V", "args": "(javax.servlet.http.HttpServletRequest,javax.servlet.http.HttpServletResponse)", "isStatic": false, "isProtected": false, "name": "onInvalidatedSession", "isPublic": true, "isPrivate": false, "isFinal": false, "type": "define", "isAbstract": false, "rtType": "void"}, "getSessionIdCookie(javax.servlet.http.HttpServletRequest)": {"sig": "(Ljavax/servlet/http/HttpServletRequest;)Ljavax/servlet/http/Cookie;", "args": "(javax.servlet.http.HttpServletRequest)", "isStatic": false, "isProtected": false, "name": "getSessionIdCookie", "isPublic": false, "isPrivate": true, "isFinal": false, "type": "define", "isAbstract": false, "rtType": "javax.servlet.http.Cookie"}, "createSessionIdCookie(javax.servlet.http.HttpServletRequest,java.lang.String)": {"sig": "(Ljavax/servlet/http/HttpServletRequest;Ljava/lang/String;)Ljavax/servlet/http/Cookie;", "args": "(javax.servlet.http.HttpServletRequest,java.lang.String)", "isStatic": false, "isProtected": false, "name": "createSessionIdCookie", "isPublic": false, "isPrivate": true, "isFinal": false, "type": "define", "isAbstract": false, "rtType": "javax.servlet.http.Cookie"}, "onNewSession(javax.servlet.http.HttpServletRequest,javax.servlet.http.HttpServletResponse,ro.pippo.session.SessionData)": {"sig": "(Ljavax/servlet/http/HttpServletRequest;Ljavax/servlet/http/HttpServletResponse;Lro/pippo/session/SessionData;)V", "args": "(javax.servlet.http.HttpServletRequest,javax.servlet.http.HttpServletResponse,ro.pippo.session.SessionData)", "isStatic": false, "isProtected": false, "name": "onNewSession", "isPublic": true, "isPrivate": false, "isFinal": false, "type": "define", "isAbstract": false, "rtType": "void"}}, "isPublic": true, "className": "ro.pippo.session.CookieSessionStrategy", "interNames": {"ro.pippo.session.SessionStrategy": "true"}, "isFinal": false, "isPrivate": false, "isAbstract": false, "isInterface": false, "superClassName": "java.lang.Object"}, "ro.pippo.session.DefaultEncryptor": {"isProtected": false, "finishedSearch": true, "methods": {"<init>()": {"sig": "()V", "args": "()", "isStatic": false, "isProtected": false, "name": "<init>", "isPublic": true, "isPrivate": false, "isFinal": false, "type": "define", "isAbstract": false, "rtType": "void"}, "decrypt(java.lang.String,java.lang.String)": {"sig": "(Ljava/lang/String;Ljava/lang/String;)Ljava/lang/String;", "args": "(java.lang.String,java.lang.String)", "isStatic": false, "isProtected": false, "name": "decrypt", "isPublic": true, "isPrivate": false, "isFinal": false, "type": "extend", "isAbstract": false, "rtType": "java.lang.String"}, "<init>(java.lang.String)": {"sig": "(Ljava/lang/String;)V", "args": "(java.lang.String)", "isStatic": false, "isProtected": false, "name": "<init>", "isPublic": true, "isPrivate": false, "isFinal": false, "type": "extend", "isAbstract": false, "rtType": "void"}, "encrypt(java.lang.String,java.lang.String)": {"sig": "(Ljava/lang/String;Ljava/lang/String;)Ljava/lang/String;", "args": "(java.lang.String,java.lang.String)", "isStatic": false, "isProtected": false, "name": "encrypt", "isPublic": true, "isPrivate": false, "isFinal": false, "type": "extend", "isAbstract": false, "rtType": "java.lang.String"}}, "isPublic": true, "className": "ro.pippo.session.DefaultEncryptor", "interNames": {}, "isFinal": false, "isPrivate": false, "isAbstract": false, "isInterface": false, "superClassName": "ro.pippo.session.BaseEncryptor"}, "ro.pippo.session.EncryptedSessionDataTranscoder$1": {"isProtected": false, "finishedSearch": true, "methods": {}, "isPublic": false, "className": "ro.pippo.session.EncryptedSessionDataTranscoder$1", "interNames": {}, "isFinal": false, "isPrivate": false, "isAbstract": false, "isInterface": false, "superClassName": "java.lang.Object"}, "ro.pippo.session.EncryptedSessionDataTranscoder$Builder": {"isProtected": false, "finishedSearch": true, "methods": {"encryptor(ro.pippo.session.Encryptor)": {"sig": "(Lro/pippo/session/Encryptor;)Lro/pippo/session/EncryptedSessionDataTranscoder$Builder;", "args": "(ro.pippo.session.Encryptor)", "isStatic": false, "isProtected": false, "name": "encryptor", "isPublic": true, "isPrivate": false, "isFinal": false, "type": "define", "isAbstract": false, "rtType": "ro.pippo.session.EncryptedSessionDataTranscoder$Builder"}, "<init>()": {"sig": "()V", "args": "()", "isStatic": false, "isProtected": false, "name": "<init>", "isPublic": true, "isPrivate": false, "isFinal": false, "type": "define", "isAbstract": false, "rtType": "void"}, "transcoder(ro.pippo.session.SessionDataTranscoder)": {"sig": "(Lro/pippo/session/SessionDataTranscoder;)Lro/pippo/session/EncryptedSessionDataTranscoder$Builder;", "args": "(ro.pippo.session.SessionDataTranscoder)", "isStatic": false, "isProtected": false, "name": "transcoder", "isPublic": true, "isPrivate": false, "isFinal": false, "type": "define", "isAbstract": false, "rtType": "ro.pippo.session.EncryptedSessionDataTranscoder$Builder"}, "hmacSHA1Key(java.lang.String)": {"sig": "(Ljava/lang/String;)Lro/pippo/session/EncryptedSessionDataTranscoder$Builder;", "args": "(java.lang.String)", "isStatic": false, "isProtected": false, "name": "hmacSHA1Key", "isPublic": true, "isPrivate": false, "isFinal": false, "type": "define", "isAbstract": false, "rtType": "ro.pippo.session.EncryptedSessionDataTranscoder$Builder"}, "secretKey(java.lang.String)": {"sig": "(Ljava/lang/String;)Lro/pippo/session/EncryptedSessionDataTranscoder$Builder;", "args": "(java.lang.String)", "isStatic": false, "isProtected": false, "name": "secretKey", "isPublic": true, "isPrivate": false, "isFinal": false, "type": "define", "isAbstract": false, "rtType": "ro.pippo.session.EncryptedSessionDataTranscoder$Builder"}, "build()": {"sig": "()Lro/pippo/session/EncryptedSessionDataTranscoder;", "args": "()", "isStatic": false, "isProtected": false, "name": "build", "isPublic": true, "isPrivate": false, "isFinal": false, "type": "define", "isAbstract": false, "rtType": "ro.pippo.session.EncryptedSessionDataTranscoder"}}, "isPublic": true, "className": "ro.pippo.session.EncryptedSessionDataTranscoder$Builder", "interNames": {}, "isFinal": false, "isPrivate": false, "isAbstract": false, "isInterface": false, "superClassName": "java.lang.Object"}, "ro.pippo.session.EncryptedSessionDataTranscoder": {"isProtected": false, "finishedSearch": true, "methods": {"decode(java.lang.String)": {"sig": "(Ljava/lang/String;)Lro/pippo/session/SessionData;", "args": "(java.lang.String)", "isStatic": false, "isProtected": false, "name": "decode", "isPublic": true, "isPrivate": false, "isFinal": false, "type": "define", "isAbstract": false, "rtType": "ro.pippo.session.SessionData"}, "isValidSessionData(ro.pippo.session.SessionData)": {"sig": "(Lro/pippo/session/SessionData;)Z", "args": "(ro.pippo.session.SessionData)", "isStatic": false, "isProtected": true, "name": "isValidSessionData", "isPublic": false, "isPrivate": false, "isFinal": false, "type": "define", "isAbstract": false, "rtType": "boolean"}, "<init>(java.lang.String,java.lang.String,ro.pippo.session.SessionDataTranscoder,ro.pippo.session.Encryptor)": {"sig": "(Ljava/lang/String;Ljava/lang/String;Lro/pippo/session/SessionDataTranscoder;Lro/pippo/session/Encryptor;)V", "args": "(java.lang.String,java.lang.String,ro.pippo.session.SessionDataTranscoder,ro.pippo.session.Encryptor)", "isStatic": false, "isProtected": false, "name": "<init>", "isPublic": false, "isPrivate": true, "isFinal": false, "type": "define", "isAbstract": false, "rtType": "void"}, "checksumSessionData(ro.pippo.session.SessionData)": {"sig": "(Lro/pippo/session/SessionData;)Ljava/lang/String;", "args": "(ro.pippo.session.SessionData)", "isStatic": false, "isProtected": true, "name": "checksumSessionData", "isPublic": false, "isPrivate": false, "isFinal": false, "type": "define", "isAbstract": false, "rtType": "java.lang.String"}, "<init>(java.lang.String,java.lang.String,ro.pippo.session.SessionDataTranscoder,ro.pippo.session.Encryptor,ro.pippo.session.EncryptedSessionDataTranscoder$1)": {"sig": "(Ljava/lang/String;Ljava/lang/String;Lro/pippo/session/SessionDataTranscoder;Lro/pippo/session/Encryptor;Lro/pippo/session/EncryptedSessionDataTranscoder$1;)V", "args": "(java.lang.String,java.lang.String,ro.pippo.session.SessionDataTranscoder,ro.pippo.session.Encryptor,ro.pippo.session.EncryptedSessionDataTranscoder$1)", "isStatic": false, "isProtected": false, "name": "<init>", "isPublic": false, "isPrivate": false, "isFinal": false, "type": "define", "isAbstract": false, "rtType": "void"}, "encode(ro.pippo.session.SessionData)": {"sig": "(Lro/pippo/session/SessionData;)Ljava/lang/String;", "args": "(ro.pippo.session.SessionData)", "isStatic": false, "isProtected": false, "name": "encode", "isPublic": true, "isPrivate": false, "isFinal": false, "type": "define", "isAbstract": false, "rtType": "java.lang.String"}}, "isPublic": true, "className": "ro.pippo.session.EncryptedSessionDataTranscoder", "interNames": {"ro.pippo.session.SessionDataTranscoder": "true"}, "isFinal": false, "isPrivate": false, "isAbstract": false, "isInterface": false, "superClassName": "java.lang.Object"}, "ro.pippo.session.Encryptor": {"isProtected": false, "finishedSearch": true, "methods": {"decrypt(java.lang.String,java.lang.String)": {"sig": "(Ljava/lang/String;Ljava/lang/String;)Ljava/lang/String;", "args": "(java.lang.String,java.lang.String)", "isStatic": false, "isProtected": false, "name": "decrypt", "isPublic": true, "isPrivate": false, "isFinal": false, "type": "define", "isAbstract": true, "rtType": "java.lang.String"}, "encrypt(java.lang.String,java.lang.String)": {"sig": "(Ljava/lang/String;Ljava/lang/String;)Ljava/lang/String;", "args": "(java.lang.String,java.lang.String)", "isStatic": false, "isProtected": false, "name": "encrypt", "isPublic": true, "isPrivate": false, "isFinal": false, "type": "define", "isAbstract": true, "rtType": "java.lang.String"}}, "isPublic": true, "className": "ro.pippo.session.Encryptor", "interNames": {}, "isFinal": false, "isPrivate": false, "isAbstract": true, "isInterface": true, "superClassName": "java.lang.Object"}, "ro.pippo.session.MemorySessionDataStorage": {"isProtected": false, "finishedSearch": true, "methods": {"<init>()": {"sig": "()V", "args": "()", "isStatic": false, "isProtected": false, "name": "<init>", "isPublic": true, "isPrivate": false, "isFinal": false, "type": "define", "isAbstract": false, "rtType": "void"}, "delete(java.lang.String)": {"sig": "(Ljava/lang/String;)V", "args": "(java.lang.String)", "isStatic": false, "isProtected": false, "name": "delete", "isPublic": true, "isPrivate": false, "isFinal": false, "type": "define", "isAbstract": false, "rtType": "void"}, "save(ro.pippo.session.SessionData)": {"sig": "(Lro/pippo/session/SessionData;)V", "args": "(ro.pippo.session.SessionData)", "isStatic": false, "isProtected": false, "name": "save", "isPublic": true, "isPrivate": false, "isFinal": false, "type": "define", "isAbstract": false, "rtType": "void"}, "create()": {"sig": "()Lro/pippo/session/SessionData;", "args": "()", "isStatic": false, "isProtected": false, "name": "create", "isPublic": true, "isPrivate": false, "isFinal": false, "type": "define", "isAbstract": false, "rtType": "ro.pippo.session.SessionData"}, "get(java.lang.String)": {"sig": "(Ljava/lang/String;)Lro/pippo/session/SessionData;", "args": "(java.lang.String)", "isStatic": false, "isProtected": false, "name": "get", "isPublic": true, "isPrivate": false, "isFinal": false, "type": "define", "isAbstract": false, "rtType": "ro.pippo.session.SessionData"}}, "isPublic": true, "className": "ro.pippo.session.MemorySessionDataStorage", "interNames": {"ro.pippo.session.SessionDataStorage": "true"}, "isFinal": false, "isPrivate": false, "isAbstract": false, "isInterface": false, "superClassName": "java.lang.Object"}, "ro.pippo.session.PippoHttpSession": {"isProtected": false, "finishedSearch": true, "methods": {"removeValue(java.lang.String)": {"sig": "(Ljava/lang/String;)V", "args": "(java.lang.String)", "isStatic": false, "isProtected": false, "name": "removeValue", "isPublic": true, "isPrivate": false, "isFinal": false, "type": "define", "isAbstract": false, "rtType": "void"}, "getSessionContext()": {"sig": "()Ljavax/servlet/http/HttpSessionContext;", "args": "()", "isStatic": false, "isProtected": false, "name": "getSessionContext", "isPublic": true, "isPrivate": false, "isFinal": false, "type": "define", "isAbstract": false, "rtType": "javax.servlet.http.HttpSessionContext"}, "getAttribute(java.lang.String)": {"sig": "(Ljava/lang/String;)Ljava/lang/Object;", "args": "(java.lang.String)", "isStatic": false, "isProtected": false, "name": "getAttribute", "isPublic": true, "isPrivate": false, "isFinal": false, "type": "define", "isAbstract": false, "rtType": "java.lang.Object"}, "hashCode()": {"sig": "()I", "args": "()", "isStatic": false, "isProtected": false, "name": "hashCode", "isPublic": true, "isPrivate": false, "isFinal": false, "type": "define", "isAbstract": false, "rtType": "int"}, "getId()": {"sig": "()Ljava/lang/String;", "args": "()", "isStatic": false, "isProtected": false, "name": "getId", "isPublic": true, "isPrivate": false, "isFinal": false, "type": "define", "isAbstract": false, "rtType": "java.lang.String"}, "setAttribute(java.lang.String,java.lang.Object)": {"sig": "(Ljava/lang/String;Ljava/lang/Object;)V", "args": "(java.lang.String,java.lang.Object)", "isStatic": false, "isProtected": false, "name": "setAttribute", "isPublic": true, "isPrivate": false, "isFinal": false, "type": "define", "isAbstract": false, "rtType": "void"}, "getAttributeNames()": {"sig": "()Ljava/util/Enumeration;", "args": "()", "isStatic": false, "isProtected": false, "name": "getAttributeNames", "isPublic": true, "isPrivate": false, "isFinal": false, "type": "define", "isAbstract": false, "rtType": "java.util.Enumeration"}, "putValue(java.lang.String,java.lang.Object)": {"sig": "(Ljava/lang/String;Ljava/lang/Object;)V", "args": "(java.lang.String,java.lang.Object)", "isStatic": false, "isProtected": false, "name": "putValue", "isPublic": true, "isPrivate": false, "isFinal": false, "type": "define", "isAbstract": false, "rtType": "void"}, "checkInvalidated()": {"sig": "()V", "args": "()", "isStatic": false, "isProtected": false, "name": "checkInvalidated", "isPublic": false, "isPrivate": true, "isFinal": false, "type": "define", "isAbstract": false, "rtType": "void"}, "<init>(ro.pippo.session.SessionData,javax.servlet.ServletContext)": {"sig": "(Lro/pippo/session/SessionData;Ljavax/servlet/ServletContext;)V", "args": "(ro.pippo.session.SessionData,javax.servlet.ServletContext)", "isStatic": false, "isProtected": false, "name": "<init>", "isPublic": true, "isPrivate": false, "isFinal": false, "type": "define", "isAbstract": false, "rtType": "void"}, "getServletContext()": {"sig": "()Ljavax/servlet/ServletContext;", "args": "()", "isStatic": false, "isProtected": false, "name": "getServletContext", "isPublic": true, "isPrivate": false, "isFinal": false, "type": "define", "isAbstract": false, "rtType": "javax.servlet.ServletContext"}, "getValue(java.lang.String)": {"sig": "(Ljava/lang/String;)Ljava/lang/Object;", "args": "(java.lang.String)", "isStatic": false, "isProtected": false, "name": "getValue", "isPublic": true, "isPrivate": false, "isFinal": false, "type": "define", "isAbstract": false, "rtType": "java.lang.Object"}, "toString()": {"sig": "()Ljava/lang/String;", "args": "()", "isStatic": false, "isProtected": false, "name": "toString", "isPublic": true, "isPrivate": false, "isFinal": false, "type": "define", "isAbstract": false, "rtType": "java.lang.String"}, "getMaxInactiveInterval()": {"sig": "()I", "args": "()", "isStatic": false, "isProtected": false, "name": "getMaxInactiveInterval", "isPublic": true, "isPrivate": false, "isFinal": false, "type": "define", "isAbstract": false, "rtType": "int"}, "getLastAccessedTime()": {"sig": "()J", "args": "()", "isStatic": false, "isProtected": false, "name": "getLastAccessedTime", "isPublic": true, "isPrivate": false, "isFinal": false, "type": "define", "isAbstract": false, "rtType": "long"}, "removeAttribute(java.lang.String)": {"sig": "(Ljava/lang/String;)V", "args": "(java.lang.String)", "isStatic": false, "isProtected": false, "name": "removeAttribute", "isPublic": true, "isPrivate": false, "isFinal": false, "type": "define", "isAbstract": false, "rtType": "void"}, "getCreationTime()": {"sig": "()J", "args": "()", "isStatic": false, "isProtected": false, "name": "getCreationTime", "isPublic": true, "isPrivate": false, "isFinal": false, "type": "define", "isAbstract": false, "rtType": "long"}, "getSessionData()": {"sig": "()Lro/pippo/session/SessionData;", "args": "()", "isStatic": false, "isProtected": false, "name": "getSessionData", "isPublic": true, "isPrivate": false, "isFinal": false, "type": "define", "isAbstract": false, "rtType": "ro.pippo.session.SessionData"}, "onInvalidate()": {"sig": "()V", "args": "()", "isStatic": false, "isProtected": true, "name": "onInvalidate", "isPublic": false, "isPrivate": false, "isFinal": false, "type": "define", "isAbstract": false, "rtType": "void"}, "isNew()": {"sig": "()Z", "args": "()", "isStatic": false, "isProtected": false, "name": "isNew", "isPublic": true, "isPrivate": false, "isFinal": false, "type": "define", "isAbstract": false, "rtType": "boolean"}, "invalidate()": {"sig": "()V", "args": "()", "isStatic": false, "isProtected": false, "name": "invalidate", "isPublic": true, "isPrivate": false, "isFinal": false, "type": "define", "isAbstract": false, "rtType": "void"}, "setNew(boolean)": {"sig": "(Z)V", "args": "(boolean)", "isStatic": false, "isProtected": false, "name": "setNew", "isPublic": true, "isPrivate": false, "isFinal": false, "type": "define", "isAbstract": false, "rtType": "void"}, "equals(java.lang.Object)": {"sig": "(Ljava/lang/Object;)Z", "args": "(java.lang.Object)", "isStatic": false, "isProtected": false, "name": "equals", "isPublic": true, "isPrivate": false, "isFinal": false, "type": "define", "isAbstract": false, "rtType": "boolean"}, "setMaxInactiveInterval(int)": {"sig": "(I)V", "args": "(int)", "isStatic": false, "isProtected": false, "name": "setMaxInactiveInterval", "isPublic": true, "isPrivate": false, "isFinal": false, "type": "define", "isAbstract": false, "rtType": "void"}, "getValueNames()": {"sig": "()[Ljava/lang/String;", "args": "()", "isStatic": false, "isProtected": false, "name": "getValueNames", "isPublic": true, "isPrivate": false, "isFinal": false, "type": "define", "isAbstract": false, "rtType": "java.lang.String[]"}}, "isPublic": false, "className": "ro.pippo.session.PippoHttpSession", "interNames": {"javax.servlet.http.HttpSession": "true"}, "isFinal": false, "isPrivate": false, "isAbstract": false, "isInterface": false, "superClassName": "java.lang.Object"}, "ro.pippo.session.SerializationSessionDataTranscoder": {"isProtected": false, "finishedSearch": true, "methods": {"decode(java.lang.String)": {"sig": "(Ljava/lang/String;)Lro/pippo/session/SessionData;", "args": "(java.lang.String)", "isStatic": false, "isProtected": false, "name": "decode", "isPublic": true, "isPrivate": false, "isFinal": false, "type": "define", "isAbstract": false, "rtType": "ro.pippo.session.SessionData"}, "<init>()": {"sig": "()V", "args": "()", "isStatic": false, "isProtected": false, "name": "<init>", "isPublic": true, "isPrivate": false, "isFinal": false, "type": "define", "isAbstract": false, "rtType": "void"}, "encode(ro.pippo.session.SessionData)": {"sig": "(Lro/pippo/session/SessionData;)Ljava/lang/String;", "args": "(ro.pippo.session.SessionData)", "isStatic": false, "isProtected": false, "name": "encode", "isPublic": true, "isPrivate": false, "isFinal": false, "type": "define", "isAbstract": false, "rtType": "java.lang.String"}}, "isPublic": true, "className": "ro.pippo.session.SerializationSessionDataTranscoder", "interNames": {"ro.pippo.session.SessionDataTranscoder": "true"}, "isFinal": false, "isPrivate": false, "isAbstract": false, "isInterface": false, "superClassName": "java.lang.Object"}, "ro.pippo.session.SessionData": {"isProtected": false, "finishedSearch": true, "methods": {"put(java.lang.String,java.lang.Object)": {"sig": "(Ljava/lang/String;Ljava/lang/Object;)V", "args": "(java.lang.String,java.lang.Object)", "isStatic": false, "isProtected": false, "name": "put", "isPublic": true, "isPrivate": false, "isFinal": false, "type": "define", "isAbstract": false, "rtType": "void"}, "getNames()": {"sig": "()Ljava/util/Set;", "args": "()", "isStatic": false, "isProtected": false, "name": "getNames", "isPublic": true, "isPrivate": false, "isFinal": false, "type": "define", "isAbstract": false, "rtType": "java.util.Set"}, "setCreationTime(long)": {"sig": "(J)V", "args": "(long)", "isStatic": false, "isProtected": false, "name": "setCreationTime", "isPublic": true, "isPrivate": false, "isFinal": false, "type": "define", "isAbstract": false, "rtType": "void"}, "toString()": {"sig": "()Ljava/lang/String;", "args": "()", "isStatic": false, "isProtected": false, "name": "toString", "isPublic": true, "isPrivate": false, "isFinal": false, "type": "define", "isAbstract": false, "rtType": "java.lang.String"}, "getMaxInactiveInterval()": {"sig": "()I", "args": "()", "isStatic": false, "isProtected": false, "name": "getMaxInactiveInterval", "isPublic": true, "isPrivate": false, "isFinal": false, "type": "define", "isAbstract": false, "rtType": "int"}, "getLastAccessedTime()": {"sig": "()J", "args": "()", "isStatic": false, "isProtected": false, "name": "getLastAccessedTime", "isPublic": true, "isPrivate": false, "isFinal": false, "type": "define", "isAbstract": false, "rtType": "long"}, "remove(java.lang.String)": {"sig": "(Ljava/lang/String;)Ljava/lang/Object;", "args": "(java.lang.String)", "isStatic": false, "isProtected": false, "name": "remove", "isPublic": true, "isPrivate": false, "isFinal": false, "type": "define", "isAbstract": false, "rtType": "java.lang.Object"}, "isExpired(long)": {"sig": "(J)Z", "args": "(long)", "isStatic": false, "isProtected": false, "name": "isExpired", "isPublic": false, "isPrivate": false, "isFinal": false, "type": "define", "isAbstract": false, "rtType": "boolean"}, "getCreationTime()": {"sig": "()J", "args": "()", "isStatic": false, "isProtected": false, "name": "getCreationTime", "isPublic": true, "isPrivate": false, "isFinal": false, "type": "define", "isAbstract": false, "rtType": "long"}, "hashCode()": {"sig": "()I", "args": "()", "isStatic": false, "isProtected": false, "name": "hashCode", "isPublic": true, "isPrivate": false, "isFinal": false, "type": "define", "isAbstract": false, "rtType": "int"}, "getId()": {"sig": "()Ljava/lang/String;", "args": "()", "isStatic": false, "isProtected": false, "name": "getId", "isPublic": true, "isPrivate": false, "isFinal": false, "type": "define", "isAbstract": false, "rtType": "java.lang.String"}, "setLastAccessedTime(long)": {"sig": "(J)V", "args": "(long)", "isStatic": false, "isProtected": false, "name": "setLastAccessedTime", "isPublic": true, "isPrivate": false, "isFinal": false, "type": "define", "isAbstract": false, "rtType": "void"}, "<init>()": {"sig": "()V", "args": "()", "isStatic": false, "isProtected": false, "name": "<init>", "isPublic": true, "isPrivate": false, "isFinal": false, "type": "define", "isAbstract": false, "rtType": "void"}, "isExpired()": {"sig": "()Z", "args": "()", "isStatic": false, "isProtected": false, "name": "isExpired", "isPublic": true, "isPrivate": false, "isFinal": false, "type": "define", "isAbstract": false, "rtType": "boolean"}, "equals(java.lang.Object)": {"sig": "(Ljava/lang/Object;)Z", "args": "(java.lang.Object)", "isStatic": false, "isProtected": false, "name": "equals", "isPublic": true, "isPrivate": false, "isFinal": false, "type": "define", "isAbstract": false, "rtType": "boolean"}, "setMaxInactiveInterval(int)": {"sig": "(I)V", "args": "(int)", "isStatic": false, "isProtected": false, "name": "setMaxInactiveInterval", "isPublic": true, "isPrivate": false, "isFinal": false, "type": "define", "isAbstract": false, "rtType": "void"}, "get(java.lang.String)": {"sig": "(Ljava/lang/String;)Ljava/lang/Object;", "args": "(java.lang.String)", "isStatic": false, "isProtected": false, "name": "get", "isPublic": true, "isPrivate": false, "isFinal": false, "type": "define", "isAbstract": false, "rtType": "java.lang.Object"}}, "isPublic": true, "className": "ro.pippo.session.SessionData", "interNames": {"java.io.Serializable": "true"}, "isFinal": false, "isPrivate": false, "isAbstract": false, "isInterface": false, "superClassName": "java.lang.Object"}, "ro.pippo.session.SessionDataStorage": {"isProtected": false, "finishedSearch": true, "methods": {"delete(java.lang.String)": {"sig": "(Ljava/lang/String;)V", "args": "(java.lang.String)", "isStatic": false, "isProtected": false, "name": "delete", "isPublic": true, "isPrivate": false, "isFinal": false, "type": "define", "isAbstract": true, "rtType": "void"}, "save(ro.pippo.session.SessionData)": {"sig": "(Lro/pippo/session/SessionData;)V", "args": "(ro.pippo.session.SessionData)", "isStatic": false, "isProtected": false, "name": "save", "isPublic": true, "isPrivate": false, "isFinal": false, "type": "define", "isAbstract": true, "rtType": "void"}, "create()": {"sig": "()Lro/pippo/session/SessionData;", "args": "()", "isStatic": false, "isProtected": false, "name": "create", "isPublic": true, "isPrivate": false, "isFinal": false, "type": "define", "isAbstract": true, "rtType": "ro.pippo.session.SessionData"}, "get(java.lang.String)": {"sig": "(Ljava/lang/String;)Lro/pippo/session/SessionData;", "args": "(java.lang.String)", "isStatic": false, "isProtected": false, "name": "get", "isPublic": true, "isPrivate": false, "isFinal": false, "type": "define", "isAbstract": true, "rtType": "ro.pippo.session.SessionData"}}, "isPublic": true, "className": "ro.pippo.session.SessionDataStorage", "interNames": {}, "isFinal": false, "isPrivate": false, "isAbstract": true, "isInterface": true, "superClassName": "java.lang.Object"}, "ro.pippo.session.SessionDataTranscoder": {"isProtected": false, "finishedSearch": true, "methods": {"decode(java.lang.String)": {"sig": "(Ljava/lang/String;)Lro/pippo/session/SessionData;", "args": "(java.lang.String)", "isStatic": false, "isProtected": false, "name": "decode", "isPublic": true, "isPrivate": false, "isFinal": false, "type": "define", "isAbstract": true, "rtType": "ro.pippo.session.SessionData"}, "encode(ro.pippo.session.SessionData)": {"sig": "(Lro/pippo/session/SessionData;)Ljava/lang/String;", "args": "(ro.pippo.session.SessionData)", "isStatic": false, "isProtected": false, "name": "encode", "isPublic": true, "isPrivate": false, "isFinal": false, "type": "define", "isAbstract": true, "rtType": "java.lang.String"}}, "isPublic": true, "className": "ro.pippo.session.SessionDataTranscoder", "interNames": {}, "isFinal": false, "isPrivate": false, "isAbstract": true, "isInterface": true, "superClassName": "java.lang.Object"}, "ro.pippo.session.SessionHttpServletRequest$1": {"isProtected": false, "finishedSearch": true, "methods": {"onInvalidate()": {"sig": "()V", "args": "()", "isStatic": false, "isProtected": false, "name": "onInvalidate", "isPublic": true, "isPrivate": false, "isFinal": false, "type": "override", "isAbstract": false, "rtType": "void"}, "<init>(ro.pippo.session.SessionHttpServletRequest,ro.pippo.session.SessionData,javax.servlet.ServletContext)": {"sig": "(Lro/pippo/session/SessionHttpServletRequest;Lro/pippo/session/SessionData;Ljavax/servlet/ServletContext;)V", "args": "(ro.pippo.session.SessionHttpServletRequest,ro.pippo.session.SessionData,javax.servlet.ServletContext)", "isStatic": false, "isProtected": false, "name": "<init>", "isPublic": false, "isPrivate": false, "isFinal": false, "type": "define", "isAbstract": false, "rtType": "void"}, "removeValue(java.lang.String)": {"sig": "(Ljava/lang/String;)V", "args": "(java.lang.String)", "isStatic": false, "isProtected": false, "name": "removeValue", "isPublic": true, "isPrivate": false, "isFinal": false, "type": "extend", "isAbstract": false, "rtType": "void"}, "getSessionContext()": {"sig": "()Ljavax/servlet/http/HttpSessionContext;", "args": "()", "isStatic": false, "isProtected": false, "name": "getSessionContext", "isPublic": true, "isPrivate": false, "isFinal": false, "type": "extend", "isAbstract": false, "rtType": "javax.servlet.http.HttpSessionContext"}, "getAttribute(java.lang.String)": {"sig": "(Ljava/lang/String;)Ljava/lang/Object;", "args": "(java.lang.String)", "isStatic": false, "isProtected": false, "name": "getAttribute", "isPublic": true, "isPrivate": false, "isFinal": false, "type": "extend", "isAbstract": false, "rtType": "java.lang.Object"}, "hashCode()": {"sig": "()I", "args": "()", "isStatic": false, "isProtected": false, "name": "hashCode", "isPublic": true, "isPrivate": false, "isFinal": false, "type": "extend", "isAbstract": false, "rtType": "int"}, "getId()": {"sig": "()Ljava/lang/String;", "args": "()", "isStatic": false, "isProtected": false, "name": "getId", "isPublic": true, "isPrivate": false, "isFinal": false, "type": "extend", "isAbstract": false, "rtType": "java.lang.String"}, "setAttribute(java.lang.String,java.lang.Object)": {"sig": "(Ljava/lang/String;Ljava/lang/Object;)V", "args": "(java.lang.String,java.lang.Object)", "isStatic": false, "isProtected": false, "name": "setAttribute", "isPublic": true, "isPrivate": false, "isFinal": false, "type": "extend", "isAbstract": false, "rtType": "void"}, "getAttributeNames()": {"sig": "()Ljava/util/Enumeration;", "args": "()", "isStatic": false, "isProtected": false, "name": "getAttributeNames", "isPublic": true, "isPrivate": false, "isFinal": false, "type": "extend", "isAbstract": false, "rtType": "java.util.Enumeration"}, "putValue(java.lang.String,java.lang.Object)": {"sig": "(Ljava/lang/String;Ljava/lang/Object;)V", "args": "(java.lang.String,java.lang.Object)", "isStatic": false, "isProtected": false, "name": "putValue", "isPublic": true, "isPrivate": false, "isFinal": false, "type": "extend", "isAbstract": false, "rtType": "void"}, "checkInvalidated()": {"sig": "()V", "args": "()", "isStatic": false, "isProtected": false, "name": "checkInvalidated", "isPublic": false, "isPrivate": true, "isFinal": false, "type": "extend", "isAbstract": false, "rtType": "void"}, "<init>(ro.pippo.session.SessionData,javax.servlet.ServletContext)": {"sig": "(Lro/pippo/session/SessionData;Ljavax/servlet/ServletContext;)V", "args": "(ro.pippo.session.SessionData,javax.servlet.ServletContext)", "isStatic": false, "isProtected": false, "name": "<init>", "isPublic": true, "isPrivate": false, "isFinal": false, "type": "extend", "isAbstract": false, "rtType": "void"}, "getServletContext()": {"sig": "()Ljavax/servlet/ServletContext;", "args": "()", "isStatic": false, "isProtected": false, "name": "getServletContext", "isPublic": true, "isPrivate": false, "isFinal": false, "type": "extend", "isAbstract": false, "rtType": "javax.servlet.ServletContext"}, "getValue(java.lang.String)": {"sig": "(Ljava/lang/String;)Ljava/lang/Object;", "args": "(java.lang.String)", "isStatic": false, "isProtected": false, "name": "getValue", "isPublic": true, "isPrivate": false, "isFinal": false, "type": "extend", "isAbstract": false, "rtType": "java.lang.Object"}, "toString()": {"sig": "()Ljava/lang/String;", "args": "()", "isStatic": false, "isProtected": false, "name": "toString", "isPublic": true, "isPrivate": false, "isFinal": false, "type": "extend", "isAbstract": false, "rtType": "java.lang.String"}, "getMaxInactiveInterval()": {"sig": "()I", "args": "()", "isStatic": false, "isProtected": false, "name": "getMaxInactiveInterval", "isPublic": true, "isPrivate": false, "isFinal": false, "type": "extend", "isAbstract": false, "rtType": "int"}, "getLastAccessedTime()": {"sig": "()J", "args": "()", "isStatic": false, "isProtected": false, "name": "getLastAccessedTime", "isPublic": true, "isPrivate": false, "isFinal": false, "type": "extend", "isAbstract": false, "rtType": "long"}, "removeAttribute(java.lang.String)": {"sig": "(Ljava/lang/String;)V", "args": "(java.lang.String)", "isStatic": false, "isProtected": false, "name": "removeAttribute", "isPublic": true, "isPrivate": false, "isFinal": false, "type": "extend", "isAbstract": false, "rtType": "void"}, "getCreationTime()": {"sig": "()J", "args": "()", "isStatic": false, "isProtected": false, "name": "getCreationTime", "isPublic": true, "isPrivate": false, "isFinal": false, "type": "extend", "isAbstract": false, "rtType": "long"}, "getSessionData()": {"sig": "()Lro/pippo/session/SessionData;", "args": "()", "isStatic": false, "isProtected": false, "name": "getSessionData", "isPublic": true, "isPrivate": false, "isFinal": false, "type": "extend", "isAbstract": false, "rtType": "ro.pippo.session.SessionData"}, "isNew()": {"sig": "()Z", "args": "()", "isStatic": false, "isProtected": false, "name": "isNew", "isPublic": true, "isPrivate": false, "isFinal": false, "type": "extend", "isAbstract": false, "rtType": "boolean"}, "invalidate()": {"sig": "()V", "args": "()", "isStatic": false, "isProtected": false, "name": "invalidate", "isPublic": true, "isPrivate": false, "isFinal": false, "type": "extend", "isAbstract": false, "rtType": "void"}, "setNew(boolean)": {"sig": "(Z)V", "args": "(boolean)", "isStatic": false, "isProtected": false, "name": "setNew", "isPublic": true, "isPrivate": false, "isFinal": false, "type": "extend", "isAbstract": false, "rtType": "void"}, "equals(java.lang.Object)": {"sig": "(Ljava/lang/Object;)Z", "args": "(java.lang.Object)", "isStatic": false, "isProtected": false, "name": "equals", "isPublic": true, "isPrivate": false, "isFinal": false, "type": "extend", "isAbstract": false, "rtType": "boolean"}, "setMaxInactiveInterval(int)": {"sig": "(I)V", "args": "(int)", "isStatic": false, "isProtected": false, "name": "setMaxInactiveInterval", "isPublic": true, "isPrivate": false, "isFinal": false, "type": "extend", "isAbstract": false, "rtType": "void"}, "getValueNames()": {"sig": "()[Ljava/lang/String;", "args": "()", "isStatic": false, "isProtected": false, "name": "getValueNames", "isPublic": true, "isPrivate": false, "isFinal": false, "type": "extend", "isAbstract": false, "rtType": "java.lang.String[]"}}, "isPublic": false, "className": "ro.pippo.session.SessionHttpServletRequest$1", "interNames": {}, "isFinal": false, "isPrivate": false, "isAbstract": false, "isInterface": false, "superClassName": "ro.pippo.session.PippoHttpSession"}, "ro.pippo.session.SessionHttpServletRequest": {"isProtected": false, "finishedSearch": true, "methods": {"isInvalidateClientSession()": {"sig": "()Z", "args": "()", "isStatic": false, "isProtected": false, "name": "isInvalidateClientSession", "isPublic": false, "isPrivate": true, "isFinal": false, "type": "define", "isAbstract": false, "rtType": "boolean"}, "access$002(ro.pippo.session.SessionHttpServletRequest,ro.pippo.session.PippoHttpSession)": {"sig": "(Lro/pippo/session/SessionHttpServletRequest;Lro/pippo/session/PippoHttpSession;)Lro/pippo/session/PippoHttpSession;", "args": "(ro.pippo.session.SessionHttpServletRequest,ro.pippo.session.PippoHttpSession)", "isStatic": true, "isProtected": false, "name": "access$002", "isPublic": false, "isPrivate": false, "isFinal": false, "type": "define", "isAbstract": false, "rtType": "ro.pippo.session.PippoHttpSession"}, "getSessionStrategy()": {"sig": "()Lro/pippo/session/SessionStrategy;", "args": "()", "isStatic": false, "isProtected": false, "name": "getSessionStrategy", "isPublic": false, "isPrivate": true, "isFinal": false, "type": "define", "isAbstract": false, "rtType": "ro.pippo.session.SessionStrategy"}, "getSession()": {"sig": "()Ljavax/servlet/http/HttpSession;", "args": "()", "isStatic": false, "isProtected": false, "name": "getSession", "isPublic": true, "isPrivate": false, "isFinal": false, "type": "define", "isAbstract": false, "rtType": "javax.servlet.http.HttpSession"}, "getRequestedSessionId()": {"sig": "()Ljava/lang/String;", "args": "()", "isStatic": false, "isProtected": false, "name": "getRequestedSessionId", "isPublic": true, "isPrivate": false, "isFinal": false, "type": "define", "isAbstract": false, "rtType": "java.lang.String"}, "access$100(ro.pippo.session.SessionHttpServletRequest)": {"sig": "(Lro/pippo/session/SessionHttpServletRequest;)Lro/pippo/session/SessionDataStorage;", "args": "(ro.pippo.session.SessionHttpServletRequest)", "isStatic": true, "isProtected": false, "name": "access$100", "isPublic": false, "isPrivate": false, "isFinal": false, "type": "define", "isAbstract": false, "rtType": "ro.pippo.session.SessionDataStorage"}, "getSession(boolean)": {"sig": "(Z)Ljavax/servlet/http/HttpSession;", "args": "(boolean)", "isStatic": false, "isProtected": false, "name": "getSession", "isPublic": true, "isPrivate": false, "isFinal": false, "type": "define", "isAbstract": false, "rtType": "javax.servlet.http.HttpSession"}, "createSession(ro.pippo.session.SessionData)": {"sig": "(Lro/pippo/session/SessionData;)Lro/pippo/session/PippoHttpSession;", "args": "(ro.pippo.session.SessionData)", "isStatic": false, "isProtected": false, "name": "createSession", "isPublic": false, "isPrivate": true, "isFinal": false, "type": "define", "isAbstract": false, "rtType": "ro.pippo.session.PippoHttpSession"}, "<init>(javax.servlet.http.HttpServletRequest,ro.pippo.session.SessionManager)": {"sig": "(Ljavax/servlet/http/HttpServletRequest;Lro/pippo/session/SessionManager;)V", "args": "(javax.servlet.http.HttpServletRequest,ro.pippo.session.SessionManager)", "isStatic": false, "isProtected": false, "name": "<init>", "isPublic": true, "isPrivate": false, "isFinal": false, "type": "define", "isAbstract": false, "rtType": "void"}, "getSessionDataStorage()": {"sig": "()Lro/pippo/session/SessionDataStorage;", "args": "()", "isStatic": false, "isProtected": false, "name": "getSessionDataStorage", "isPublic": false, "isPrivate": true, "isFinal": false, "type": "define", "isAbstract": false, "rtType": "ro.pippo.session.SessionDataStorage"}, "commitSession(javax.servlet.http.HttpServletResponse)": {"sig": "(Ljavax/servlet/http/HttpServletResponse;)V", "args": "(javax.servlet.http.HttpServletResponse)", "isStatic": false, "isProtected": false, "name": "commitSession", "isPublic": true, "isPrivate": false, "isFinal": false, "type": "define", "isAbstract": false, "rtType": "void"}, "isRequestedSessionIdValid()": {"sig": "()Z", "args": "()", "isStatic": false, "isProtected": false, "name": "isRequestedSessionIdValid", "isPublic": true, "isPrivate": false, "isFinal": false, "type": "define", "isAbstract": false, "rtType": "boolean"}, "isRequestedSessionIdValid(ro.pippo.session.SessionData)": {"sig": "(Lro/pippo/session/SessionData;)Z", "args": "(ro.pippo.session.SessionData)", "isStatic": false, "isProtected": false, "name": "isRequestedSessionIdValid", "isPublic": false, "isPrivate": true, "isFinal": false, "type": "define", "isAbstract": false, "rtType": "boolean"}}, "isPublic": true, "className": "ro.pippo.session.SessionHttpServletRequest", "interNames": {}, "isFinal": false, "isPrivate": false, "isAbstract": false, "isInterface": false, "superClassName": "javax.servlet.http.HttpServletRequestWrapper"}, "ro.pippo.session.SessionManager": {"isProtected": false, "finishedSearch": true, "methods": {"getSessionDataStorage()": {"sig": "()Lro/pippo/session/SessionDataStorage;", "args": "()", "isStatic": false, "isProtected": false, "name": "getSessionDataStorage", "isPublic": true, "isPrivate": false, "isFinal": false, "type": "define", "isAbstract": false, "rtType": "ro.pippo.session.SessionDataStorage"}, "<init>()": {"sig": "()V", "args": "()", "isStatic": false, "isProtected": false, "name": "<init>", "isPublic": true, "isPrivate": false, "isFinal": false, "type": "define", "isAbstract": false, "rtType": "void"}, "getSessionStrategy()": {"sig": "()Lro/pippo/session/SessionStrategy;", "args": "()", "isStatic": false, "isProtected": false, "name": "getSessionStrategy", "isPublic": true, "isPrivate": false, "isFinal": false, "type": "define", "isAbstract": false, "rtType": "ro.pippo.session.SessionStrategy"}, "<init>(ro.pippo.session.SessionDataStorage)": {"sig": "(Lro/pippo/session/SessionDataStorage;)V", "args": "(ro.pippo.session.SessionDataStorage)", "isStatic": false, "isProtected": false, "name": "<init>", "isPublic": true, "isPrivate": false, "isFinal": false, "type": "define", "isAbstract": false, "rtType": "void"}, "<init>(ro.pippo.session.SessionDataStorage,ro.pippo.session.SessionStrategy)": {"sig": "(Lro/pippo/session/SessionDataStorage;Lro/pippo/session/SessionStrategy;)V", "args": "(ro.pippo.session.SessionDataStorage,ro.pippo.session.SessionStrategy)", "isStatic": false, "isProtected": false, "name": "<init>", "isPublic": true, "isPrivate": false, "isFinal": false, "type": "define", "isAbstract": false, "rtType": "void"}}, "isPublic": true, "className": "ro.pippo.session.SessionManager", "interNames": {}, "isFinal": false, "isPrivate": false, "isAbstract": false, "isInterface": false, "superClassName": "java.lang.Object"}, "ro.pippo.session.SessionRequestResponseFactory": {"isProtected": false, "finishedSearch": true, "methods": {"createRequestResponse(javax.servlet.http.HttpServletRequest,javax.servlet.http.HttpServletResponse)": {"sig": "(Ljavax/servlet/http/HttpServletRequest;Ljavax/servlet/http/HttpServletResponse;)Lro/pippo/core/RequestResponse;", "args": "(javax.servlet.http.HttpServletRequest,javax.servlet.http.HttpServletResponse)", "isStatic": false, "isProtected": false, "name": "createRequestResponse", "isPublic": true, "isPrivate": false, "isFinal": false, "type": "define", "isAbstract": false, "rtType": "ro.pippo.core.RequestResponse"}, "<init>(ro.pippo.core.Application,ro.pippo.session.SessionManager)": {"sig": "(Lro/pippo/core/Application;Lro/pippo/session/SessionManager;)V", "args": "(ro.pippo.core.Application,ro.pippo.session.SessionManager)", "isStatic": false, "isProtected": false, "name": "<init>", "isPublic": true, "isPrivate": false, "isFinal": false, "type": "define", "isAbstract": false, "rtType": "void"}, "lambda$createRequestResponse$0(ro.pippo.session.SessionHttpServletRequest,javax.servlet.http.HttpServletResponse,ro.pippo.core.Response)": {"sig": "(Lro/pippo/session/SessionHttpServletRequest;Ljavax/servlet/http/HttpServletResponse;Lro/pippo/core/Response;)V", "args": "(ro.pippo.session.SessionHttpServletRequest,javax.servlet.http.HttpServletResponse,ro.pippo.core.Response)", "isStatic": true, "isProtected": false, "name": "lambda$createRequestResponse$0", "isPublic": false, "isPrivate": true, "isFinal": false, "type": "define", "isAbstract": false, "rtType": "void"}}, "isPublic": true, "className": "ro.pippo.session.SessionRequestResponseFactory", "interNames": {}, "isFinal": false, "isPrivate": false, "isAbstract": false, "isInterface": false, "superClassName": "ro.pippo.core.RequestResponseFactory"}, "ro.pippo.session.SessionStrategy": {"isProtected": false, "finishedSearch": true, "methods": {"getRequestedSessionId(javax.servlet.http.HttpServletRequest)": {"sig": "(Ljavax/servlet/http/HttpServletRequest;)Ljava/lang/String;", "args": "(javax.servlet.http.HttpServletRequest)", "isStatic": false, "isProtected": false, "name": "getRequestedSessionId", "isPublic": true, "isPrivate": false, "isFinal": false, "type": "define", "isAbstract": true, "rtType": "java.lang.String"}, "onInvalidatedSession(javax.servlet.http.HttpServletRequest,javax.servlet.http.HttpServletResponse)": {"sig": "(Ljavax/servlet/http/HttpServletRequest;Ljavax/servlet/http/HttpServletResponse;)V", "args": "(javax.servlet.http.HttpServletRequest,javax.servlet.http.HttpServletResponse)", "isStatic": false, "isProtected": false, "name": "onInvalidatedSession", "isPublic": true, "isPrivate": false, "isFinal": false, "type": "define", "isAbstract": true, "rtType": "void"}, "onNewSession(javax.servlet.http.HttpServletRequest,javax.servlet.http.HttpServletResponse,ro.pippo.session.SessionData)": {"sig": "(Ljavax/servlet/http/HttpServletRequest;Ljavax/servlet/http/HttpServletResponse;Lro/pippo/session/SessionData;)V", "args": "(javax.servlet.http.HttpServletRequest,javax.servlet.http.HttpServletResponse,ro.pippo.session.SessionData)", "isStatic": false, "isProtected": false, "name": "onNewSession", "isPublic": true, "isPrivate": false, "isFinal": false, "type": "define", "isAbstract": true, "rtType": "void"}}, "isPublic": true, "className": "ro.pippo.session.SessionStrategy", "interNames": {}, "isFinal": false, "isPrivate": false, "isAbstract": true, "isInterface": true, "superClassName": "java.lang.Object"}}