{
	"isProtected":false,
	"finishedSearch":false,
	"methods":{
		"isInvalidateClientSession()":{
			"sig":"()Z",
			"args":"()",
			"isStatic":false,
			"isProtected":false,
			"name":"isInvalidateClientSession",
			"isPublic":false,
			"isPrivate":true,
			"isFinal":false,
			"type":"define",
			"isAbstract":false,
			"rtType":"boolean"
		},
		"access$002(ro.pippo.session.SessionHttpServletRequest,ro.pippo.session.PippoHttpSession)":{
			"sig":"(Lro/pippo/session/SessionHttpServletRequest;Lro/pippo/session/PippoHttpSession;)Lro/pippo/session/PippoHttpSession;",
			"args":"(ro.pippo.session.SessionHttpServletRequest,ro.pippo.session.PippoHttpSession)",
			"isStatic":true,
			"isProtected":false,
			"name":"access$002",
			"isPublic":false,
			"isPrivate":false,
			"isFinal":false,
			"type":"define",
			"isAbstract":false,
			"rtType":"ro.pippo.session.PippoHttpSession"
		},
		"getSessionStrategy()":{
			"sig":"()Lro/pippo/session/SessionStrategy;",
			"args":"()",
			"isStatic":false,
			"isProtected":false,
			"name":"getSessionStrategy",
			"isPublic":false,
			"isPrivate":true,
			"isFinal":false,
			"type":"define",
			"isAbstract":false,
			"rtType":"ro.pippo.session.SessionStrategy"
		},
		"getSession()":{
			"sig":"()Ljavax/servlet/http/HttpSession;",
			"args":"()",
			"isStatic":false,
			"isProtected":false,
			"name":"getSession",
			"isPublic":true,
			"isPrivate":false,
			"isFinal":false,
			"type":"define",
			"isAbstract":false,
			"rtType":"javax.servlet.http.HttpSession"
		},
		"getRequestedSessionId()":{
			"sig":"()Ljava/lang/String;",
			"args":"()",
			"isStatic":false,
			"isProtected":false,
			"name":"getRequestedSessionId",
			"isPublic":true,
			"isPrivate":false,
			"isFinal":false,
			"type":"define",
			"isAbstract":false,
			"rtType":"java.lang.String"
		},
		"access$100(ro.pippo.session.SessionHttpServletRequest)":{
			"sig":"(Lro/pippo/session/SessionHttpServletRequest;)Lro/pippo/session/SessionDataStorage;",
			"args":"(ro.pippo.session.SessionHttpServletRequest)",
			"isStatic":true,
			"isProtected":false,
			"name":"access$100",
			"isPublic":false,
			"isPrivate":false,
			"isFinal":false,
			"type":"define",
			"isAbstract":false,
			"rtType":"ro.pippo.session.SessionDataStorage"
		},
		"getSession(boolean)":{
			"sig":"(Z)Ljavax/servlet/http/HttpSession;",
			"args":"(boolean)",
			"isStatic":false,
			"isProtected":false,
			"name":"getSession",
			"isPublic":true,
			"isPrivate":false,
			"isFinal":false,
			"type":"define",
			"isAbstract":false,
			"rtType":"javax.servlet.http.HttpSession"
		},
		"createSession(ro.pippo.session.SessionData)":{
			"sig":"(Lro/pippo/session/SessionData;)Lro/pippo/session/PippoHttpSession;",
			"args":"(ro.pippo.session.SessionData)",
			"isStatic":false,
			"isProtected":false,
			"name":"createSession",
			"isPublic":false,
			"isPrivate":true,
			"isFinal":false,
			"type":"define",
			"isAbstract":false,
			"rtType":"ro.pippo.session.PippoHttpSession"
		},
		"<init>(javax.servlet.http.HttpServletRequest,ro.pippo.session.SessionManager)":{
			"sig":"(Ljavax/servlet/http/HttpServletRequest;Lro/pippo/session/SessionManager;)V",
			"args":"(javax.servlet.http.HttpServletRequest,ro.pippo.session.SessionManager)",
			"isStatic":false,
			"isProtected":false,
			"name":"<init>",
			"isPublic":true,
			"isPrivate":false,
			"isFinal":false,
			"type":"define",
			"isAbstract":false,
			"rtType":"void"
		},
		"getSessionDataStorage()":{
			"sig":"()Lro/pippo/session/SessionDataStorage;",
			"args":"()",
			"isStatic":false,
			"isProtected":false,
			"name":"getSessionDataStorage",
			"isPublic":false,
			"isPrivate":true,
			"isFinal":false,
			"type":"define",
			"isAbstract":false,
			"rtType":"ro.pippo.session.SessionDataStorage"
		},
		"commitSession(javax.servlet.http.HttpServletResponse)":{
			"sig":"(Ljavax/servlet/http/HttpServletResponse;)V",
			"args":"(javax.servlet.http.HttpServletResponse)",
			"isStatic":false,
			"isProtected":false,
			"name":"commitSession",
			"isPublic":true,
			"isPrivate":false,
			"isFinal":false,
			"type":"define",
			"isAbstract":false,
			"rtType":"void"
		},
		"isRequestedSessionIdValid()":{
			"sig":"()Z",
			"args":"()",
			"isStatic":false,
			"isProtected":false,
			"name":"isRequestedSessionIdValid",
			"isPublic":true,
			"isPrivate":false,
			"isFinal":false,
			"type":"define",
			"isAbstract":false,
			"rtType":"boolean"
		},
		"isRequestedSessionIdValid(ro.pippo.session.SessionData)":{
			"sig":"(Lro/pippo/session/SessionData;)Z",
			"args":"(ro.pippo.session.SessionData)",
			"isStatic":false,
			"isProtected":false,
			"name":"isRequestedSessionIdValid",
			"isPublic":false,
			"isPrivate":true,
			"isFinal":false,
			"type":"define",
			"isAbstract":false,
			"rtType":"boolean"
		}
	},
	"isPublic":true,
	"className":"ro.pippo.session.SessionHttpServletRequest",
	"interNames":{},
	"isFinal":false,
	"isPrivate":false,
	"isAbstract":false,
	"isInterface":false,
	"superClassName":"javax.servlet.http.HttpServletRequestWrapper"
}