{
	"isProtected":false,
	"finishedSearch":false,
	"methods":{
		"getRequestedSessionId(javax.servlet.http.HttpServletRequest)":{
			"sig":"(Ljavax/servlet/http/HttpServletRequest;)Ljava/lang/String;",
			"args":"(javax.servlet.http.HttpServletRequest)",
			"isStatic":false,
			"isProtected":false,
			"name":"getRequestedSessionId",
			"isPublic":true,
			"isPrivate":false,
			"isFinal":false,
			"type":"define",
			"isAbstract":false,
			"rtType":"java.lang.String"
		},
		"<init>()":{
			"sig":"()V",
			"args":"()",
			"isStatic":false,
			"isProtected":false,
			"name":"<init>",
			"isPublic":true,
			"isPrivate":false,
			"isFinal":false,
			"type":"define",
			"isAbstract":false,
			"rtType":"void"
		},
		"onInvalidatedSession(javax.servlet.http.HttpServletRequest,javax.servlet.http.HttpServletResponse)":{
			"sig":"(Ljavax/servlet/http/HttpServletRequest;Ljavax/servlet/http/HttpServletResponse;)V",
			"args":"(javax.servlet.http.HttpServletRequest,javax.servlet.http.HttpServletResponse)",
			"isStatic":false,
			"isProtected":false,
			"name":"onInvalidatedSession",
			"isPublic":true,
			"isPrivate":false,
			"isFinal":false,
			"type":"define",
			"isAbstract":false,
			"rtType":"void"
		},
		"getSessionIdCookie(javax.servlet.http.HttpServletRequest)":{
			"sig":"(Ljavax/servlet/http/HttpServletRequest;)Ljavax/servlet/http/Cookie;",
			"args":"(javax.servlet.http.HttpServletRequest)",
			"isStatic":false,
			"isProtected":false,
			"name":"getSessionIdCookie",
			"isPublic":false,
			"isPrivate":true,
			"isFinal":false,
			"type":"define",
			"isAbstract":false,
			"rtType":"javax.servlet.http.Cookie"
		},
		"createSessionIdCookie(javax.servlet.http.HttpServletRequest,java.lang.String)":{
			"sig":"(Ljavax/servlet/http/HttpServletRequest;Ljava/lang/String;)Ljavax/servlet/http/Cookie;",
			"args":"(javax.servlet.http.HttpServletRequest,java.lang.String)",
			"isStatic":false,
			"isProtected":false,
			"name":"createSessionIdCookie",
			"isPublic":false,
			"isPrivate":true,
			"isFinal":false,
			"type":"define",
			"isAbstract":false,
			"rtType":"javax.servlet.http.Cookie"
		},
		"onNewSession(javax.servlet.http.HttpServletRequest,javax.servlet.http.HttpServletResponse,ro.pippo.session.SessionData)":{
			"sig":"(Ljavax/servlet/http/HttpServletRequest;Ljavax/servlet/http/HttpServletResponse;Lro/pippo/session/SessionData;)V",
			"args":"(javax.servlet.http.HttpServletRequest,javax.servlet.http.HttpServletResponse,ro.pippo.session.SessionData)",
			"isStatic":false,
			"isProtected":false,
			"name":"onNewSession",
			"isPublic":true,
			"isPrivate":false,
			"isFinal":false,
			"type":"define",
			"isAbstract":false,
			"rtType":"void"
		}
	},
	"isPublic":true,
	"className":"ro.pippo.session.CookieSessionStrategy",
	"interNames":{
		"ro.pippo.session.SessionStrategy":"true"
	},
	"isFinal":false,
	"isPrivate":false,
	"isAbstract":false,
	"isInterface":false,
	"superClassName":"java.lang.Object"
}