{
	"isProtected":false,
	"finishedSearch":false,
	"methods":{
		"onInvalidate()":{
			"sig":"()V",
			"args":"()",
			"isStatic":false,
			"isProtected":false,
			"name":"onInvalidate",
			"isPublic":true,
			"isPrivate":false,
			"isFinal":false,
			"type":"define",
			"isAbstract":false,
			"rtType":"void"
		},
		"<init>(ro.pippo.session.SessionHttpServletRequest,ro.pippo.session.SessionData,javax.servlet.ServletContext)":{
			"sig":"(Lro/pippo/session/SessionHttpServletRequest;Lro/pippo/session/SessionData;Ljavax/servlet/ServletContext;)V",
			"args":"(ro.pippo.session.SessionHttpServletRequest,ro.pippo.session.SessionData,javax.servlet.ServletContext)",
			"isStatic":false,
			"isProtected":false,
			"name":"<init>",
			"isPublic":false,
			"isPrivate":false,
			"isFinal":false,
			"type":"define",
			"isAbstract":false,
			"rtType":"void"
		}
	},
	"isPublic":false,
	"className":"ro.pippo.session.SessionHttpServletRequest$1",
	"interNames":{},
	"isFinal":false,
	"isPrivate":false,
	"isAbstract":false,
	"isInterface":false,
	"superClassName":"ro.pippo.session.PippoHttpSession"
}