{
	"isProtected":false,
	"finishedSearch":false,
	"methods":{
		"createRequestResponse(javax.servlet.http.HttpServletRequest,javax.servlet.http.HttpServletResponse)":{
			"sig":"(Ljavax/servlet/http/HttpServletRequest;Ljavax/servlet/http/HttpServletResponse;)Lro/pippo/core/RequestResponse;",
			"args":"(javax.servlet.http.HttpServletRequest,javax.servlet.http.HttpServletResponse)",
			"isStatic":false,
			"isProtected":false,
			"name":"createRequestResponse",
			"isPublic":true,
			"isPrivate":false,
			"isFinal":false,
			"type":"define",
			"isAbstract":false,
			"rtType":"ro.pippo.core.RequestResponse"
		},
		"<init>(ro.pippo.core.Application,ro.pippo.session.SessionManager)":{
			"sig":"(Lro/pippo/core/Application;Lro/pippo/session/SessionManager;)V",
			"args":"(ro.pippo.core.Application,ro.pippo.session.SessionManager)",
			"isStatic":false,
			"isProtected":false,
			"name":"<init>",
			"isPublic":true,
			"isPrivate":false,
			"isFinal":false,
			"type":"define",
			"isAbstract":false,
			"rtType":"void"
		},
		"lambda$createRequestResponse$0(ro.pippo.session.SessionHttpServletRequest,javax.servlet.http.HttpServletResponse,ro.pippo.core.Response)":{
			"sig":"(Lro/pippo/session/SessionHttpServletRequest;Ljavax/servlet/http/HttpServletResponse;Lro/pippo/core/Response;)V",
			"args":"(ro.pippo.session.SessionHttpServletRequest,javax.servlet.http.HttpServletResponse,ro.pippo.core.Response)",
			"isStatic":true,
			"isProtected":false,
			"name":"lambda$createRequestResponse$0",
			"isPublic":false,
			"isPrivate":true,
			"isFinal":false,
			"type":"define",
			"isAbstract":false,
			"rtType":"void"
		}
	},
	"isPublic":true,
	"className":"ro.pippo.session.SessionRequestResponseFactory",
	"interNames":{},
	"isFinal":false,
	"isPrivate":false,
	"isAbstract":false,
	"isInterface":false,
	"superClassName":"ro.pippo.core.RequestResponseFactory"
}