{
	"isProtected":false,
	"finishedSearch":false,
	"methods":{
		"encryptor(ro.pippo.session.Encryptor)":{
			"sig":"(Lro/pippo/session/Encryptor;)Lro/pippo/session/EncryptedSessionDataTranscoder$Builder;",
			"args":"(ro.pippo.session.Encryptor)",
			"isStatic":false,
			"isProtected":false,
			"name":"encryptor",
			"isPublic":true,
			"isPrivate":false,
			"isFinal":false,
			"type":"define",
			"isAbstract":false,
			"rtType":"ro.pippo.session.EncryptedSessionDataTranscoder$Builder"
		},
		"<init>()":{
			"sig":"()V",
			"args":"()",
			"isStatic":false,
			"isProtected":false,
			"name":"<init>",
			"isPublic":true,
			"isPrivate":false,
			"isFinal":false,
			"type":"define",
			"isAbstract":false,
			"rtType":"void"
		},
		"transcoder(ro.pippo.session.SessionDataTranscoder)":{
			"sig":"(Lro/pippo/session/SessionDataTranscoder;)Lro/pippo/session/EncryptedSessionDataTranscoder$Builder;",
			"args":"(ro.pippo.session.SessionDataTranscoder)",
			"isStatic":false,
			"isProtected":false,
			"name":"transcoder",
			"isPublic":true,
			"isPrivate":false,
			"isFinal":false,
			"type":"define",
			"isAbstract":false,
			"rtType":"ro.pippo.session.EncryptedSessionDataTranscoder$Builder"
		},
		"hmacSHA1Key(java.lang.String)":{
			"sig":"(Ljava/lang/String;)Lro/pippo/session/EncryptedSessionDataTranscoder$Builder;",
			"args":"(java.lang.String)",
			"isStatic":false,
			"isProtected":false,
			"name":"hmacSHA1Key",
			"isPublic":true,
			"isPrivate":false,
			"isFinal":false,
			"type":"define",
			"isAbstract":false,
			"rtType":"ro.pippo.session.EncryptedSessionDataTranscoder$Builder"
		},
		"secretKey(java.lang.String)":{
			"sig":"(Ljava/lang/String;)Lro/pippo/session/EncryptedSessionDataTranscoder$Builder;",
			"args":"(java.lang.String)",
			"isStatic":false,
			"isProtected":false,
			"name":"secretKey",
			"isPublic":true,
			"isPrivate":false,
			"isFinal":false,
			"type":"define",
			"isAbstract":false,
			"rtType":"ro.pippo.session.EncryptedSessionDataTranscoder$Builder"
		},
		"build()":{
			"sig":"()Lro/pippo/session/EncryptedSessionDataTranscoder;",
			"args":"()",
			"isStatic":false,
			"isProtected":false,
			"name":"build",
			"isPublic":true,
			"isPrivate":false,
			"isFinal":false,
			"type":"define",
			"isAbstract":false,
			"rtType":"ro.pippo.session.EncryptedSessionDataTranscoder"
		}
	},
	"isPublic":true,
	"className":"ro.pippo.session.EncryptedSessionDataTranscoder$Builder",
	"interNames":{},
	"isFinal":false,
	"isPrivate":false,
	"isAbstract":false,
	"isInterface":false,
	"superClassName":"java.lang.Object"
}