{
	"isProtected":false,
	"finishedSearch":false,
	"methods":{
		"getRequestedSessionId(javax.servlet.http.HttpServletRequest)":{
			"sig":"(Ljavax/servlet/http/HttpServletRequest;)Ljava/lang/String;",
			"args":"(javax.servlet.http.HttpServletRequest)",
			"isStatic":false,
			"isProtected":false,
			"name":"getRequestedSessionId",
			"isPublic":true,
			"isPrivate":false,
			"isFinal":false,
			"type":"define",
			"isAbstract":true,
			"rtType":"java.lang.String"
		},
		"onInvalidatedSession(javax.servlet.http.HttpServletRequest,javax.servlet.http.HttpServletResponse)":{
			"sig":"(Ljavax/servlet/http/HttpServletRequest;Ljavax/servlet/http/HttpServletResponse;)V",
			"args":"(javax.servlet.http.HttpServletRequest,javax.servlet.http.HttpServletResponse)",
			"isStatic":false,
			"isProtected":false,
			"name":"onInvalidatedSession",
			"isPublic":true,
			"isPrivate":false,
			"isFinal":false,
			"type":"define",
			"isAbstract":true,
			"rtType":"void"
		},
		"onNewSession(javax.servlet.http.HttpServletRequest,javax.servlet.http.HttpServletResponse,ro.pippo.session.SessionData)":{
			"sig":"(Ljavax/servlet/http/HttpServletRequest;Ljavax/servlet/http/HttpServletResponse;Lro/pippo/session/SessionData;)V",
			"args":"(javax.servlet.http.HttpServletRequest,javax.servlet.http.HttpServletResponse,ro.pippo.session.SessionData)",
			"isStatic":false,
			"isProtected":false,
			"name":"onNewSession",
			"isPublic":true,
			"isPrivate":false,
			"isFinal":false,
			"type":"define",
			"isAbstract":true,
			"rtType":"void"
		}
	},
	"isPublic":true,
	"className":"ro.pippo.session.SessionStrategy",
	"interNames":{},
	"isFinal":false,
	"isPrivate":false,
	"isAbstract":true,
	"isInterface":true,
	"superClassName":"java.lang.Object"
}