{
	"isProtected":false,
	"finishedSearch":false,
	"methods":{
		"<init>()":{
			"sig":"()V",
			"args":"()",
			"isStatic":false,
			"isProtected":false,
			"name":"<init>",
			"isPublic":true,
			"isPrivate":false,
			"isFinal":false,
			"type":"define",
			"isAbstract":false,
			"rtType":"void"
		},
		"delete(java.lang.String)":{
			"sig":"(Ljava/lang/String;)V",
			"args":"(java.lang.String)",
			"isStatic":false,
			"isProtected":false,
			"name":"delete",
			"isPublic":true,
			"isPrivate":false,
			"isFinal":false,
			"type":"define",
			"isAbstract":false,
			"rtType":"void"
		},
		"save(ro.pippo.session.SessionData)":{
			"sig":"(Lro/pippo/session/SessionData;)V",
			"args":"(ro.pippo.session.SessionData)",
			"isStatic":false,
			"isProtected":false,
			"name":"save",
			"isPublic":true,
			"isPrivate":false,
			"isFinal":false,
			"type":"define",
			"isAbstract":false,
			"rtType":"void"
		},
		"create()":{
			"sig":"()Lro/pippo/session/SessionData;",
			"args":"()",
			"isStatic":false,
			"isProtected":false,
			"name":"create",
			"isPublic":true,
			"isPrivate":false,
			"isFinal":false,
			"type":"define",
			"isAbstract":false,
			"rtType":"ro.pippo.session.SessionData"
		},
		"get(java.lang.String)":{
			"sig":"(Ljava/lang/String;)Lro/pippo/session/SessionData;",
			"args":"(java.lang.String)",
			"isStatic":false,
			"isProtected":false,
			"name":"get",
			"isPublic":true,
			"isPrivate":false,
			"isFinal":false,
			"type":"define",
			"isAbstract":false,
			"rtType":"ro.pippo.session.SessionData"
		}
	},
	"isPublic":true,
	"className":"ro.pippo.session.MemorySessionDataStorage",
	"interNames":{
		"ro.pippo.session.SessionDataStorage":"true"
	},
	"isFinal":false,
	"isPrivate":false,
	"isAbstract":false,
	"isInterface":false,
	"superClassName":"java.lang.Object"
}