{
	"isProtected":false,
	"finishedSearch":false,
	"methods":{
		"decode(java.lang.String)":{
			"sig":"(Ljava/lang/String;)Lro/pippo/session/SessionData;",
			"args":"(java.lang.String)",
			"isStatic":false,
			"isProtected":false,
			"name":"decode",
			"isPublic":true,
			"isPrivate":false,
			"isFinal":false,
			"type":"define",
			"isAbstract":false,
			"rtType":"ro.pippo.session.SessionData"
		},
		"isValidSessionData(ro.pippo.session.SessionData)":{
			"sig":"(Lro/pippo/session/SessionData;)Z",
			"args":"(ro.pippo.session.SessionData)",
			"isStatic":false,
			"isProtected":true,
			"name":"isValidSessionData",
			"isPublic":false,
			"isPrivate":false,
			"isFinal":false,
			"type":"define",
			"isAbstract":false,
			"rtType":"boolean"
		},
		"<init>(java.lang.String,java.lang.String,ro.pippo.session.SessionDataTranscoder,ro.pippo.session.Encryptor)":{
			"sig":"(Ljava/lang/String;Ljava/lang/String;Lro/pippo/session/SessionDataTranscoder;Lro/pippo/session/Encryptor;)V",
			"args":"(java.lang.String,java.lang.String,ro.pippo.session.SessionDataTranscoder,ro.pippo.session.Encryptor)",
			"isStatic":false,
			"isProtected":false,
			"name":"<init>",
			"isPublic":false,
			"isPrivate":true,
			"isFinal":false,
			"type":"define",
			"isAbstract":false,
			"rtType":"void"
		},
		"checksumSessionData(ro.pippo.session.SessionData)":{
			"sig":"(Lro/pippo/session/SessionData;)Ljava/lang/String;",
			"args":"(ro.pippo.session.SessionData)",
			"isStatic":false,
			"isProtected":true,
			"name":"checksumSessionData",
			"isPublic":false,
			"isPrivate":false,
			"isFinal":false,
			"type":"define",
			"isAbstract":false,
			"rtType":"java.lang.String"
		},
		"<init>(java.lang.String,java.lang.String,ro.pippo.session.SessionDataTranscoder,ro.pippo.session.Encryptor,ro.pippo.session.EncryptedSessionDataTranscoder$1)":{
			"sig":"(Ljava/lang/String;Ljava/lang/String;Lro/pippo/session/SessionDataTranscoder;Lro/pippo/session/Encryptor;Lro/pippo/session/EncryptedSessionDataTranscoder$1;)V",
			"args":"(java.lang.String,java.lang.String,ro.pippo.session.SessionDataTranscoder,ro.pippo.session.Encryptor,ro.pippo.session.EncryptedSessionDataTranscoder$1)",
			"isStatic":false,
			"isProtected":false,
			"name":"<init>",
			"isPublic":false,
			"isPrivate":false,
			"isFinal":false,
			"type":"define",
			"isAbstract":false,
			"rtType":"void"
		},
		"encode(ro.pippo.session.SessionData)":{
			"sig":"(Lro/pippo/session/SessionData;)Ljava/lang/String;",
			"args":"(ro.pippo.session.SessionData)",
			"isStatic":false,
			"isProtected":false,
			"name":"encode",
			"isPublic":true,
			"isPrivate":false,
			"isFinal":false,
			"type":"define",
			"isAbstract":false,
			"rtType":"java.lang.String"
		}
	},
	"isPublic":true,
	"className":"ro.pippo.session.EncryptedSessionDataTranscoder",
	"interNames":{
		"ro.pippo.session.SessionDataTranscoder":"true"
	},
	"isFinal":false,
	"isPrivate":false,
	"isAbstract":false,
	"isInterface":false,
	"superClassName":"java.lang.Object"
}