{
	"isProtected":false,
	"finishedSearch":false,
	"methods":{
		"getSessionDataStorage()":{
			"sig":"()Lro/pippo/session/SessionDataStorage;",
			"args":"()",
			"isStatic":false,
			"isProtected":false,
			"name":"getSessionDataStorage",
			"isPublic":true,
			"isPrivate":false,
			"isFinal":false,
			"type":"define",
			"isAbstract":false,
			"rtType":"ro.pippo.session.SessionDataStorage"
		},
		"<init>()":{
			"sig":"()V",
			"args":"()",
			"isStatic":false,
			"isProtected":false,
			"name":"<init>",
			"isPublic":true,
			"isPrivate":false,
			"isFinal":false,
			"type":"define",
			"isAbstract":false,
			"rtType":"void"
		},
		"getSessionStrategy()":{
			"sig":"()Lro/pippo/session/SessionStrategy;",
			"args":"()",
			"isStatic":false,
			"isProtected":false,
			"name":"getSessionStrategy",
			"isPublic":true,
			"isPrivate":false,
			"isFinal":false,
			"type":"define",
			"isAbstract":false,
			"rtType":"ro.pippo.session.SessionStrategy"
		},
		"<init>(ro.pippo.session.SessionDataStorage)":{
			"sig":"(Lro/pippo/session/SessionDataStorage;)V",
			"args":"(ro.pippo.session.SessionDataStorage)",
			"isStatic":false,
			"isProtected":false,
			"name":"<init>",
			"isPublic":true,
			"isPrivate":false,
			"isFinal":false,
			"type":"define",
			"isAbstract":false,
			"rtType":"void"
		},
		"<init>(ro.pippo.session.SessionDataStorage,ro.pippo.session.SessionStrategy)":{
			"sig":"(Lro/pippo/session/SessionDataStorage;Lro/pippo/session/SessionStrategy;)V",
			"args":"(ro.pippo.session.SessionDataStorage,ro.pippo.session.SessionStrategy)",
			"isStatic":false,
			"isProtected":false,
			"name":"<init>",
			"isPublic":true,
			"isPrivate":false,
			"isFinal":false,
			"type":"define",
			"isAbstract":false,
			"rtType":"void"
		}
	},
	"isPublic":true,
	"className":"ro.pippo.session.SessionManager",
	"interNames":{},
	"isFinal":false,
	"isPrivate":false,
	"isAbstract":false,
	"isInterface":false,
	"superClassName":"java.lang.Object"
}