{
	"isProtected":false,
	"finishedSearch":false,
	"methods":{
		"removeValue(java.lang.String)":{
			"sig":"(Ljava/lang/String;)V",
			"args":"(java.lang.String)",
			"isStatic":false,
			"isProtected":false,
			"name":"removeValue",
			"isPublic":true,
			"isPrivate":false,
			"isFinal":false,
			"type":"define",
			"isAbstract":false,
			"rtType":"void"
		},
		"getSessionContext()":{
			"sig":"()Ljavax/servlet/http/HttpSessionContext;",
			"args":"()",
			"isStatic":false,
			"isProtected":false,
			"name":"getSessionContext",
			"isPublic":true,
			"isPrivate":false,
			"isFinal":false,
			"type":"define",
			"isAbstract":false,
			"rtType":"javax.servlet.http.HttpSessionContext"
		},
		"getAttribute(java.lang.String)":{
			"sig":"(Ljava/lang/String;)Ljava/lang/Object;",
			"args":"(java.lang.String)",
			"isStatic":false,
			"isProtected":false,
			"name":"getAttribute",
			"isPublic":true,
			"isPrivate":false,
			"isFinal":false,
			"type":"define",
			"isAbstract":false,
			"rtType":"java.lang.Object"
		},
		"hashCode()":{
			"sig":"()I",
			"args":"()",
			"isStatic":false,
			"isProtected":false,
			"name":"hashCode",
			"isPublic":true,
			"isPrivate":false,
			"isFinal":false,
			"type":"define",
			"isAbstract":false,
			"rtType":"int"
		},
		"getId()":{
			"sig":"()Ljava/lang/String;",
			"args":"()",
			"isStatic":false,
			"isProtected":false,
			"name":"getId",
			"isPublic":true,
			"isPrivate":false,
			"isFinal":false,
			"type":"define",
			"isAbstract":false,
			"rtType":"java.lang.String"
		},
		"setAttribute(java.lang.String,java.lang.Object)":{
			"sig":"(Ljava/lang/String;Ljava/lang/Object;)V",
			"args":"(java.lang.String,java.lang.Object)",
			"isStatic":false,
			"isProtected":false,
			"name":"setAttribute",
			"isPublic":true,
			"isPrivate":false,
			"isFinal":false,
			"type":"define",
			"isAbstract":false,
			"rtType":"void"
		},
		"getAttributeNames()":{
			"sig":"()Ljava/util/Enumeration;",
			"args":"()",
			"isStatic":false,
			"isProtected":false,
			"name":"getAttributeNames",
			"isPublic":true,
			"isPrivate":false,
			"isFinal":false,
			"type":"define",
			"isAbstract":false,
			"rtType":"java.util.Enumeration"
		},
		"putValue(java.lang.String,java.lang.Object)":{
			"sig":"(Ljava/lang/String;Ljava/lang/Object;)V",
			"args":"(java.lang.String,java.lang.Object)",
			"isStatic":false,
			"isProtected":false,
			"name":"putValue",
			"isPublic":true,
			"isPrivate":false,
			"isFinal":false,
			"type":"define",
			"isAbstract":false,
			"rtType":"void"
		},
		"checkInvalidated()":{
			"sig":"()V",
			"args":"()",
			"isStatic":false,
			"isProtected":false,
			"name":"checkInvalidated",
			"isPublic":false,
			"isPrivate":true,
			"isFinal":false,
			"type":"define",
			"isAbstract":false,
			"rtType":"void"
		},
		"<init>(ro.pippo.session.SessionData,javax.servlet.ServletContext)":{
			"sig":"(Lro/pippo/session/SessionData;Ljavax/servlet/ServletContext;)V",
			"args":"(ro.pippo.session.SessionData,javax.servlet.ServletContext)",
			"isStatic":false,
			"isProtected":false,
			"name":"<init>",
			"isPublic":true,
			"isPrivate":false,
			"isFinal":false,
			"type":"define",
			"isAbstract":false,
			"rtType":"void"
		},
		"getServletContext()":{
			"sig":"()Ljavax/servlet/ServletContext;",
			"args":"()",
			"isStatic":false,
			"isProtected":false,
			"name":"getServletContext",
			"isPublic":true,
			"isPrivate":false,
			"isFinal":false,
			"type":"define",
			"isAbstract":false,
			"rtType":"javax.servlet.ServletContext"
		},
		"getValue(java.lang.String)":{
			"sig":"(Ljava/lang/String;)Ljava/lang/Object;",
			"args":"(java.lang.String)",
			"isStatic":false,
			"isProtected":false,
			"name":"getValue",
			"isPublic":true,
			"isPrivate":false,
			"isFinal":false,
			"type":"define",
			"isAbstract":false,
			"rtType":"java.lang.Object"
		},
		"toString()":{
			"sig":"()Ljava/lang/String;",
			"args":"()",
			"isStatic":false,
			"isProtected":false,
			"name":"toString",
			"isPublic":true,
			"isPrivate":false,
			"isFinal":false,
			"type":"define",
			"isAbstract":false,
			"rtType":"java.lang.String"
		},
		"getMaxInactiveInterval()":{
			"sig":"()I",
			"args":"()",
			"isStatic":false,
			"isProtected":false,
			"name":"getMaxInactiveInterval",
			"isPublic":true,
			"isPrivate":false,
			"isFinal":false,
			"type":"define",
			"isAbstract":false,
			"rtType":"int"
		},
		"getLastAccessedTime()":{
			"sig":"()J",
			"args":"()",
			"isStatic":false,
			"isProtected":false,
			"name":"getLastAccessedTime",
			"isPublic":true,
			"isPrivate":false,
			"isFinal":false,
			"type":"define",
			"isAbstract":false,
			"rtType":"long"
		},
		"removeAttribute(java.lang.String)":{
			"sig":"(Ljava/lang/String;)V",
			"args":"(java.lang.String)",
			"isStatic":false,
			"isProtected":false,
			"name":"removeAttribute",
			"isPublic":true,
			"isPrivate":false,
			"isFinal":false,
			"type":"define",
			"isAbstract":false,
			"rtType":"void"
		},
		"getCreationTime()":{
			"sig":"()J",
			"args":"()",
			"isStatic":false,
			"isProtected":false,
			"name":"getCreationTime",
			"isPublic":true,
			"isPrivate":false,
			"isFinal":false,
			"type":"define",
			"isAbstract":false,
			"rtType":"long"
		},
		"getSessionData()":{
			"sig":"()Lro/pippo/session/SessionData;",
			"args":"()",
			"isStatic":false,
			"isProtected":false,
			"name":"getSessionData",
			"isPublic":true,
			"isPrivate":false,
			"isFinal":false,
			"type":"define",
			"isAbstract":false,
			"rtType":"ro.pippo.session.SessionData"
		},
		"onInvalidate()":{
			"sig":"()V",
			"args":"()",
			"isStatic":false,
			"isProtected":true,
			"name":"onInvalidate",
			"isPublic":false,
			"isPrivate":false,
			"isFinal":false,
			"type":"define",
			"isAbstract":false,
			"rtType":"void"
		},
		"isNew()":{
			"sig":"()Z",
			"args":"()",
			"isStatic":false,
			"isProtected":false,
			"name":"isNew",
			"isPublic":true,
			"isPrivate":false,
			"isFinal":false,
			"type":"define",
			"isAbstract":false,
			"rtType":"boolean"
		},
		"invalidate()":{
			"sig":"()V",
			"args":"()",
			"isStatic":false,
			"isProtected":false,
			"name":"invalidate",
			"isPublic":true,
			"isPrivate":false,
			"isFinal":false,
			"type":"define",
			"isAbstract":false,
			"rtType":"void"
		},
		"setNew(boolean)":{
			"sig":"(Z)V",
			"args":"(boolean)",
			"isStatic":false,
			"isProtected":false,
			"name":"setNew",
			"isPublic":true,
			"isPrivate":false,
			"isFinal":false,
			"type":"define",
			"isAbstract":false,
			"rtType":"void"
		},
		"equals(java.lang.Object)":{
			"sig":"(Ljava/lang/Object;)Z",
			"args":"(java.lang.Object)",
			"isStatic":false,
			"isProtected":false,
			"name":"equals",
			"isPublic":true,
			"isPrivate":false,
			"isFinal":false,
			"type":"define",
			"isAbstract":false,
			"rtType":"boolean"
		},
		"setMaxInactiveInterval(int)":{
			"sig":"(I)V",
			"args":"(int)",
			"isStatic":false,
			"isProtected":false,
			"name":"setMaxInactiveInterval",
			"isPublic":true,
			"isPrivate":false,
			"isFinal":false,
			"type":"define",
			"isAbstract":false,
			"rtType":"void"
		},
		"getValueNames()":{
			"sig":"()[Ljava/lang/String;",
			"args":"()",
			"isStatic":false,
			"isProtected":false,
			"name":"getValueNames",
			"isPublic":true,
			"isPrivate":false,
			"isFinal":false,
			"type":"define",
			"isAbstract":false,
			"rtType":"java.lang.String[]"
		}
	},
	"isPublic":false,
	"className":"ro.pippo.session.PippoHttpSession",
	"interNames":{
		"javax.servlet.http.HttpSession":"true"
	},
	"isFinal":false,
	"isPrivate":false,
	"isAbstract":false,
	"isInterface":false,
	"superClassName":"java.lang.Object"
}