{
	"isProtected":false,
	"finishedSearch":false,
	"methods":{
		"decode(java.lang.String)":{
			"sig":"(Ljava/lang/String;)Lro/pippo/session/SessionData;",
			"args":"(java.lang.String)",
			"isStatic":false,
			"isProtected":false,
			"name":"decode",
			"isPublic":true,
			"isPrivate":false,
			"isFinal":false,
			"type":"define",
			"isAbstract":false,
			"rtType":"ro.pippo.session.SessionData"
		},
		"<init>()":{
			"sig":"()V",
			"args":"()",
			"isStatic":false,
			"isProtected":false,
			"name":"<init>",
			"isPublic":true,
			"isPrivate":false,
			"isFinal":false,
			"type":"define",
			"isAbstract":false,
			"rtType":"void"
		},
		"encode(ro.pippo.session.SessionData)":{
			"sig":"(Lro/pippo/session/SessionData;)Ljava/lang/String;",
			"args":"(ro.pippo.session.SessionData)",
			"isStatic":false,
			"isProtected":false,
			"name":"encode",
			"isPublic":true,
			"isPrivate":false,
			"isFinal":false,
			"type":"define",
			"isAbstract":false,
			"rtType":"java.lang.String"
		}
	},
	"isPublic":true,
	"className":"ro.pippo.session.SerializationSessionDataTranscoder",
	"interNames":{
		"ro.pippo.session.SessionDataTranscoder":"true"
	},
	"isFinal":false,
	"isPrivate":false,
	"isAbstract":false,
	"isInterface":false,
	"superClassName":"java.lang.Object"
}