{
	"isProtected":false,
	"finishedSearch":false,
	"methods":{
		"report(java.lang.String)":{
			"sig":"(Ljava/lang/String;)V",
			"args":"(java.lang.String)",
			"isStatic":true,
			"isProtected":false,
			"name":"report",
			"isPublic":true,
			"isPrivate":false,
			"isFinal":true,
			"type":"define",
			"isAbstract":false,
			"rtType":"void"
		},
		"<init>()":{
			"sig":"()V",
			"args":"()",
			"isStatic":false,
			"isProtected":false,
			"name":"<init>",
			"isPublic":true,
			"isPrivate":false,
			"isFinal":false,
			"type":"define",
			"isAbstract":false,
			"rtType":"void"
		},
		"report(java.lang.String,java.lang.Throwable)":{
			"sig":"(Ljava/lang/String;Ljava/lang/Throwable;)V",
			"args":"(java.lang.String,java.lang.Throwable)",
			"isStatic":true,
			"isProtected":false,
			"name":"report",
			"isPublic":true,
			"isPrivate":false,
			"isFinal":true,
			"type":"define",
			"isAbstract":false,
			"rtType":"void"
		}
	},
	"isPublic":true,
	"className":"org.slf4j.helpers.Util",
	"interNames":{},
	"isFinal":false,
	"isPrivate":false,
	"isAbstract":false,
	"isInterface":false,
	"superClassName":"java.lang.Object"
}