{
	"isProtected":false,
	"finishedSearch":false,
	"methods":{
		"getMarkerFactoryClassStr()":{
			"sig":"()Ljava/lang/String;",
			"args":"()",
			"isStatic":false,
			"isProtected":false,
			"name":"getMarkerFactoryClassStr",
			"isPublic":true,
			"isPrivate":false,
			"isFinal":false,
			"type":"define",
			"isAbstract":true,
			"rtType":"java.lang.String"
		},
		"getMarkerFactory()":{
			"sig":"()Lorg/slf4j/IMarkerFactory;",
			"args":"()",
			"isStatic":false,
			"isProtected":false,
			"name":"getMarkerFactory",
			"isPublic":true,
			"isPrivate":false,
			"isFinal":false,
			"type":"define",
			"isAbstract":true,
			"rtType":"org.slf4j.IMarkerFactory"
		}
	},
	"isPublic":true,
	"className":"org.slf4j.spi.MarkerFactoryBinder",
	"interNames":{},
	"isFinal":false,
	"isPrivate":false,
	"isAbstract":true,
	"isInterface":true,
	"superClassName":"java.lang.Object"
}