{
	"isProtected":false,
	"finishedSearch":false,
	"methods":{
		"<init>(java.lang.String,java.lang.Object[],java.lang.Throwable)":{
			"sig":"(Ljava/lang/String;[Ljava/lang/Object;Ljava/lang/Throwable;)V",
			"args":"(java.lang.String,java.lang.Object[],java.lang.Throwable)",
			"isStatic":false,
			"isProtected":false,
			"name":"<init>",
			"isPublic":true,
			"isPrivate":false,
			"isFinal":false,
			"type":"define",
			"isAbstract":false,
			"rtType":"void"
		},
		"getArgArray()":{
			"sig":"()[Ljava/lang/Object;",
			"args":"()",
			"isStatic":false,
			"isProtected":false,
			"name":"getArgArray",
			"isPublic":true,
			"isPrivate":false,
			"isFinal":false,
			"type":"define",
			"isAbstract":false,
			"rtType":"java.lang.Object[]"
		},
		"getThrowable()":{
			"sig":"()Ljava/lang/Throwable;",
			"args":"()",
			"isStatic":false,
			"isProtected":false,
			"name":"getThrowable",
			"isPublic":true,
			"isPrivate":false,
			"isFinal":false,
			"type":"define",
			"isAbstract":false,
			"rtType":"java.lang.Throwable"
		},
		"<clinit>()":{
			"sig":"()V",
			"args":"()",
			"isStatic":true,
			"isProtected":false,
			"name":"<clinit>",
			"isPublic":false,
			"isPrivate":false,
			"isFinal":false,
			"type":"define",
			"isAbstract":false,
			"rtType":"void"
		},
		"<init>(java.lang.String)":{
			"sig":"(Ljava/lang/String;)V",
			"args":"(java.lang.String)",
			"isStatic":false,
			"isProtected":false,
			"name":"<init>",
			"isPublic":true,
			"isPrivate":false,
			"isFinal":false,
			"type":"define",
			"isAbstract":false,
			"rtType":"void"
		},
		"trimmedCopy(java.lang.Object[])":{
			"sig":"([Ljava/lang/Object;)[Ljava/lang/Object;",
			"args":"(java.lang.Object[])",
			"isStatic":true,
			"isProtected":false,
			"name":"trimmedCopy",
			"isPublic":false,
			"isPrivate":false,
			"isFinal":false,
			"type":"define",
			"isAbstract":false,
			"rtType":"java.lang.Object[]"
		},
		"getMessage()":{
			"sig":"()Ljava/lang/String;",
			"args":"()",
			"isStatic":false,
			"isProtected":false,
			"name":"getMessage",
			"isPublic":true,
			"isPrivate":false,
			"isFinal":false,
			"type":"define",
			"isAbstract":false,
			"rtType":"java.lang.String"
		}
	},
	"isPublic":true,
	"className":"org.slf4j.helpers.FormattingTuple",
	"interNames":{},
	"isFinal":false,
	"isPrivate":false,
	"isAbstract":false,
	"isInterface":false,
	"superClassName":"java.lang.Object"
}