{
	"isProtected":false,
	"finishedSearch":false,
	"methods":{
		"longArrayAppend(java.lang.StringBuilder,long[])":{
			"sig":"(Ljava/lang/StringBuilder;[J)V",
			"args":"(java.lang.StringBuilder,long[])",
			"isStatic":true,
			"isProtected":false,
			"name":"longArrayAppend",
			"isPublic":false,
			"isPrivate":true,
			"isFinal":false,
			"type":"define",
			"isAbstract":false,
			"rtType":"void"
		},
		"intArrayAppend(java.lang.StringBuilder,int[])":{
			"sig":"(Ljava/lang/StringBuilder;[I)V",
			"args":"(java.lang.StringBuilder,int[])",
			"isStatic":true,
			"isProtected":false,
			"name":"intArrayAppend",
			"isPublic":false,
			"isPrivate":true,
			"isFinal":false,
			"type":"define",
			"isAbstract":false,
			"rtType":"void"
		},
		"doubleArrayAppend(java.lang.StringBuilder,double[])":{
			"sig":"(Ljava/lang/StringBuilder;[D)V",
			"args":"(java.lang.StringBuilder,double[])",
			"isStatic":true,
			"isProtected":false,
			"name":"doubleArrayAppend",
			"isPublic":false,
			"isPrivate":true,
			"isFinal":false,
			"type":"define",
			"isAbstract":false,
			"rtType":"void"
		},
		"safeObjectAppend(java.lang.StringBuilder,java.lang.Object)":{
			"sig":"(Ljava/lang/StringBuilder;Ljava/lang/Object;)V",
			"args":"(java.lang.StringBuilder,java.lang.Object)",
			"isStatic":true,
			"isProtected":false,
			"name":"safeObjectAppend",
			"isPublic":false,
			"isPrivate":true,
			"isFinal":false,
			"type":"define",
			"isAbstract":false,
			"rtType":"void"
		},
		"charArrayAppend(java.lang.StringBuilder,char[])":{
			"sig":"(Ljava/lang/StringBuilder;[C)V",
			"args":"(java.lang.StringBuilder,char[])",
			"isStatic":true,
			"isProtected":false,
			"name":"charArrayAppend",
			"isPublic":false,
			"isPrivate":true,
			"isFinal":false,
			"type":"define",
			"isAbstract":false,
			"rtType":"void"
		},
		"getThrowableCandidate(java.lang.Object[])":{
			"sig":"([Ljava/lang/Object;)Ljava/lang/Throwable;",
			"args":"(java.lang.Object[])",
			"isStatic":true,
			"isProtected":false,
			"name":"getThrowableCandidate",
			"isPublic":false,
			"isPrivate":false,
			"isFinal":true,
			"type":"define",
			"isAbstract":false,
			"rtType":"java.lang.Throwable"
		},
		"isDoubleEscaped(java.lang.String,int)":{
			"sig":"(Ljava/lang/String;I)Z",
			"args":"(java.lang.String,int)",
			"isStatic":true,
			"isProtected":false,
			"name":"isDoubleEscaped",
			"isPublic":false,
			"isPrivate":false,
			"isFinal":true,
			"type":"define",
			"isAbstract":false,
			"rtType":"boolean"
		},
		"format(java.lang.String,java.lang.Object)":{
			"sig":"(Ljava/lang/String;Ljava/lang/Object;)Lorg/slf4j/helpers/FormattingTuple;",
			"args":"(java.lang.String,java.lang.Object)",
			"isStatic":true,
			"isProtected":false,
			"name":"format",
			"isPublic":true,
			"isPrivate":false,
			"isFinal":true,
			"type":"define",
			"isAbstract":false,
			"rtType":"org.slf4j.helpers.FormattingTuple"
		},
		"deeplyAppendParameter(java.lang.StringBuilder,java.lang.Object,java.util.Map)":{
			"sig":"(Ljava/lang/StringBuilder;Ljava/lang/Object;Ljava/util/Map;)V",
			"args":"(java.lang.StringBuilder,java.lang.Object,java.util.Map)",
			"isStatic":true,
			"isProtected":false,
			"name":"deeplyAppendParameter",
			"isPublic":false,
			"isPrivate":true,
			"isFinal":false,
			"type":"define",
			"isAbstract":false,
			"rtType":"void"
		},
		"floatArrayAppend(java.lang.StringBuilder,float[])":{
			"sig":"(Ljava/lang/StringBuilder;[F)V",
			"args":"(java.lang.StringBuilder,float[])",
			"isStatic":true,
			"isProtected":false,
			"name":"floatArrayAppend",
			"isPublic":false,
			"isPrivate":true,
			"isFinal":false,
			"type":"define",
			"isAbstract":false,
			"rtType":"void"
		},
		"isEscapedDelimeter(java.lang.String,int)":{
			"sig":"(Ljava/lang/String;I)Z",
			"args":"(java.lang.String,int)",
			"isStatic":true,
			"isProtected":false,
			"name":"isEscapedDelimeter",
			"isPublic":false,
			"isPrivate":false,
			"isFinal":true,
			"type":"define",
			"isAbstract":false,
			"rtType":"boolean"
		},
		"byteArrayAppend(java.lang.StringBuilder,byte[])":{
			"sig":"(Ljava/lang/StringBuilder;[B)V",
			"args":"(java.lang.StringBuilder,byte[])",
			"isStatic":true,
			"isProtected":false,
			"name":"byteArrayAppend",
			"isPublic":false,
			"isPrivate":true,
			"isFinal":false,
			"type":"define",
			"isAbstract":false,
			"rtType":"void"
		},
		"format(java.lang.String,java.lang.Object,java.lang.Object)":{
			"sig":"(Ljava/lang/String;Ljava/lang/Object;Ljava/lang/Object;)Lorg/slf4j/helpers/FormattingTuple;",
			"args":"(java.lang.String,java.lang.Object,java.lang.Object)",
			"isStatic":true,
			"isProtected":false,
			"name":"format",
			"isPublic":true,
			"isPrivate":false,
			"isFinal":true,
			"type":"define",
			"isAbstract":false,
			"rtType":"org.slf4j.helpers.FormattingTuple"
		},
		"<init>()":{
			"sig":"()V",
			"args":"()",
			"isStatic":false,
			"isProtected":false,
			"name":"<init>",
			"isPublic":true,
			"isPrivate":false,
			"isFinal":false,
			"type":"define",
			"isAbstract":false,
			"rtType":"void"
		},
		"shortArrayAppend(java.lang.StringBuilder,short[])":{
			"sig":"(Ljava/lang/StringBuilder;[S)V",
			"args":"(java.lang.StringBuilder,short[])",
			"isStatic":true,
			"isProtected":false,
			"name":"shortArrayAppend",
			"isPublic":false,
			"isPrivate":true,
			"isFinal":false,
			"type":"define",
			"isAbstract":false,
			"rtType":"void"
		},
		"arrayFormat(java.lang.String,java.lang.Object[])":{
			"sig":"(Ljava/lang/String;[Ljava/lang/Object;)Lorg/slf4j/helpers/FormattingTuple;",
			"args":"(java.lang.String,java.lang.Object[])",
			"isStatic":true,
			"isProtected":false,
			"name":"arrayFormat",
			"isPublic":true,
			"isPrivate":false,
			"isFinal":true,
			"type":"define",
			"isAbstract":false,
			"rtType":"org.slf4j.helpers.FormattingTuple"
		},
		"booleanArrayAppend(java.lang.StringBuilder,boolean[])":{
			"sig":"(Ljava/lang/StringBuilder;[Z)V",
			"args":"(java.lang.StringBuilder,boolean[])",
			"isStatic":true,
			"isProtected":false,
			"name":"booleanArrayAppend",
			"isPublic":false,
			"isPrivate":true,
			"isFinal":false,
			"type":"define",
			"isAbstract":false,
			"rtType":"void"
		},
		"objectArrayAppend(java.lang.StringBuilder,java.lang.Object[],java.util.Map)":{
			"sig":"(Ljava/lang/StringBuilder;[Ljava/lang/Object;Ljava/util/Map;)V",
			"args":"(java.lang.StringBuilder,java.lang.Object[],java.util.Map)",
			"isStatic":true,
			"isProtected":false,
			"name":"objectArrayAppend",
			"isPublic":false,
			"isPrivate":true,
			"isFinal":false,
			"type":"define",
			"isAbstract":false,
			"rtType":"void"
		}
	},
	"isPublic":true,
	"className":"org.slf4j.helpers.MessageFormatter",
	"interNames":{},
	"isFinal":true,
	"isPrivate":false,
	"isAbstract":false,
	"isInterface":false,
	"superClassName":"java.lang.Object"
}