{
	"isProtected":false,
	"finishedSearch":false,
	"methods":{
		"getName()":{
			"sig":"()Ljava/lang/String;",
			"args":"()",
			"isStatic":false,
			"isProtected":false,
			"name":"getName",
			"isPublic":true,
			"isPrivate":false,
			"isFinal":false,
			"type":"define",
			"isAbstract":true,
			"rtType":"java.lang.String"
		},
		"iterator()":{
			"sig":"()Ljava/util/Iterator;",
			"args":"()",
			"isStatic":false,
			"isProtected":false,
			"name":"iterator",
			"isPublic":true,
			"isPrivate":false,
			"isFinal":false,
			"type":"define",
			"isAbstract":true,
			"rtType":"java.util.Iterator"
		},
		"add(org.slf4j.Marker)":{
			"sig":"(Lorg/slf4j/Marker;)V",
			"args":"(org.slf4j.Marker)",
			"isStatic":false,
			"isProtected":false,
			"name":"add",
			"isPublic":true,
			"isPrivate":false,
			"isFinal":false,
			"type":"define",
			"isAbstract":true,
			"rtType":"void"
		},
		"remove(org.slf4j.Marker)":{
			"sig":"(Lorg/slf4j/Marker;)Z",
			"args":"(org.slf4j.Marker)",
			"isStatic":false,
			"isProtected":false,
			"name":"remove",
			"isPublic":true,
			"isPrivate":false,
			"isFinal":false,
			"type":"define",
			"isAbstract":true,
			"rtType":"boolean"
		},
		"contains(org.slf4j.Marker)":{
			"sig":"(Lorg/slf4j/Marker;)Z",
			"args":"(org.slf4j.Marker)",
			"isStatic":false,
			"isProtected":false,
			"name":"contains",
			"isPublic":true,
			"isPrivate":false,
			"isFinal":false,
			"type":"define",
			"isAbstract":true,
			"rtType":"boolean"
		},
		"hasChildren()":{
			"sig":"()Z",
			"args":"()",
			"isStatic":false,
			"isProtected":false,
			"name":"hasChildren",
			"isPublic":true,
			"isPrivate":false,
			"isFinal":false,
			"type":"define",
			"isAbstract":true,
			"rtType":"boolean"
		},
		"contains(java.lang.String)":{
			"sig":"(Ljava/lang/String;)Z",
			"args":"(java.lang.String)",
			"isStatic":false,
			"isProtected":false,
			"name":"contains",
			"isPublic":true,
			"isPrivate":false,
			"isFinal":false,
			"type":"define",
			"isAbstract":true,
			"rtType":"boolean"
		},
		"equals(java.lang.Object)":{
			"sig":"(Ljava/lang/Object;)Z",
			"args":"(java.lang.Object)",
			"isStatic":false,
			"isProtected":false,
			"name":"equals",
			"isPublic":true,
			"isPrivate":false,
			"isFinal":false,
			"type":"define",
			"isAbstract":true,
			"rtType":"boolean"
		},
		"hasReferences()":{
			"sig":"()Z",
			"args":"()",
			"isStatic":false,
			"isProtected":false,
			"name":"hasReferences",
			"isPublic":true,
			"isPrivate":false,
			"isFinal":false,
			"type":"define",
			"isAbstract":true,
			"rtType":"boolean"
		},
		"hashCode()":{
			"sig":"()I",
			"args":"()",
			"isStatic":false,
			"isProtected":false,
			"name":"hashCode",
			"isPublic":true,
			"isPrivate":false,
			"isFinal":false,
			"type":"define",
			"isAbstract":true,
			"rtType":"int"
		}
	},
	"isPublic":true,
	"className":"org.slf4j.Marker",
	"interNames":{
		"java.io.Serializable":"true"
	},
	"isFinal":false,
	"isPrivate":false,
	"isAbstract":true,
	"isInterface":true,
	"superClassName":"java.lang.Object"
}