{
	"isProtected":false,
	"finishedSearch":false,
	"methods":{
		"warn(org.slf4j.Marker,java.lang.String,java.lang.Throwable)":{
			"sig":"(Lorg/slf4j/Marker;Ljava/lang/String;Ljava/lang/Throwable;)V",
			"args":"(org.slf4j.Marker,java.lang.String,java.lang.Throwable)",
			"isStatic":false,
			"isProtected":false,
			"name":"warn",
			"isPublic":true,
			"isPrivate":false,
			"isFinal":false,
			"type":"define",
			"isAbstract":false,
			"rtType":"void"
		},
		"isDebugEnabled(org.slf4j.Marker)":{
			"sig":"(Lorg/slf4j/Marker;)Z",
			"args":"(org.slf4j.Marker)",
			"isStatic":false,
			"isProtected":false,
			"name":"isDebugEnabled",
			"isPublic":true,
			"isPrivate":false,
			"isFinal":false,
			"type":"define",
			"isAbstract":false,
			"rtType":"boolean"
		},
		"info(org.slf4j.Marker,java.lang.String,java.lang.Object,java.lang.Object)":{
			"sig":"(Lorg/slf4j/Marker;Ljava/lang/String;Ljava/lang/Object;Ljava/lang/Object;)V",
			"args":"(org.slf4j.Marker,java.lang.String,java.lang.Object,java.lang.Object)",
			"isStatic":false,
			"isProtected":false,
			"name":"info",
			"isPublic":true,
			"isPrivate":false,
			"isFinal":false,
			"type":"define",
			"isAbstract":false,
			"rtType":"void"
		},
		"info(org.slf4j.Marker,java.lang.String,java.lang.Object[])":{
			"sig":"(Lorg/slf4j/Marker;Ljava/lang/String;[Ljava/lang/Object;)V",
			"args":"(org.slf4j.Marker,java.lang.String,java.lang.Object[])",
			"isStatic":false,
			"isProtected":false,
			"name":"info",
			"isPublic":true,
			"isPrivate":false,
			"isFinal":false,
			"type":"define",
			"isAbstract":false,
			"rtType":"void"
		},
		"info(org.slf4j.Marker,java.lang.String,java.lang.Throwable)":{
			"sig":"(Lorg/slf4j/Marker;Ljava/lang/String;Ljava/lang/Throwable;)V",
			"args":"(org.slf4j.Marker,java.lang.String,java.lang.Throwable)",
			"isStatic":false,
			"isProtected":false,
			"name":"info",
			"isPublic":true,
			"isPrivate":false,
			"isFinal":false,
			"type":"define",
			"isAbstract":false,
			"rtType":"void"
		},
		"trace(org.slf4j.Marker,java.lang.String,java.lang.Object,java.lang.Object)":{
			"sig":"(Lorg/slf4j/Marker;Ljava/lang/String;Ljava/lang/Object;Ljava/lang/Object;)V",
			"args":"(org.slf4j.Marker,java.lang.String,java.lang.Object,java.lang.Object)",
			"isStatic":false,
			"isProtected":false,
			"name":"trace",
			"isPublic":true,
			"isPrivate":false,
			"isFinal":false,
			"type":"define",
			"isAbstract":false,
			"rtType":"void"
		},
		"debug(org.slf4j.Marker,java.lang.String,java.lang.Object[])":{
			"sig":"(Lorg/slf4j/Marker;Ljava/lang/String;[Ljava/lang/Object;)V",
			"args":"(org.slf4j.Marker,java.lang.String,java.lang.Object[])",
			"isStatic":false,
			"isProtected":false,
			"name":"debug",
			"isPublic":true,
			"isPrivate":false,
			"isFinal":false,
			"type":"define",
			"isAbstract":false,
			"rtType":"void"
		},
		"isWarnEnabled(org.slf4j.Marker)":{
			"sig":"(Lorg/slf4j/Marker;)Z",
			"args":"(org.slf4j.Marker)",
			"isStatic":false,
			"isProtected":false,
			"name":"isWarnEnabled",
			"isPublic":true,
			"isPrivate":false,
			"isFinal":false,
			"type":"define",
			"isAbstract":false,
			"rtType":"boolean"
		},
		"error(org.slf4j.Marker,java.lang.String)":{
			"sig":"(Lorg/slf4j/Marker;Ljava/lang/String;)V",
			"args":"(org.slf4j.Marker,java.lang.String)",
			"isStatic":false,
			"isProtected":false,
			"name":"error",
			"isPublic":true,
			"isPrivate":false,
			"isFinal":false,
			"type":"define",
			"isAbstract":false,
			"rtType":"void"
		},
		"isInfoEnabled(org.slf4j.Marker)":{
			"sig":"(Lorg/slf4j/Marker;)Z",
			"args":"(org.slf4j.Marker)",
			"isStatic":false,
			"isProtected":false,
			"name":"isInfoEnabled",
			"isPublic":true,
			"isPrivate":false,
			"isFinal":false,
			"type":"define",
			"isAbstract":false,
			"rtType":"boolean"
		},
		"trace(org.slf4j.Marker,java.lang.String)":{
			"sig":"(Lorg/slf4j/Marker;Ljava/lang/String;)V",
			"args":"(org.slf4j.Marker,java.lang.String)",
			"isStatic":false,
			"isProtected":false,
			"name":"trace",
			"isPublic":true,
			"isPrivate":false,
			"isFinal":false,
			"type":"define",
			"isAbstract":false,
			"rtType":"void"
		},
		"error(org.slf4j.Marker,java.lang.String,java.lang.Throwable)":{
			"sig":"(Lorg/slf4j/Marker;Ljava/lang/String;Ljava/lang/Throwable;)V",
			"args":"(org.slf4j.Marker,java.lang.String,java.lang.Throwable)",
			"isStatic":false,
			"isProtected":false,
			"name":"error",
			"isPublic":true,
			"isPrivate":false,
			"isFinal":false,
			"type":"define",
			"isAbstract":false,
			"rtType":"void"
		},
		"<init>()":{
			"sig":"()V",
			"args":"()",
			"isStatic":false,
			"isProtected":false,
			"name":"<init>",
			"isPublic":true,
			"isPrivate":false,
			"isFinal":false,
			"type":"define",
			"isAbstract":false,
			"rtType":"void"
		},
		"getName()":{
			"sig":"()Ljava/lang/String;",
			"args":"()",
			"isStatic":false,
			"isProtected":false,
			"name":"getName",
			"isPublic":true,
			"isPrivate":false,
			"isFinal":false,
			"type":"define",
			"isAbstract":false,
			"rtType":"java.lang.String"
		},
		"warn(org.slf4j.Marker,java.lang.String,java.lang.Object[])":{
			"sig":"(Lorg/slf4j/Marker;Ljava/lang/String;[Ljava/lang/Object;)V",
			"args":"(org.slf4j.Marker,java.lang.String,java.lang.Object[])",
			"isStatic":false,
			"isProtected":false,
			"name":"warn",
			"isPublic":true,
			"isPrivate":false,
			"isFinal":false,
			"type":"define",
			"isAbstract":false,
			"rtType":"void"
		},
		"warn(org.slf4j.Marker,java.lang.String,java.lang.Object)":{
			"sig":"(Lorg/slf4j/Marker;Ljava/lang/String;Ljava/lang/Object;)V",
			"args":"(org.slf4j.Marker,java.lang.String,java.lang.Object)",
			"isStatic":false,
			"isProtected":false,
			"name":"warn",
			"isPublic":true,
			"isPrivate":false,
			"isFinal":false,
			"type":"define",
			"isAbstract":false,
			"rtType":"void"
		},
		"info(org.slf4j.Marker,java.lang.String)":{
			"sig":"(Lorg/slf4j/Marker;Ljava/lang/String;)V",
			"args":"(org.slf4j.Marker,java.lang.String)",
			"isStatic":false,
			"isProtected":false,
			"name":"info",
			"isPublic":true,
			"isPrivate":false,
			"isFinal":false,
			"type":"define",
			"isAbstract":false,
			"rtType":"void"
		},
		"warn(org.slf4j.Marker,java.lang.String,java.lang.Object,java.lang.Object)":{
			"sig":"(Lorg/slf4j/Marker;Ljava/lang/String;Ljava/lang/Object;Ljava/lang/Object;)V",
			"args":"(org.slf4j.Marker,java.lang.String,java.lang.Object,java.lang.Object)",
			"isStatic":false,
			"isProtected":false,
			"name":"warn",
			"isPublic":true,
			"isPrivate":false,
			"isFinal":false,
			"type":"define",
			"isAbstract":false,
			"rtType":"void"
		},
		"trace(org.slf4j.Marker,java.lang.String,java.lang.Object)":{
			"sig":"(Lorg/slf4j/Marker;Ljava/lang/String;Ljava/lang/Object;)V",
			"args":"(org.slf4j.Marker,java.lang.String,java.lang.Object)",
			"isStatic":false,
			"isProtected":false,
			"name":"trace",
			"isPublic":true,
			"isPrivate":false,
			"isFinal":false,
			"type":"define",
			"isAbstract":false,
			"rtType":"void"
		},
		"toString()":{
			"sig":"()Ljava/lang/String;",
			"args":"()",
			"isStatic":false,
			"isProtected":false,
			"name":"toString",
			"isPublic":true,
			"isPrivate":false,
			"isFinal":false,
			"type":"define",
			"isAbstract":false,
			"rtType":"java.lang.String"
		},
		"info(org.slf4j.Marker,java.lang.String,java.lang.Object)":{
			"sig":"(Lorg/slf4j/Marker;Ljava/lang/String;Ljava/lang/Object;)V",
			"args":"(org.slf4j.Marker,java.lang.String,java.lang.Object)",
			"isStatic":false,
			"isProtected":false,
			"name":"info",
			"isPublic":true,
			"isPrivate":false,
			"isFinal":false,
			"type":"define",
			"isAbstract":false,
			"rtType":"void"
		},
		"error(org.slf4j.Marker,java.lang.String,java.lang.Object)":{
			"sig":"(Lorg/slf4j/Marker;Ljava/lang/String;Ljava/lang/Object;)V",
			"args":"(org.slf4j.Marker,java.lang.String,java.lang.Object)",
			"isStatic":false,
			"isProtected":false,
			"name":"error",
			"isPublic":true,
			"isPrivate":false,
			"isFinal":false,
			"type":"define",
			"isAbstract":false,
			"rtType":"void"
		},
		"trace(org.slf4j.Marker,java.lang.String,java.lang.Object[])":{
			"sig":"(Lorg/slf4j/Marker;Ljava/lang/String;[Ljava/lang/Object;)V",
			"args":"(org.slf4j.Marker,java.lang.String,java.lang.Object[])",
			"isStatic":false,
			"isProtected":false,
			"name":"trace",
			"isPublic":true,
			"isPrivate":false,
			"isFinal":false,
			"type":"define",
			"isAbstract":false,
			"rtType":"void"
		},
		"debug(org.slf4j.Marker,java.lang.String)":{
			"sig":"(Lorg/slf4j/Marker;Ljava/lang/String;)V",
			"args":"(org.slf4j.Marker,java.lang.String)",
			"isStatic":false,
			"isProtected":false,
			"name":"debug",
			"isPublic":true,
			"isPrivate":false,
			"isFinal":false,
			"type":"define",
			"isAbstract":false,
			"rtType":"void"
		},
		"isErrorEnabled(org.slf4j.Marker)":{
			"sig":"(Lorg/slf4j/Marker;)Z",
			"args":"(org.slf4j.Marker)",
			"isStatic":false,
			"isProtected":false,
			"name":"isErrorEnabled",
			"isPublic":true,
			"isPrivate":false,
			"isFinal":false,
			"type":"define",
			"isAbstract":false,
			"rtType":"boolean"
		},
		"debug(org.slf4j.Marker,java.lang.String,java.lang.Object)":{
			"sig":"(Lorg/slf4j/Marker;Ljava/lang/String;Ljava/lang/Object;)V",
			"args":"(org.slf4j.Marker,java.lang.String,java.lang.Object)",
			"isStatic":false,
			"isProtected":false,
			"name":"debug",
			"isPublic":true,
			"isPrivate":false,
			"isFinal":false,
			"type":"define",
			"isAbstract":false,
			"rtType":"void"
		},
		"error(org.slf4j.Marker,java.lang.String,java.lang.Object,java.lang.Object)":{
			"sig":"(Lorg/slf4j/Marker;Ljava/lang/String;Ljava/lang/Object;Ljava/lang/Object;)V",
			"args":"(org.slf4j.Marker,java.lang.String,java.lang.Object,java.lang.Object)",
			"isStatic":false,
			"isProtected":false,
			"name":"error",
			"isPublic":true,
			"isPrivate":false,
			"isFinal":false,
			"type":"define",
			"isAbstract":false,
			"rtType":"void"
		},
		"isTraceEnabled(org.slf4j.Marker)":{
			"sig":"(Lorg/slf4j/Marker;)Z",
			"args":"(org.slf4j.Marker)",
			"isStatic":false,
			"isProtected":false,
			"name":"isTraceEnabled",
			"isPublic":true,
			"isPrivate":false,
			"isFinal":false,
			"type":"define",
			"isAbstract":false,
			"rtType":"boolean"
		},
		"error(org.slf4j.Marker,java.lang.String,java.lang.Object[])":{
			"sig":"(Lorg/slf4j/Marker;Ljava/lang/String;[Ljava/lang/Object;)V",
			"args":"(org.slf4j.Marker,java.lang.String,java.lang.Object[])",
			"isStatic":false,
			"isProtected":false,
			"name":"error",
			"isPublic":true,
			"isPrivate":false,
			"isFinal":false,
			"type":"define",
			"isAbstract":false,
			"rtType":"void"
		},
		"trace(org.slf4j.Marker,java.lang.String,java.lang.Throwable)":{
			"sig":"(Lorg/slf4j/Marker;Ljava/lang/String;Ljava/lang/Throwable;)V",
			"args":"(org.slf4j.Marker,java.lang.String,java.lang.Throwable)",
			"isStatic":false,
			"isProtected":false,
			"name":"trace",
			"isPublic":true,
			"isPrivate":false,
			"isFinal":false,
			"type":"define",
			"isAbstract":false,
			"rtType":"void"
		},
		"debug(org.slf4j.Marker,java.lang.String,java.lang.Throwable)":{
			"sig":"(Lorg/slf4j/Marker;Ljava/lang/String;Ljava/lang/Throwable;)V",
			"args":"(org.slf4j.Marker,java.lang.String,java.lang.Throwable)",
			"isStatic":false,
			"isProtected":false,
			"name":"debug",
			"isPublic":true,
			"isPrivate":false,
			"isFinal":false,
			"type":"define",
			"isAbstract":false,
			"rtType":"void"
		},
		"warn(org.slf4j.Marker,java.lang.String)":{
			"sig":"(Lorg/slf4j/Marker;Ljava/lang/String;)V",
			"args":"(org.slf4j.Marker,java.lang.String)",
			"isStatic":false,
			"isProtected":false,
			"name":"warn",
			"isPublic":true,
			"isPrivate":false,
			"isFinal":false,
			"type":"define",
			"isAbstract":false,
			"rtType":"void"
		},
		"debug(org.slf4j.Marker,java.lang.String,java.lang.Object,java.lang.Object)":{
			"sig":"(Lorg/slf4j/Marker;Ljava/lang/String;Ljava/lang/Object;Ljava/lang/Object;)V",
			"args":"(org.slf4j.Marker,java.lang.String,java.lang.Object,java.lang.Object)",
			"isStatic":false,
			"isProtected":false,
			"name":"debug",
			"isPublic":true,
			"isPrivate":false,
			"isFinal":false,
			"type":"define",
			"isAbstract":false,
			"rtType":"void"
		}
	},
	"isPublic":true,
	"className":"org.slf4j.helpers.MarkerIgnoringBase",
	"interNames":{
		"org.slf4j.Logger":"true"
	},
	"isFinal":false,
	"isPrivate":false,
	"isAbstract":true,
	"isInterface":false,
	"superClassName":"org.slf4j.helpers.NamedLoggerBase"
}