{
	"isProtected":false,
	"finishedSearch":false,
	"methods":{
		"warn(org.slf4j.Marker,java.lang.String,java.lang.Throwable)":{
			"sig":"(Lorg/slf4j/Marker;Ljava/lang/String;Ljava/lang/Throwable;)V",
			"args":"(org.slf4j.Marker,java.lang.String,java.lang.Throwable)",
			"isStatic":false,
			"isProtected":false,
			"name":"warn",
			"isPublic":true,
			"isPrivate":false,
			"isFinal":false,
			"type":"define",
			"isAbstract":false,
			"rtType":"void"
		},
		"isDebugEnabled(org.slf4j.Marker)":{
			"sig":"(Lorg/slf4j/Marker;)Z",
			"args":"(org.slf4j.Marker)",
			"isStatic":false,
			"isProtected":false,
			"name":"isDebugEnabled",
			"isPublic":true,
			"isPrivate":false,
			"isFinal":false,
			"type":"define",
			"isAbstract":false,
			"rtType":"boolean"
		},
		"info(org.slf4j.Marker,java.lang.String,java.lang.Object,java.lang.Object)":{
			"sig":"(Lorg/slf4j/Marker;Ljava/lang/String;Ljava/lang/Object;Ljava/lang/Object;)V",
			"args":"(org.slf4j.Marker,java.lang.String,java.lang.Object,java.lang.Object)",
			"isStatic":false,
			"isProtected":false,
			"name":"info",
			"isPublic":true,
			"isPrivate":false,
			"isFinal":false,
			"type":"define",
			"isAbstract":false,
			"rtType":"void"
		},
		"warn(java.lang.String,java.lang.Object,java.lang.Object)":{
			"sig":"(Ljava/lang/String;Ljava/lang/Object;Ljava/lang/Object;)V",
			"args":"(java.lang.String,java.lang.Object,java.lang.Object)",
			"isStatic":false,
			"isProtected":false,
			"name":"warn",
			"isPublic":true,
			"isPrivate":false,
			"isFinal":false,
			"type":"define",
			"isAbstract":false,
			"rtType":"void"
		},
		"debug(java.lang.String,java.lang.Object[])":{
			"sig":"(Ljava/lang/String;[Ljava/lang/Object;)V",
			"args":"(java.lang.String,java.lang.Object[])",
			"isStatic":false,
			"isProtected":false,
			"name":"debug",
			"isPublic":true,
			"isPrivate":false,
			"isFinal":false,
			"type":"define",
			"isAbstract":false,
			"rtType":"void"
		},
		"info(org.slf4j.Marker,java.lang.String,java.lang.Throwable)":{
			"sig":"(Lorg/slf4j/Marker;Ljava/lang/String;Ljava/lang/Throwable;)V",
			"args":"(org.slf4j.Marker,java.lang.String,java.lang.Throwable)",
			"isStatic":false,
			"isProtected":false,
			"name":"info",
			"isPublic":true,
			"isPrivate":false,
			"isFinal":false,
			"type":"define",
			"isAbstract":false,
			"rtType":"void"
		},
		"isTraceEnabled()":{
			"sig":"()Z",
			"args":"()",
			"isStatic":false,
			"isProtected":false,
			"name":"isTraceEnabled",
			"isPublic":true,
			"isPrivate":false,
			"isFinal":false,
			"type":"define",
			"isAbstract":false,
			"rtType":"boolean"
		},
		"error(org.slf4j.Marker,java.lang.String,java.lang.Throwable)":{
			"sig":"(Lorg/slf4j/Marker;Ljava/lang/String;Ljava/lang/Throwable;)V",
			"args":"(org.slf4j.Marker,java.lang.String,java.lang.Throwable)",
			"isStatic":false,
			"isProtected":false,
			"name":"error",
			"isPublic":true,
			"isPrivate":false,
			"isFinal":false,
			"type":"define",
			"isAbstract":false,
			"rtType":"void"
		},
		"delegate()":{
			"sig":"()Lorg/slf4j/Logger;",
			"args":"()",
			"isStatic":false,
			"isProtected":false,
			"name":"delegate",
			"isPublic":false,
			"isPrivate":false,
			"isFinal":false,
			"type":"define",
			"isAbstract":false,
			"rtType":"org.slf4j.Logger"
		},
		"getName()":{
			"sig":"()Ljava/lang/String;",
			"args":"()",
			"isStatic":false,
			"isProtected":false,
			"name":"getName",
			"isPublic":true,
			"isPrivate":false,
			"isFinal":false,
			"type":"define",
			"isAbstract":false,
			"rtType":"java.lang.String"
		},
		"warn(org.slf4j.Marker,java.lang.String,java.lang.Object[])":{
			"sig":"(Lorg/slf4j/Marker;Ljava/lang/String;[Ljava/lang/Object;)V",
			"args":"(org.slf4j.Marker,java.lang.String,java.lang.Object[])",
			"isStatic":false,
			"isProtected":false,
			"name":"warn",
			"isPublic":true,
			"isPrivate":false,
			"isFinal":false,
			"type":"define",
			"isAbstract":false,
			"rtType":"void"
		},
		"error(java.lang.String,java.lang.Object,java.lang.Object)":{
			"sig":"(Ljava/lang/String;Ljava/lang/Object;Ljava/lang/Object;)V",
			"args":"(java.lang.String,java.lang.Object,java.lang.Object)",
			"isStatic":false,
			"isProtected":false,
			"name":"error",
			"isPublic":true,
			"isPrivate":false,
			"isFinal":false,
			"type":"define",
			"isAbstract":false,
			"rtType":"void"
		},
		"error(java.lang.String,java.lang.Object[])":{
			"sig":"(Ljava/lang/String;[Ljava/lang/Object;)V",
			"args":"(java.lang.String,java.lang.Object[])",
			"isStatic":false,
			"isProtected":false,
			"name":"error",
			"isPublic":true,
			"isPrivate":false,
			"isFinal":false,
			"type":"define",
			"isAbstract":false,
			"rtType":"void"
		},
		"warn(org.slf4j.Marker,java.lang.String,java.lang.Object)":{
			"sig":"(Lorg/slf4j/Marker;Ljava/lang/String;Ljava/lang/Object;)V",
			"args":"(org.slf4j.Marker,java.lang.String,java.lang.Object)",
			"isStatic":false,
			"isProtected":false,
			"name":"warn",
			"isPublic":true,
			"isPrivate":false,
			"isFinal":false,
			"type":"define",
			"isAbstract":false,
			"rtType":"void"
		},
		"trace(java.lang.String,java.lang.Object,java.lang.Object)":{
			"sig":"(Ljava/lang/String;Ljava/lang/Object;Ljava/lang/Object;)V",
			"args":"(java.lang.String,java.lang.Object,java.lang.Object)",
			"isStatic":false,
			"isProtected":false,
			"name":"trace",
			"isPublic":true,
			"isPrivate":false,
			"isFinal":false,
			"type":"define",
			"isAbstract":false,
			"rtType":"void"
		},
		"info(java.lang.String,java.lang.Object,java.lang.Object)":{
			"sig":"(Ljava/lang/String;Ljava/lang/Object;Ljava/lang/Object;)V",
			"args":"(java.lang.String,java.lang.Object,java.lang.Object)",
			"isStatic":false,
			"isProtected":false,
			"name":"info",
			"isPublic":true,
			"isPrivate":false,
			"isFinal":false,
			"type":"define",
			"isAbstract":false,
			"rtType":"void"
		},
		"warn(java.lang.String,java.lang.Object)":{
			"sig":"(Ljava/lang/String;Ljava/lang/Object;)V",
			"args":"(java.lang.String,java.lang.Object)",
			"isStatic":false,
			"isProtected":false,
			"name":"warn",
			"isPublic":true,
			"isPrivate":false,
			"isFinal":false,
			"type":"define",
			"isAbstract":false,
			"rtType":"void"
		},
		"trace(java.lang.String,java.lang.Throwable)":{
			"sig":"(Ljava/lang/String;Ljava/lang/Throwable;)V",
			"args":"(java.lang.String,java.lang.Throwable)",
			"isStatic":false,
			"isProtected":false,
			"name":"trace",
			"isPublic":true,
			"isPrivate":false,
			"isFinal":false,
			"type":"define",
			"isAbstract":false,
			"rtType":"void"
		},
		"trace(org.slf4j.Marker,java.lang.String,java.lang.Object)":{
			"sig":"(Lorg/slf4j/Marker;Ljava/lang/String;Ljava/lang/Object;)V",
			"args":"(org.slf4j.Marker,java.lang.String,java.lang.Object)",
			"isStatic":false,
			"isProtected":false,
			"name":"trace",
			"isPublic":true,
			"isPrivate":false,
			"isFinal":false,
			"type":"define",
			"isAbstract":false,
			"rtType":"void"
		},
		"info(java.lang.String)":{
			"sig":"(Ljava/lang/String;)V",
			"args":"(java.lang.String)",
			"isStatic":false,
			"isProtected":false,
			"name":"info",
			"isPublic":true,
			"isPrivate":false,
			"isFinal":false,
			"type":"define",
			"isAbstract":false,
			"rtType":"void"
		},
		"debug(java.lang.String,java.lang.Throwable)":{
			"sig":"(Ljava/lang/String;Ljava/lang/Throwable;)V",
			"args":"(java.lang.String,java.lang.Throwable)",
			"isStatic":false,
			"isProtected":false,
			"name":"debug",
			"isPublic":true,
			"isPrivate":false,
			"isFinal":false,
			"type":"define",
			"isAbstract":false,
			"rtType":"void"
		},
		"error(org.slf4j.Marker,java.lang.String,java.lang.Object)":{
			"sig":"(Lorg/slf4j/Marker;Ljava/lang/String;Ljava/lang/Object;)V",
			"args":"(org.slf4j.Marker,java.lang.String,java.lang.Object)",
			"isStatic":false,
			"isProtected":false,
			"name":"error",
			"isPublic":true,
			"isPrivate":false,
			"isFinal":false,
			"type":"define",
			"isAbstract":false,
			"rtType":"void"
		},
		"error(java.lang.String,java.lang.Object)":{
			"sig":"(Ljava/lang/String;Ljava/lang/Object;)V",
			"args":"(java.lang.String,java.lang.Object)",
			"isStatic":false,
			"isProtected":false,
			"name":"error",
			"isPublic":true,
			"isPrivate":false,
			"isFinal":false,
			"type":"define",
			"isAbstract":false,
			"rtType":"void"
		},
		"debug(org.slf4j.Marker,java.lang.String)":{
			"sig":"(Lorg/slf4j/Marker;Ljava/lang/String;)V",
			"args":"(org.slf4j.Marker,java.lang.String)",
			"isStatic":false,
			"isProtected":false,
			"name":"debug",
			"isPublic":true,
			"isPrivate":false,
			"isFinal":false,
			"type":"define",
			"isAbstract":false,
			"rtType":"void"
		},
		"isErrorEnabled(org.slf4j.Marker)":{
			"sig":"(Lorg/slf4j/Marker;)Z",
			"args":"(org.slf4j.Marker)",
			"isStatic":false,
			"isProtected":false,
			"name":"isErrorEnabled",
			"isPublic":true,
			"isPrivate":false,
			"isFinal":false,
			"type":"define",
			"isAbstract":false,
			"rtType":"boolean"
		},
		"trace(org.slf4j.Marker,java.lang.String,java.lang.Throwable)":{
			"sig":"(Lorg/slf4j/Marker;Ljava/lang/String;Ljava/lang/Throwable;)V",
			"args":"(org.slf4j.Marker,java.lang.String,java.lang.Throwable)",
			"isStatic":false,
			"isProtected":false,
			"name":"trace",
			"isPublic":true,
			"isPrivate":false,
			"isFinal":false,
			"type":"define",
			"isAbstract":false,
			"rtType":"void"
		},
		"debug(org.slf4j.Marker,java.lang.String,java.lang.Throwable)":{
			"sig":"(Lorg/slf4j/Marker;Ljava/lang/String;Ljava/lang/Throwable;)V",
			"args":"(org.slf4j.Marker,java.lang.String,java.lang.Throwable)",
			"isStatic":false,
			"isProtected":false,
			"name":"debug",
			"isPublic":true,
			"isPrivate":false,
			"isFinal":false,
			"type":"define",
			"isAbstract":false,
			"rtType":"void"
		},
		"isWarnEnabled()":{
			"sig":"()Z",
			"args":"()",
			"isStatic":false,
			"isProtected":false,
			"name":"isWarnEnabled",
			"isPublic":true,
			"isPrivate":false,
			"isFinal":false,
			"type":"define",
			"isAbstract":false,
			"rtType":"boolean"
		},
		"equals(java.lang.Object)":{
			"sig":"(Ljava/lang/Object;)Z",
			"args":"(java.lang.Object)",
			"isStatic":false,
			"isProtected":false,
			"name":"equals",
			"isPublic":true,
			"isPrivate":false,
			"isFinal":false,
			"type":"define",
			"isAbstract":false,
			"rtType":"boolean"
		},
		"debug(org.slf4j.Marker,java.lang.String,java.lang.Object,java.lang.Object)":{
			"sig":"(Lorg/slf4j/Marker;Ljava/lang/String;Ljava/lang/Object;Ljava/lang/Object;)V",
			"args":"(org.slf4j.Marker,java.lang.String,java.lang.Object,java.lang.Object)",
			"isStatic":false,
			"isProtected":false,
			"name":"debug",
			"isPublic":true,
			"isPrivate":false,
			"isFinal":false,
			"type":"define",
			"isAbstract":false,
			"rtType":"void"
		},
		"trace(java.lang.String,java.lang.Object)":{
			"sig":"(Ljava/lang/String;Ljava/lang/Object;)V",
			"args":"(java.lang.String,java.lang.Object)",
			"isStatic":false,
			"isProtected":false,
			"name":"trace",
			"isPublic":true,
			"isPrivate":false,
			"isFinal":false,
			"type":"define",
			"isAbstract":false,
			"rtType":"void"
		},
		"info(org.slf4j.Marker,java.lang.String,java.lang.Object[])":{
			"sig":"(Lorg/slf4j/Marker;Ljava/lang/String;[Ljava/lang/Object;)V",
			"args":"(org.slf4j.Marker,java.lang.String,java.lang.Object[])",
			"isStatic":false,
			"isProtected":false,
			"name":"info",
			"isPublic":true,
			"isPrivate":false,
			"isFinal":false,
			"type":"define",
			"isAbstract":false,
			"rtType":"void"
		},
		"warn(java.lang.String,java.lang.Throwable)":{
			"sig":"(Ljava/lang/String;Ljava/lang/Throwable;)V",
			"args":"(java.lang.String,java.lang.Throwable)",
			"isStatic":false,
			"isProtected":false,
			"name":"warn",
			"isPublic":true,
			"isPrivate":false,
			"isFinal":false,
			"type":"define",
			"isAbstract":false,
			"rtType":"void"
		},
		"debug(java.lang.String,java.lang.Object)":{
			"sig":"(Ljava/lang/String;Ljava/lang/Object;)V",
			"args":"(java.lang.String,java.lang.Object)",
			"isStatic":false,
			"isProtected":false,
			"name":"debug",
			"isPublic":true,
			"isPrivate":false,
			"isFinal":false,
			"type":"define",
			"isAbstract":false,
			"rtType":"void"
		},
		"trace(org.slf4j.Marker,java.lang.String,java.lang.Object,java.lang.Object)":{
			"sig":"(Lorg/slf4j/Marker;Ljava/lang/String;Ljava/lang/Object;Ljava/lang/Object;)V",
			"args":"(org.slf4j.Marker,java.lang.String,java.lang.Object,java.lang.Object)",
			"isStatic":false,
			"isProtected":false,
			"name":"trace",
			"isPublic":true,
			"isPrivate":false,
			"isFinal":false,
			"type":"define",
			"isAbstract":false,
			"rtType":"void"
		},
		"debug(java.lang.String)":{
			"sig":"(Ljava/lang/String;)V",
			"args":"(java.lang.String)",
			"isStatic":false,
			"isProtected":false,
			"name":"debug",
			"isPublic":true,
			"isPrivate":false,
			"isFinal":false,
			"type":"define",
			"isAbstract":false,
			"rtType":"void"
		},
		"debug(org.slf4j.Marker,java.lang.String,java.lang.Object[])":{
			"sig":"(Lorg/slf4j/Marker;Ljava/lang/String;[Ljava/lang/Object;)V",
			"args":"(org.slf4j.Marker,java.lang.String,java.lang.Object[])",
			"isStatic":false,
			"isProtected":false,
			"name":"debug",
			"isPublic":true,
			"isPrivate":false,
			"isFinal":false,
			"type":"define",
			"isAbstract":false,
			"rtType":"void"
		},
		"isWarnEnabled(org.slf4j.Marker)":{
			"sig":"(Lorg/slf4j/Marker;)Z",
			"args":"(org.slf4j.Marker)",
			"isStatic":false,
			"isProtected":false,
			"name":"isWarnEnabled",
			"isPublic":true,
			"isPrivate":false,
			"isFinal":false,
			"type":"define",
			"isAbstract":false,
			"rtType":"boolean"
		},
		"error(org.slf4j.Marker,java.lang.String)":{
			"sig":"(Lorg/slf4j/Marker;Ljava/lang/String;)V",
			"args":"(org.slf4j.Marker,java.lang.String)",
			"isStatic":false,
			"isProtected":false,
			"name":"error",
			"isPublic":true,
			"isPrivate":false,
			"isFinal":false,
			"type":"define",
			"isAbstract":false,
			"rtType":"void"
		},
		"isInfoEnabled(org.slf4j.Marker)":{
			"sig":"(Lorg/slf4j/Marker;)Z",
			"args":"(org.slf4j.Marker)",
			"isStatic":false,
			"isProtected":false,
			"name":"isInfoEnabled",
			"isPublic":true,
			"isPrivate":false,
			"isFinal":false,
			"type":"define",
			"isAbstract":false,
			"rtType":"boolean"
		},
		"hashCode()":{
			"sig":"()I",
			"args":"()",
			"isStatic":false,
			"isProtected":false,
			"name":"hashCode",
			"isPublic":true,
			"isPrivate":false,
			"isFinal":false,
			"type":"define",
			"isAbstract":false,
			"rtType":"int"
		},
		"trace(org.slf4j.Marker,java.lang.String)":{
			"sig":"(Lorg/slf4j/Marker;Ljava/lang/String;)V",
			"args":"(org.slf4j.Marker,java.lang.String)",
			"isStatic":false,
			"isProtected":false,
			"name":"trace",
			"isPublic":true,
			"isPrivate":false,
			"isFinal":false,
			"type":"define",
			"isAbstract":false,
			"rtType":"void"
		},
		"info(java.lang.String,java.lang.Object)":{
			"sig":"(Ljava/lang/String;Ljava/lang/Object;)V",
			"args":"(java.lang.String,java.lang.Object)",
			"isStatic":false,
			"isProtected":false,
			"name":"info",
			"isPublic":true,
			"isPrivate":false,
			"isFinal":false,
			"type":"define",
			"isAbstract":false,
			"rtType":"void"
		},
		"debug(java.lang.String,java.lang.Object,java.lang.Object)":{
			"sig":"(Ljava/lang/String;Ljava/lang/Object;Ljava/lang/Object;)V",
			"args":"(java.lang.String,java.lang.Object,java.lang.Object)",
			"isStatic":false,
			"isProtected":false,
			"name":"debug",
			"isPublic":true,
			"isPrivate":false,
			"isFinal":false,
			"type":"define",
			"isAbstract":false,
			"rtType":"void"
		},
		"trace(java.lang.String)":{
			"sig":"(Ljava/lang/String;)V",
			"args":"(java.lang.String)",
			"isStatic":false,
			"isProtected":false,
			"name":"trace",
			"isPublic":true,
			"isPrivate":false,
			"isFinal":false,
			"type":"define",
			"isAbstract":false,
			"rtType":"void"
		},
		"info(java.lang.String,java.lang.Throwable)":{
			"sig":"(Ljava/lang/String;Ljava/lang/Throwable;)V",
			"args":"(java.lang.String,java.lang.Throwable)",
			"isStatic":false,
			"isProtected":false,
			"name":"info",
			"isPublic":true,
			"isPrivate":false,
			"isFinal":false,
			"type":"define",
			"isAbstract":false,
			"rtType":"void"
		},
		"error(java.lang.String)":{
			"sig":"(Ljava/lang/String;)V",
			"args":"(java.lang.String)",
			"isStatic":false,
			"isProtected":false,
			"name":"error",
			"isPublic":true,
			"isPrivate":false,
			"isFinal":false,
			"type":"define",
			"isAbstract":false,
			"rtType":"void"
		},
		"error(java.lang.String,java.lang.Throwable)":{
			"sig":"(Ljava/lang/String;Ljava/lang/Throwable;)V",
			"args":"(java.lang.String,java.lang.Throwable)",
			"isStatic":false,
			"isProtected":false,
			"name":"error",
			"isPublic":true,
			"isPrivate":false,
			"isFinal":false,
			"type":"define",
			"isAbstract":false,
			"rtType":"void"
		},
		"info(org.slf4j.Marker,java.lang.String)":{
			"sig":"(Lorg/slf4j/Marker;Ljava/lang/String;)V",
			"args":"(org.slf4j.Marker,java.lang.String)",
			"isStatic":false,
			"isProtected":false,
			"name":"info",
			"isPublic":true,
			"isPrivate":false,
			"isFinal":false,
			"type":"define",
			"isAbstract":false,
			"rtType":"void"
		},
		"warn(org.slf4j.Marker,java.lang.String,java.lang.Object,java.lang.Object)":{
			"sig":"(Lorg/slf4j/Marker;Ljava/lang/String;Ljava/lang/Object;Ljava/lang/Object;)V",
			"args":"(org.slf4j.Marker,java.lang.String,java.lang.Object,java.lang.Object)",
			"isStatic":false,
			"isProtected":false,
			"name":"warn",
			"isPublic":true,
			"isPrivate":false,
			"isFinal":false,
			"type":"define",
			"isAbstract":false,
			"rtType":"void"
		},
		"isDebugEnabled()":{
			"sig":"()Z",
			"args":"()",
			"isStatic":false,
			"isProtected":false,
			"name":"isDebugEnabled",
			"isPublic":true,
			"isPrivate":false,
			"isFinal":false,
			"type":"define",
			"isAbstract":false,
			"rtType":"boolean"
		},
		"info(org.slf4j.Marker,java.lang.String,java.lang.Object)":{
			"sig":"(Lorg/slf4j/Marker;Ljava/lang/String;Ljava/lang/Object;)V",
			"args":"(org.slf4j.Marker,java.lang.String,java.lang.Object)",
			"isStatic":false,
			"isProtected":false,
			"name":"info",
			"isPublic":true,
			"isPrivate":false,
			"isFinal":false,
			"type":"define",
			"isAbstract":false,
			"rtType":"void"
		},
		"info(java.lang.String,java.lang.Object[])":{
			"sig":"(Ljava/lang/String;[Ljava/lang/Object;)V",
			"args":"(java.lang.String,java.lang.Object[])",
			"isStatic":false,
			"isProtected":false,
			"name":"info",
			"isPublic":true,
			"isPrivate":false,
			"isFinal":false,
			"type":"define",
			"isAbstract":false,
			"rtType":"void"
		},
		"isErrorEnabled()":{
			"sig":"()Z",
			"args":"()",
			"isStatic":false,
			"isProtected":false,
			"name":"isErrorEnabled",
			"isPublic":true,
			"isPrivate":false,
			"isFinal":false,
			"type":"define",
			"isAbstract":false,
			"rtType":"boolean"
		},
		"trace(org.slf4j.Marker,java.lang.String,java.lang.Object[])":{
			"sig":"(Lorg/slf4j/Marker;Ljava/lang/String;[Ljava/lang/Object;)V",
			"args":"(org.slf4j.Marker,java.lang.String,java.lang.Object[])",
			"isStatic":false,
			"isProtected":false,
			"name":"trace",
			"isPublic":true,
			"isPrivate":false,
			"isFinal":false,
			"type":"define",
			"isAbstract":false,
			"rtType":"void"
		},
		"warn(java.lang.String,java.lang.Object[])":{
			"sig":"(Ljava/lang/String;[Ljava/lang/Object;)V",
			"args":"(java.lang.String,java.lang.Object[])",
			"isStatic":false,
			"isProtected":false,
			"name":"warn",
			"isPublic":true,
			"isPrivate":false,
			"isFinal":false,
			"type":"define",
			"isAbstract":false,
			"rtType":"void"
		},
		"debug(org.slf4j.Marker,java.lang.String,java.lang.Object)":{
			"sig":"(Lorg/slf4j/Marker;Ljava/lang/String;Ljava/lang/Object;)V",
			"args":"(org.slf4j.Marker,java.lang.String,java.lang.Object)",
			"isStatic":false,
			"isProtected":false,
			"name":"debug",
			"isPublic":true,
			"isPrivate":false,
			"isFinal":false,
			"type":"define",
			"isAbstract":false,
			"rtType":"void"
		},
		"error(org.slf4j.Marker,java.lang.String,java.lang.Object,java.lang.Object)":{
			"sig":"(Lorg/slf4j/Marker;Ljava/lang/String;Ljava/lang/Object;Ljava/lang/Object;)V",
			"args":"(org.slf4j.Marker,java.lang.String,java.lang.Object,java.lang.Object)",
			"isStatic":false,
			"isProtected":false,
			"name":"error",
			"isPublic":true,
			"isPrivate":false,
			"isFinal":false,
			"type":"define",
			"isAbstract":false,
			"rtType":"void"
		},
		"isTraceEnabled(org.slf4j.Marker)":{
			"sig":"(Lorg/slf4j/Marker;)Z",
			"args":"(org.slf4j.Marker)",
			"isStatic":false,
			"isProtected":false,
			"name":"isTraceEnabled",
			"isPublic":true,
			"isPrivate":false,
			"isFinal":false,
			"type":"define",
			"isAbstract":false,
			"rtType":"boolean"
		},
		"error(org.slf4j.Marker,java.lang.String,java.lang.Object[])":{
			"sig":"(Lorg/slf4j/Marker;Ljava/lang/String;[Ljava/lang/Object;)V",
			"args":"(org.slf4j.Marker,java.lang.String,java.lang.Object[])",
			"isStatic":false,
			"isProtected":false,
			"name":"error",
			"isPublic":true,
			"isPrivate":false,
			"isFinal":false,
			"type":"define",
			"isAbstract":false,
			"rtType":"void"
		},
		"trace(java.lang.String,java.lang.Object[])":{
			"sig":"(Ljava/lang/String;[Ljava/lang/Object;)V",
			"args":"(java.lang.String,java.lang.Object[])",
			"isStatic":false,
			"isProtected":false,
			"name":"trace",
			"isPublic":true,
			"isPrivate":false,
			"isFinal":false,
			"type":"define",
			"isAbstract":false,
			"rtType":"void"
		},
		"warn(org.slf4j.Marker,java.lang.String)":{
			"sig":"(Lorg/slf4j/Marker;Ljava/lang/String;)V",
			"args":"(org.slf4j.Marker,java.lang.String)",
			"isStatic":false,
			"isProtected":false,
			"name":"warn",
			"isPublic":true,
			"isPrivate":false,
			"isFinal":false,
			"type":"define",
			"isAbstract":false,
			"rtType":"void"
		},
		"setDelegate(org.slf4j.Logger)":{
			"sig":"(Lorg/slf4j/Logger;)V",
			"args":"(org.slf4j.Logger)",
			"isStatic":false,
			"isProtected":false,
			"name":"setDelegate",
			"isPublic":true,
			"isPrivate":false,
			"isFinal":false,
			"type":"define",
			"isAbstract":false,
			"rtType":"void"
		},
		"warn(java.lang.String)":{
			"sig":"(Ljava/lang/String;)V",
			"args":"(java.lang.String)",
			"isStatic":false,
			"isProtected":false,
			"name":"warn",
			"isPublic":true,
			"isPrivate":false,
			"isFinal":false,
			"type":"define",
			"isAbstract":false,
			"rtType":"void"
		},
		"<init>(java.lang.String)":{
			"sig":"(Ljava/lang/String;)V",
			"args":"(java.lang.String)",
			"isStatic":false,
			"isProtected":false,
			"name":"<init>",
			"isPublic":true,
			"isPrivate":false,
			"isFinal":false,
			"type":"define",
			"isAbstract":false,
			"rtType":"void"
		},
		"isInfoEnabled()":{
			"sig":"()Z",
			"args":"()",
			"isStatic":false,
			"isProtected":false,
			"name":"isInfoEnabled",
			"isPublic":true,
			"isPrivate":false,
			"isFinal":false,
			"type":"define",
			"isAbstract":false,
			"rtType":"boolean"
		}
	},
	"isPublic":true,
	"className":"org.slf4j.helpers.SubstituteLogger",
	"interNames":{
		"org.slf4j.Logger":"true"
	},
	"isFinal":false,
	"isPrivate":false,
	"isAbstract":false,
	"isInterface":false,
	"superClassName":"java.lang.Object"
}