{
	"isProtected":false,
	"finishedSearch":false,
	"methods":{
		"log(org.slf4j.Marker,java.lang.String,int,java.lang.String,java.lang.Object[],java.lang.Throwable)":{
			"sig":"(Lorg/slf4j/Marker;Ljava/lang/String;ILjava/lang/String;[Ljava/lang/Object;Ljava/lang/Throwable;)V",
			"args":"(org.slf4j.Marker,java.lang.String,int,java.lang.String,java.lang.Object[],java.lang.Throwable)",
			"isStatic":false,
			"isProtected":false,
			"name":"log",
			"isPublic":true,
			"isPrivate":false,
			"isFinal":false,
			"type":"define",
			"isAbstract":true,
			"rtType":"void"
		}
	},
	"isPublic":true,
	"className":"org.slf4j.spi.LocationAwareLogger",
	"interNames":{
		"org.slf4j.Logger":"true"
	},
	"isFinal":false,
	"isPrivate":false,
	"isAbstract":true,
	"isInterface":true,
	"superClassName":"java.lang.Object"
}