{
	"isProtected":false,
	"finishedSearch":false,
	"methods":{
		"<init>()":{
			"sig":"()V",
			"args":"()",
			"isStatic":false,
			"isProtected":false,
			"name":"<init>",
			"isPublic":false,
			"isPrivate":true,
			"isFinal":false,
			"type":"define",
			"isAbstract":false,
			"rtType":"void"
		},
		"getMarker(java.lang.String)":{
			"sig":"(Ljava/lang/String;)Lorg/slf4j/Marker;",
			"args":"(java.lang.String)",
			"isStatic":true,
			"isProtected":false,
			"name":"getMarker",
			"isPublic":true,
			"isPrivate":false,
			"isFinal":false,
			"type":"define",
			"isAbstract":false,
			"rtType":"org.slf4j.Marker"
		},
		"<clinit>()":{
			"sig":"()V",
			"args":"()",
			"isStatic":true,
			"isProtected":false,
			"name":"<clinit>",
			"isPublic":false,
			"isPrivate":false,
			"isFinal":false,
			"type":"define",
			"isAbstract":false,
			"rtType":"void"
		},
		"getDetachedMarker(java.lang.String)":{
			"sig":"(Ljava/lang/String;)Lorg/slf4j/Marker;",
			"args":"(java.lang.String)",
			"isStatic":true,
			"isProtected":false,
			"name":"getDetachedMarker",
			"isPublic":true,
			"isPrivate":false,
			"isFinal":false,
			"type":"define",
			"isAbstract":false,
			"rtType":"org.slf4j.Marker"
		},
		"getIMarkerFactory()":{
			"sig":"()Lorg/slf4j/IMarkerFactory;",
			"args":"()",
			"isStatic":true,
			"isProtected":false,
			"name":"getIMarkerFactory",
			"isPublic":true,
			"isPrivate":false,
			"isFinal":false,
			"type":"define",
			"isAbstract":false,
			"rtType":"org.slf4j.IMarkerFactory"
		}
	},
	"isPublic":true,
	"className":"org.slf4j.MarkerFactory",
	"interNames":{},
	"isFinal":false,
	"isPrivate":false,
	"isAbstract":false,
	"isInterface":false,
	"superClassName":"java.lang.Object"
}