{
	"isProtected":false,
	"finishedSearch":false,
	"methods":{
		"getLogger(java.lang.String)":{
			"sig":"(Ljava/lang/String;)Lorg/slf4j/Logger;",
			"args":"(java.lang.String)",
			"isStatic":false,
			"isProtected":false,
			"name":"getLogger",
			"isPublic":true,
			"isPrivate":false,
			"isFinal":false,
			"type":"define",
			"isAbstract":true,
			"rtType":"org.slf4j.Logger"
		}
	},
	"isPublic":true,
	"className":"org.slf4j.ILoggerFactory",
	"interNames":{},
	"isFinal":false,
	"isPrivate":false,
	"isAbstract":true,
	"isInterface":true,
	"superClassName":"java.lang.Object"
}