{
	"isProtected":false,
	"finishedSearch":false,
	"methods":{
		"getLoggerFactory()":{
			"sig":"()Lorg/slf4j/ILoggerFactory;",
			"args":"()",
			"isStatic":false,
			"isProtected":false,
			"name":"getLoggerFactory",
			"isPublic":true,
			"isPrivate":false,
			"isFinal":false,
			"type":"define",
			"isAbstract":true,
			"rtType":"org.slf4j.ILoggerFactory"
		},
		"getLoggerFactoryClassStr()":{
			"sig":"()Ljava/lang/String;",
			"args":"()",
			"isStatic":false,
			"isProtected":false,
			"name":"getLoggerFactoryClassStr",
			"isPublic":true,
			"isPrivate":false,
			"isFinal":false,
			"type":"define",
			"isAbstract":true,
			"rtType":"java.lang.String"
		}
	},
	"isPublic":true,
	"className":"org.slf4j.spi.LoggerFactoryBinder",
	"interNames":{},
	"isFinal":false,
	"isPrivate":false,
	"isAbstract":true,
	"isInterface":true,
	"superClassName":"java.lang.Object"
}