{
	"isProtected":false,
	"finishedSearch":false,
	"methods":{
		"reportActualBinding(java.util.Set)":{
			"sig":"(Ljava/util/Set;)V",
			"args":"(java.util.Set)",
			"isStatic":true,
			"isProtected":false,
			"name":"reportActualBinding",
			"isPublic":false,
			"isPrivate":true,
			"isFinal":false,
			"type":"define",
			"isAbstract":false,
			"rtType":"void"
		},
		"reportMultipleBindingAmbiguity(java.util.Set)":{
			"sig":"(Ljava/util/Set;)V",
			"args":"(java.util.Set)",
			"isStatic":true,
			"isProtected":false,
			"name":"reportMultipleBindingAmbiguity",
			"isPublic":false,
			"isPrivate":true,
			"isFinal":false,
			"type":"define",
			"isAbstract":false,
			"rtType":"void"
		},
		"fixSubstitutedLoggers()":{
			"sig":"()V",
			"args":"()",
			"isStatic":true,
			"isProtected":false,
			"name":"fixSubstitutedLoggers",
			"isPublic":false,
			"isPrivate":true,
			"isFinal":true,
			"type":"define",
			"isAbstract":false,
			"rtType":"void"
		},
		"messageContainsOrgSlf4jImplStaticLoggerBinder(java.lang.String)":{
			"sig":"(Ljava/lang/String;)Z",
			"args":"(java.lang.String)",
			"isStatic":true,
			"isProtected":false,
			"name":"messageContainsOrgSlf4jImplStaticLoggerBinder",
			"isPublic":false,
			"isPrivate":true,
			"isFinal":false,
			"type":"define",
			"isAbstract":false,
			"rtType":"boolean"
		},
		"getLogger(java.lang.Class)":{
			"sig":"(Ljava/lang/Class;)Lorg/slf4j/Logger;",
			"args":"(java.lang.Class)",
			"isStatic":true,
			"isProtected":false,
			"name":"getLogger",
			"isPublic":true,
			"isPrivate":false,
			"isFinal":false,
			"type":"define",
			"isAbstract":false,
			"rtType":"org.slf4j.Logger"
		},
		"getILoggerFactory()":{
			"sig":"()Lorg/slf4j/ILoggerFactory;",
			"args":"()",
			"isStatic":true,
			"isProtected":false,
			"name":"getILoggerFactory",
			"isPublic":true,
			"isPrivate":false,
			"isFinal":false,
			"type":"define",
			"isAbstract":false,
			"rtType":"org.slf4j.ILoggerFactory"
		},
		"<clinit>()":{
			"sig":"()V",
			"args":"()",
			"isStatic":true,
			"isProtected":false,
			"name":"<clinit>",
			"isPublic":false,
			"isPrivate":false,
			"isFinal":false,
			"type":"define",
			"isAbstract":false,
			"rtType":"void"
		},
		"bind()":{
			"sig":"()V",
			"args":"()",
			"isStatic":true,
			"isProtected":false,
			"name":"bind",
			"isPublic":false,
			"isPrivate":true,
			"isFinal":true,
			"type":"define",
			"isAbstract":false,
			"rtType":"void"
		},
		"failedBinding(java.lang.Throwable)":{
			"sig":"(Ljava/lang/Throwable;)V",
			"args":"(java.lang.Throwable)",
			"isStatic":true,
			"isProtected":false,
			"name":"failedBinding",
			"isPublic":false,
			"isPrivate":false,
			"isFinal":false,
			"type":"define",
			"isAbstract":false,
			"rtType":"void"
		},
		"isAmbiguousStaticLoggerBinderPathSet(java.util.Set)":{
			"sig":"(Ljava/util/Set;)Z",
			"args":"(java.util.Set)",
			"isStatic":true,
			"isProtected":false,
			"name":"isAmbiguousStaticLoggerBinderPathSet",
			"isPublic":false,
			"isPrivate":true,
			"isFinal":false,
			"type":"define",
			"isAbstract":false,
			"rtType":"boolean"
		},
		"versionSanityCheck()":{
			"sig":"()V",
			"args":"()",
			"isStatic":true,
			"isProtected":false,
			"name":"versionSanityCheck",
			"isPublic":false,
			"isPrivate":true,
			"isFinal":true,
			"type":"define",
			"isAbstract":false,
			"rtType":"void"
		},
		"<init>()":{
			"sig":"()V",
			"args":"()",
			"isStatic":false,
			"isProtected":false,
			"name":"<init>",
			"isPublic":false,
			"isPrivate":true,
			"isFinal":false,
			"type":"define",
			"isAbstract":false,
			"rtType":"void"
		},
		"reset()":{
			"sig":"()V",
			"args":"()",
			"isStatic":true,
			"isProtected":false,
			"name":"reset",
			"isPublic":false,
			"isPrivate":false,
			"isFinal":false,
			"type":"define",
			"isAbstract":false,
			"rtType":"void"
		},
		"performInitialization()":{
			"sig":"()V",
			"args":"()",
			"isStatic":true,
			"isProtected":false,
			"name":"performInitialization",
			"isPublic":false,
			"isPrivate":true,
			"isFinal":true,
			"type":"define",
			"isAbstract":false,
			"rtType":"void"
		},
		"findPossibleStaticLoggerBinderPathSet()":{
			"sig":"()Ljava/util/Set;",
			"args":"()",
			"isStatic":true,
			"isProtected":false,
			"name":"findPossibleStaticLoggerBinderPathSet",
			"isPublic":false,
			"isPrivate":true,
			"isFinal":false,
			"type":"define",
			"isAbstract":false,
			"rtType":"java.util.Set"
		},
		"getLogger(java.lang.String)":{
			"sig":"(Ljava/lang/String;)Lorg/slf4j/Logger;",
			"args":"(java.lang.String)",
			"isStatic":true,
			"isProtected":false,
			"name":"getLogger",
			"isPublic":true,
			"isPrivate":false,
			"isFinal":false,
			"type":"define",
			"isAbstract":false,
			"rtType":"org.slf4j.Logger"
		}
	},
	"isPublic":true,
	"className":"org.slf4j.LoggerFactory",
	"interNames":{},
	"isFinal":true,
	"isPrivate":false,
	"isAbstract":false,
	"isInterface":false,
	"superClassName":"java.lang.Object"
}