{
	"isProtected":false,
	"finishedSearch":false,
	"methods":{
		"trace(java.lang.String,java.lang.Object)":{
			"sig":"(Ljava/lang/String;Ljava/lang/Object;)V",
			"args":"(java.lang.String,java.lang.Object)",
			"isStatic":false,
			"isProtected":false,
			"name":"trace",
			"isPublic":true,
			"isPrivate":false,
			"isFinal":true,
			"type":"define",
			"isAbstract":false,
			"rtType":"void"
		},
		"warn(java.lang.String,java.lang.Throwable)":{
			"sig":"(Ljava/lang/String;Ljava/lang/Throwable;)V",
			"args":"(java.lang.String,java.lang.Throwable)",
			"isStatic":false,
			"isProtected":false,
			"name":"warn",
			"isPublic":true,
			"isPrivate":false,
			"isFinal":true,
			"type":"define",
			"isAbstract":false,
			"rtType":"void"
		},
		"warn(java.lang.String,java.lang.Object,java.lang.Object)":{
			"sig":"(Ljava/lang/String;Ljava/lang/Object;Ljava/lang/Object;)V",
			"args":"(java.lang.String,java.lang.Object,java.lang.Object)",
			"isStatic":false,
			"isProtected":false,
			"name":"warn",
			"isPublic":true,
			"isPrivate":false,
			"isFinal":true,
			"type":"define",
			"isAbstract":false,
			"rtType":"void"
		},
		"debug(java.lang.String,java.lang.Object)":{
			"sig":"(Ljava/lang/String;Ljava/lang/Object;)V",
			"args":"(java.lang.String,java.lang.Object)",
			"isStatic":false,
			"isProtected":false,
			"name":"debug",
			"isPublic":true,
			"isPrivate":false,
			"isFinal":true,
			"type":"define",
			"isAbstract":false,
			"rtType":"void"
		},
		"debug(java.lang.String,java.lang.Object[])":{
			"sig":"(Ljava/lang/String;[Ljava/lang/Object;)V",
			"args":"(java.lang.String,java.lang.Object[])",
			"isStatic":false,
			"isProtected":false,
			"name":"debug",
			"isPublic":true,
			"isPrivate":false,
			"isFinal":true,
			"type":"define",
			"isAbstract":false,
			"rtType":"void"
		},
		"debug(java.lang.String)":{
			"sig":"(Ljava/lang/String;)V",
			"args":"(java.lang.String)",
			"isStatic":false,
			"isProtected":false,
			"name":"debug",
			"isPublic":true,
			"isPrivate":false,
			"isFinal":true,
			"type":"define",
			"isAbstract":false,
			"rtType":"void"
		},
		"isTraceEnabled()":{
			"sig":"()Z",
			"args":"()",
			"isStatic":false,
			"isProtected":false,
			"name":"isTraceEnabled",
			"isPublic":true,
			"isPrivate":false,
			"isFinal":true,
			"type":"define",
			"isAbstract":false,
			"rtType":"boolean"
		},
		"info(java.lang.String,java.lang.Object)":{
			"sig":"(Ljava/lang/String;Ljava/lang/Object;)V",
			"args":"(java.lang.String,java.lang.Object)",
			"isStatic":false,
			"isProtected":false,
			"name":"info",
			"isPublic":true,
			"isPrivate":false,
			"isFinal":true,
			"type":"define",
			"isAbstract":false,
			"rtType":"void"
		},
		"<init>()":{
			"sig":"()V",
			"args":"()",
			"isStatic":false,
			"isProtected":true,
			"name":"<init>",
			"isPublic":false,
			"isPrivate":false,
			"isFinal":false,
			"type":"define",
			"isAbstract":false,
			"rtType":"void"
		},
		"getName()":{
			"sig":"()Ljava/lang/String;",
			"args":"()",
			"isStatic":false,
			"isProtected":false,
			"name":"getName",
			"isPublic":true,
			"isPrivate":false,
			"isFinal":false,
			"type":"define",
			"isAbstract":false,
			"rtType":"java.lang.String"
		},
		"error(java.lang.String,java.lang.Object,java.lang.Object)":{
			"sig":"(Ljava/lang/String;Ljava/lang/Object;Ljava/lang/Object;)V",
			"args":"(java.lang.String,java.lang.Object,java.lang.Object)",
			"isStatic":false,
			"isProtected":false,
			"name":"error",
			"isPublic":true,
			"isPrivate":false,
			"isFinal":true,
			"type":"define",
			"isAbstract":false,
			"rtType":"void"
		},
		"debug(java.lang.String,java.lang.Object,java.lang.Object)":{
			"sig":"(Ljava/lang/String;Ljava/lang/Object;Ljava/lang/Object;)V",
			"args":"(java.lang.String,java.lang.Object,java.lang.Object)",
			"isStatic":false,
			"isProtected":false,
			"name":"debug",
			"isPublic":true,
			"isPrivate":false,
			"isFinal":true,
			"type":"define",
			"isAbstract":false,
			"rtType":"void"
		},
		"trace(java.lang.String)":{
			"sig":"(Ljava/lang/String;)V",
			"args":"(java.lang.String)",
			"isStatic":false,
			"isProtected":false,
			"name":"trace",
			"isPublic":true,
			"isPrivate":false,
			"isFinal":true,
			"type":"define",
			"isAbstract":false,
			"rtType":"void"
		},
		"error(java.lang.String,java.lang.Object[])":{
			"sig":"(Ljava/lang/String;[Ljava/lang/Object;)V",
			"args":"(java.lang.String,java.lang.Object[])",
			"isStatic":false,
			"isProtected":false,
			"name":"error",
			"isPublic":true,
			"isPrivate":false,
			"isFinal":true,
			"type":"define",
			"isAbstract":false,
			"rtType":"void"
		},
		"trace(java.lang.String,java.lang.Object,java.lang.Object)":{
			"sig":"(Ljava/lang/String;Ljava/lang/Object;Ljava/lang/Object;)V",
			"args":"(java.lang.String,java.lang.Object,java.lang.Object)",
			"isStatic":false,
			"isProtected":false,
			"name":"trace",
			"isPublic":true,
			"isPrivate":false,
			"isFinal":true,
			"type":"define",
			"isAbstract":false,
			"rtType":"void"
		},
		"info(java.lang.String,java.lang.Throwable)":{
			"sig":"(Ljava/lang/String;Ljava/lang/Throwable;)V",
			"args":"(java.lang.String,java.lang.Throwable)",
			"isStatic":false,
			"isProtected":false,
			"name":"info",
			"isPublic":true,
			"isPrivate":false,
			"isFinal":true,
			"type":"define",
			"isAbstract":false,
			"rtType":"void"
		},
		"error(java.lang.String)":{
			"sig":"(Ljava/lang/String;)V",
			"args":"(java.lang.String)",
			"isStatic":false,
			"isProtected":false,
			"name":"error",
			"isPublic":true,
			"isPrivate":false,
			"isFinal":true,
			"type":"define",
			"isAbstract":false,
			"rtType":"void"
		},
		"error(java.lang.String,java.lang.Throwable)":{
			"sig":"(Ljava/lang/String;Ljava/lang/Throwable;)V",
			"args":"(java.lang.String,java.lang.Throwable)",
			"isStatic":false,
			"isProtected":false,
			"name":"error",
			"isPublic":true,
			"isPrivate":false,
			"isFinal":true,
			"type":"define",
			"isAbstract":false,
			"rtType":"void"
		},
		"info(java.lang.String,java.lang.Object,java.lang.Object)":{
			"sig":"(Ljava/lang/String;Ljava/lang/Object;Ljava/lang/Object;)V",
			"args":"(java.lang.String,java.lang.Object,java.lang.Object)",
			"isStatic":false,
			"isProtected":false,
			"name":"info",
			"isPublic":true,
			"isPrivate":false,
			"isFinal":true,
			"type":"define",
			"isAbstract":false,
			"rtType":"void"
		},
		"warn(java.lang.String,java.lang.Object)":{
			"sig":"(Ljava/lang/String;Ljava/lang/Object;)V",
			"args":"(java.lang.String,java.lang.Object)",
			"isStatic":false,
			"isProtected":false,
			"name":"warn",
			"isPublic":true,
			"isPrivate":false,
			"isFinal":true,
			"type":"define",
			"isAbstract":false,
			"rtType":"void"
		},
		"trace(java.lang.String,java.lang.Throwable)":{
			"sig":"(Ljava/lang/String;Ljava/lang/Throwable;)V",
			"args":"(java.lang.String,java.lang.Throwable)",
			"isStatic":false,
			"isProtected":false,
			"name":"trace",
			"isPublic":true,
			"isPrivate":false,
			"isFinal":true,
			"type":"define",
			"isAbstract":false,
			"rtType":"void"
		},
		"isDebugEnabled()":{
			"sig":"()Z",
			"args":"()",
			"isStatic":false,
			"isProtected":false,
			"name":"isDebugEnabled",
			"isPublic":true,
			"isPrivate":false,
			"isFinal":true,
			"type":"define",
			"isAbstract":false,
			"rtType":"boolean"
		},
		"<clinit>()":{
			"sig":"()V",
			"args":"()",
			"isStatic":true,
			"isProtected":false,
			"name":"<clinit>",
			"isPublic":false,
			"isPrivate":false,
			"isFinal":false,
			"type":"define",
			"isAbstract":false,
			"rtType":"void"
		},
		"info(java.lang.String)":{
			"sig":"(Ljava/lang/String;)V",
			"args":"(java.lang.String)",
			"isStatic":false,
			"isProtected":false,
			"name":"info",
			"isPublic":true,
			"isPrivate":false,
			"isFinal":true,
			"type":"define",
			"isAbstract":false,
			"rtType":"void"
		},
		"debug(java.lang.String,java.lang.Throwable)":{
			"sig":"(Ljava/lang/String;Ljava/lang/Throwable;)V",
			"args":"(java.lang.String,java.lang.Throwable)",
			"isStatic":false,
			"isProtected":false,
			"name":"debug",
			"isPublic":true,
			"isPrivate":false,
			"isFinal":true,
			"type":"define",
			"isAbstract":false,
			"rtType":"void"
		},
		"info(java.lang.String,java.lang.Object[])":{
			"sig":"(Ljava/lang/String;[Ljava/lang/Object;)V",
			"args":"(java.lang.String,java.lang.Object[])",
			"isStatic":false,
			"isProtected":false,
			"name":"info",
			"isPublic":true,
			"isPrivate":false,
			"isFinal":true,
			"type":"define",
			"isAbstract":false,
			"rtType":"void"
		},
		"isErrorEnabled()":{
			"sig":"()Z",
			"args":"()",
			"isStatic":false,
			"isProtected":false,
			"name":"isErrorEnabled",
			"isPublic":true,
			"isPrivate":false,
			"isFinal":true,
			"type":"define",
			"isAbstract":false,
			"rtType":"boolean"
		},
		"warn(java.lang.String,java.lang.Object[])":{
			"sig":"(Ljava/lang/String;[Ljava/lang/Object;)V",
			"args":"(java.lang.String,java.lang.Object[])",
			"isStatic":false,
			"isProtected":false,
			"name":"warn",
			"isPublic":true,
			"isPrivate":false,
			"isFinal":true,
			"type":"define",
			"isAbstract":false,
			"rtType":"void"
		},
		"error(java.lang.String,java.lang.Object)":{
			"sig":"(Ljava/lang/String;Ljava/lang/Object;)V",
			"args":"(java.lang.String,java.lang.Object)",
			"isStatic":false,
			"isProtected":false,
			"name":"error",
			"isPublic":true,
			"isPrivate":false,
			"isFinal":true,
			"type":"define",
			"isAbstract":false,
			"rtType":"void"
		},
		"trace(java.lang.String,java.lang.Object[])":{
			"sig":"(Ljava/lang/String;[Ljava/lang/Object;)V",
			"args":"(java.lang.String,java.lang.Object[])",
			"isStatic":false,
			"isProtected":false,
			"name":"trace",
			"isPublic":true,
			"isPrivate":false,
			"isFinal":true,
			"type":"define",
			"isAbstract":false,
			"rtType":"void"
		},
		"warn(java.lang.String)":{
			"sig":"(Ljava/lang/String;)V",
			"args":"(java.lang.String)",
			"isStatic":false,
			"isProtected":false,
			"name":"warn",
			"isPublic":true,
			"isPrivate":false,
			"isFinal":true,
			"type":"define",
			"isAbstract":false,
			"rtType":"void"
		},
		"isWarnEnabled()":{
			"sig":"()Z",
			"args":"()",
			"isStatic":false,
			"isProtected":false,
			"name":"isWarnEnabled",
			"isPublic":true,
			"isPrivate":false,
			"isFinal":true,
			"type":"define",
			"isAbstract":false,
			"rtType":"boolean"
		},
		"isInfoEnabled()":{
			"sig":"()Z",
			"args":"()",
			"isStatic":false,
			"isProtected":false,
			"name":"isInfoEnabled",
			"isPublic":true,
			"isPrivate":false,
			"isFinal":true,
			"type":"define",
			"isAbstract":false,
			"rtType":"boolean"
		}
	},
	"isPublic":true,
	"className":"org.slf4j.helpers.NOPLogger",
	"interNames":{},
	"isFinal":false,
	"isPrivate":false,
	"isAbstract":false,
	"isInterface":false,
	"superClassName":"org.slf4j.helpers.MarkerIgnoringBase"
}