{
	"isProtected":false,
	"finishedSearch":false,
	"methods":{
		"detachMarker(java.lang.String)":{
			"sig":"(Ljava/lang/String;)Z",
			"args":"(java.lang.String)",
			"isStatic":false,
			"isProtected":false,
			"name":"detachMarker",
			"isPublic":true,
			"isPrivate":false,
			"isFinal":false,
			"type":"define",
			"isAbstract":true,
			"rtType":"boolean"
		},
		"getMarker(java.lang.String)":{
			"sig":"(Ljava/lang/String;)Lorg/slf4j/Marker;",
			"args":"(java.lang.String)",
			"isStatic":false,
			"isProtected":false,
			"name":"getMarker",
			"isPublic":true,
			"isPrivate":false,
			"isFinal":false,
			"type":"define",
			"isAbstract":true,
			"rtType":"org.slf4j.Marker"
		},
		"exists(java.lang.String)":{
			"sig":"(Ljava/lang/String;)Z",
			"args":"(java.lang.String)",
			"isStatic":false,
			"isProtected":false,
			"name":"exists",
			"isPublic":true,
			"isPrivate":false,
			"isFinal":false,
			"type":"define",
			"isAbstract":true,
			"rtType":"boolean"
		},
		"getDetachedMarker(java.lang.String)":{
			"sig":"(Ljava/lang/String;)Lorg/slf4j/Marker;",
			"args":"(java.lang.String)",
			"isStatic":false,
			"isProtected":false,
			"name":"getDetachedMarker",
			"isPublic":true,
			"isPrivate":false,
			"isFinal":false,
			"type":"define",
			"isAbstract":true,
			"rtType":"org.slf4j.Marker"
		}
	},
	"isPublic":true,
	"className":"org.slf4j.IMarkerFactory",
	"interNames":{},
	"isFinal":false,
	"isPrivate":false,
	"isAbstract":true,
	"isInterface":true,
	"superClassName":"java.lang.Object"
}