{
	"isProtected":false,
	"finishedSearch":false,
	"methods":{
		"getSymlinkDestination()":{
			"sig":"()Ljava/lang/String;",
			"args":"()",
			"isStatic":false,
			"isProtected":false,
			"name":"getSymlinkDestination",
			"isPublic":true,
			"isPrivate":false,
			"isFinal":false,
			"type":"define",
			"isAbstract":false,
			"rtType":"java.lang.String"
		},
		"isSymbolicLink()":{
			"sig":"()Z",
			"args":"()",
			"isStatic":false,
			"isProtected":false,
			"name":"isSymbolicLink",
			"isPublic":true,
			"isPrivate":false,
			"isFinal":false,
			"type":"define",
			"isAbstract":false,
			"rtType":"boolean"
		},
		"<init>(java.io.File,java.lang.String)":{
			"sig":"(Ljava/io/File;Ljava/lang/String;)V",
			"args":"(java.io.File,java.lang.String)",
			"isStatic":false,
			"isProtected":false,
			"name":"<init>",
			"isPublic":true,
			"isPrivate":false,
			"isFinal":false,
			"type":"define",
			"isAbstract":false,
			"rtType":"void"
		}
	},
	"isPublic":true,
	"className":"org.codehaus.plexus.archiver.resources.PlexusIoVirtualSymlinkResource",
	"interNames":{
		"org.codehaus.plexus.components.io.functions.SymlinkDestinationSupplier":"true"
	},
	"isFinal":false,
	"isPrivate":false,
	"isAbstract":false,
	"isInterface":false,
	"superClassName":"org.codehaus.plexus.archiver.resources.PlexusIoVirtualFileResource"
}