{
	"isProtected":false,
	"finishedSearch":false,
	"methods":{
		"copyFile(org.codehaus.plexus.archiver.ArchiveEntry,java.lang.String)":{
			"sig":"(Lorg/codehaus/plexus/archiver/ArchiveEntry;Ljava/lang/String;)V",
			"args":"(org.codehaus.plexus.archiver.ArchiveEntry,java.lang.String)",
			"isStatic":false,
			"isProtected":true,
			"name":"copyFile",
			"isPublic":false,
			"isPrivate":false,
			"isFinal":false,
			"type":"define",
			"isAbstract":false,
			"rtType":"void"
		},
		"cleanUp()":{
			"sig":"()V",
			"args":"()",
			"isStatic":false,
			"isProtected":true,
			"name":"cleanUp",
			"isPublic":false,
			"isPrivate":false,
			"isFinal":false,
			"type":"define",
			"isAbstract":false,
			"rtType":"void"
		},
		"<init>()":{
			"sig":"()V",
			"args":"()",
			"isStatic":false,
			"isProtected":false,
			"name":"<init>",
			"isPublic":true,
			"isPrivate":false,
			"isFinal":false,
			"type":"define",
			"isAbstract":false,
			"rtType":"void"
		},
		"getArchiveType()":{
			"sig":"()Ljava/lang/String;",
			"args":"()",
			"isStatic":false,
			"isProtected":true,
			"name":"getArchiveType",
			"isPublic":false,
			"isPrivate":false,
			"isFinal":false,
			"type":"define",
			"isAbstract":false,
			"rtType":"java.lang.String"
		},
		"access$000(org.codehaus.plexus.archiver.dir.DirectoryArchiver,org.codehaus.plexus.archiver.ArchiveEntry,java.io.File,long)":{
			"sig":"(Lorg/codehaus/plexus/archiver/dir/DirectoryArchiver;Lorg/codehaus/plexus/archiver/ArchiveEntry;Ljava/io/File;J)V",
			"args":"(org.codehaus.plexus.archiver.dir.DirectoryArchiver,org.codehaus.plexus.archiver.ArchiveEntry,java.io.File,long)",
			"isStatic":true,
			"isProtected":false,
			"name":"access$000",
			"isPublic":false,
			"isPrivate":false,
			"isFinal":false,
			"type":"define",
			"isAbstract":false,
			"rtType":"void"
		},
		"execute()":{
			"sig":"()V",
			"args":"()",
			"isStatic":false,
			"isProtected":false,
			"name":"execute",
			"isPublic":true,
			"isPrivate":false,
			"isFinal":false,
			"type":"define",
			"isAbstract":false,
			"rtType":"void"
		},
		"setFileModes(org.codehaus.plexus.archiver.ArchiveEntry,java.io.File,long)":{
			"sig":"(Lorg/codehaus/plexus/archiver/ArchiveEntry;Ljava/io/File;J)V",
			"args":"(org.codehaus.plexus.archiver.ArchiveEntry,java.io.File,long)",
			"isStatic":false,
			"isProtected":false,
			"name":"setFileModes",
			"isPublic":false,
			"isPrivate":true,
			"isFinal":false,
			"type":"define",
			"isAbstract":false,
			"rtType":"void"
		},
		"resetArchiver()":{
			"sig":"()V",
			"args":"()",
			"isStatic":false,
			"isProtected":false,
			"name":"resetArchiver",
			"isPublic":true,
			"isPrivate":false,
			"isFinal":false,
			"type":"define",
			"isAbstract":false,
			"rtType":"void"
		},
		"close()":{
			"sig":"()V",
			"args":"()",
			"isStatic":false,
			"isProtected":true,
			"name":"close",
			"isPublic":false,
			"isPrivate":false,
			"isFinal":false,
			"type":"define",
			"isAbstract":false,
			"rtType":"void"
		}
	},
	"isPublic":true,
	"className":"org.codehaus.plexus.archiver.dir.DirectoryArchiver",
	"interNames":{},
	"isFinal":false,
	"isPrivate":false,
	"isAbstract":false,
	"isInterface":false,
	"superClassName":"org.codehaus.plexus.archiver.AbstractArchiver"
}