{
	"isProtected":false,
	"finishedSearch":false,
	"methods":{
		"hasNext()":{
			"sig":"()Z",
			"args":"()",
			"isStatic":false,
			"isProtected":false,
			"name":"hasNext",
			"isPublic":true,
			"isPrivate":false,
			"isFinal":false,
			"type":"define",
			"isAbstract":false,
			"rtType":"boolean"
		},
		"next()":{
			"sig":"()Ljava/lang/Object;",
			"args":"()",
			"isStatic":false,
			"isProtected":false,
			"name":"next",
			"isPublic":true,
			"isPrivate":false,
			"isFinal":false,
			"type":"define",
			"isAbstract":false,
			"rtType":"java.lang.Object"
		},
		"<init>(org.codehaus.plexus.archiver.zip.PlexusArchiverZipFileResourceCollection,org.apache.commons.compress.archivers.zip.ZipFile)":{
			"sig":"(Lorg/codehaus/plexus/archiver/zip/PlexusArchiverZipFileResourceCollection;Lorg/apache/commons/compress/archivers/zip/ZipFile;)V",
			"args":"(org.codehaus.plexus.archiver.zip.PlexusArchiverZipFileResourceCollection,org.apache.commons.compress.archivers.zip.ZipFile)",
			"isStatic":false,
			"isProtected":false,
			"name":"<init>",
			"isPublic":true,
			"isPrivate":false,
			"isFinal":false,
			"type":"define",
			"isAbstract":false,
			"rtType":"void"
		},
		"remove()":{
			"sig":"()V",
			"args":"()",
			"isStatic":false,
			"isProtected":false,
			"name":"remove",
			"isPublic":true,
			"isPrivate":false,
			"isFinal":false,
			"type":"define",
			"isAbstract":false,
			"rtType":"void"
		},
		"close()":{
			"sig":"()V",
			"args":"()",
			"isStatic":false,
			"isProtected":false,
			"name":"close",
			"isPublic":true,
			"isPrivate":false,
			"isFinal":false,
			"type":"define",
			"isAbstract":false,
			"rtType":"void"
		}
	},
	"isPublic":false,
	"className":"org.codehaus.plexus.archiver.zip.PlexusArchiverZipFileResourceCollection$CloseableIterator",
	"interNames":{
		"java.util.Iterator":"true",
		"java.io.Closeable":"true"
	},
	"isFinal":false,
	"isPrivate":false,
	"isAbstract":false,
	"isInterface":false,
	"superClassName":"java.lang.Object"
}