{
	"isProtected":false,
	"finishedSearch":false,
	"methods":{
		"zipDir(org.codehaus.plexus.components.io.resources.PlexusIoResource,org.codehaus.plexus.archiver.zip.ConcurrentJarCreator,java.lang.String,int,java.lang.String)":{
			"sig":"(Lorg/codehaus/plexus/components/io/resources/PlexusIoResource;Lorg/codehaus/plexus/archiver/zip/ConcurrentJarCreator;Ljava/lang/String;ILjava/lang/String;)V",
			"args":"(org.codehaus.plexus.components.io.resources.PlexusIoResource,org.codehaus.plexus.archiver.zip.ConcurrentJarCreator,java.lang.String,int,java.lang.String)",
			"isStatic":false,
			"isProtected":true,
			"name":"zipDir",
			"isPublic":false,
			"isPrivate":false,
			"isFinal":false,
			"type":"define",
			"isAbstract":false,
			"rtType":"void"
		},
		"zipFile(org.apache.commons.compress.parallel.InputStreamSupplier,org.codehaus.plexus.archiver.zip.ConcurrentJarCreator,java.lang.String,long,java.io.File,int,java.lang.String,boolean)":{
			"sig":"(Lorg/apache/commons/compress/parallel/InputStreamSupplier;Lorg/codehaus/plexus/archiver/zip/ConcurrentJarCreator;Ljava/lang/String;JLjava/io/File;ILjava/lang/String;Z)V",
			"args":"(org.apache.commons.compress.parallel.InputStreamSupplier,org.codehaus.plexus.archiver.zip.ConcurrentJarCreator,java.lang.String,long,java.io.File,int,java.lang.String,boolean)",
			"isStatic":false,
			"isProtected":true,
			"name":"zipFile",
			"isPublic":false,
			"isPrivate":false,
			"isFinal":false,
			"type":"define",
			"isAbstract":false,
			"rtType":"void"
		},
		"setFilesonly(boolean)":{
			"sig":"(Z)V",
			"args":"(boolean)",
			"isStatic":false,
			"isProtected":false,
			"name":"setFilesonly",
			"isPublic":true,
			"isPrivate":false,
			"isFinal":false,
			"type":"define",
			"isAbstract":false,
			"rtType":"void"
		},
		"cleanUp()":{
			"sig":"()V",
			"args":"()",
			"isStatic":false,
			"isProtected":true,
			"name":"cleanUp",
			"isPublic":false,
			"isPrivate":false,
			"isFinal":false,
			"type":"define",
			"isAbstract":false,
			"rtType":"void"
		},
		"finalizeZipOutputStream(org.codehaus.plexus.archiver.zip.ConcurrentJarCreator)":{
			"sig":"(Lorg/codehaus/plexus/archiver/zip/ConcurrentJarCreator;)V",
			"args":"(org.codehaus.plexus.archiver.zip.ConcurrentJarCreator)",
			"isStatic":false,
			"isProtected":true,
			"name":"finalizeZipOutputStream",
			"isPublic":false,
			"isPrivate":false,
			"isFinal":false,
			"type":"define",
			"isAbstract":false,
			"rtType":"void"
		},
		"revert(java.lang.StringBuffer)":{
			"sig":"(Ljava/lang/StringBuffer;)Z",
			"args":"(java.lang.StringBuffer)",
			"isStatic":false,
			"isProtected":true,
			"name":"revert",
			"isPublic":false,
			"isPrivate":false,
			"isFinal":false,
			"type":"define",
			"isAbstract":false,
			"rtType":"boolean"
		},
		"isCompress()":{
			"sig":"()Z",
			"args":"()",
			"isStatic":false,
			"isProtected":false,
			"name":"isCompress",
			"isPublic":true,
			"isPrivate":false,
			"isFinal":false,
			"type":"define",
			"isAbstract":false,
			"rtType":"boolean"
		},
		"isRecompressAddedZips()":{
			"sig":"()Z",
			"args":"()",
			"isStatic":false,
			"isProtected":false,
			"name":"isRecompressAddedZips",
			"isPublic":true,
			"isPrivate":false,
			"isFinal":false,
			"type":"define",
			"isAbstract":false,
			"rtType":"boolean"
		},
		"execute()":{
			"sig":"()V",
			"args":"()",
			"isStatic":false,
			"isProtected":true,
			"name":"execute",
			"isPublic":false,
			"isPrivate":false,
			"isFinal":false,
			"type":"define",
			"isAbstract":false,
			"rtType":"void"
		},
		"getUnicodeExtraFieldPolicy()":{
			"sig":"()Lorg/apache/commons/compress/archivers/zip/ZipArchiveOutputStream$UnicodeExtraFieldPolicy;",
			"args":"()",
			"isStatic":false,
			"isProtected":false,
			"name":"getUnicodeExtraFieldPolicy",
			"isPublic":false,
			"isPrivate":true,
			"isFinal":false,
			"type":"define",
			"isAbstract":false,
			"rtType":"org.apache.commons.compress.archivers.zip.ZipArchiveOutputStream$UnicodeExtraFieldPolicy"
		},
		"<init>()":{
			"sig":"()V",
			"args":"()",
			"isStatic":false,
			"isProtected":false,
			"name":"<init>",
			"isPublic":true,
			"isPrivate":false,
			"isFinal":false,
			"type":"define",
			"isAbstract":false,
			"rtType":"void"
		},
		"setTime(java.util.zip.ZipEntry,long)":{
			"sig":"(Ljava/util/zip/ZipEntry;J)V",
			"args":"(java.util.zip.ZipEntry,long)",
			"isStatic":false,
			"isProtected":false,
			"name":"setTime",
			"isPublic":false,
			"isPrivate":true,
			"isFinal":false,
			"type":"define",
			"isAbstract":false,
			"rtType":"void"
		},
		"createArchiveMain()":{
			"sig":"()V",
			"args":"()",
			"isStatic":false,
			"isProtected":false,
			"name":"createArchiveMain",
			"isPublic":false,
			"isPrivate":true,
			"isFinal":false,
			"type":"define",
			"isAbstract":false,
			"rtType":"void"
		},
		"isSupportingForced()":{
			"sig":"()Z",
			"args":"()",
			"isStatic":false,
			"isProtected":false,
			"name":"isSupportingForced",
			"isPublic":true,
			"isPrivate":false,
			"isFinal":false,
			"type":"define",
			"isAbstract":false,
			"rtType":"boolean"
		},
		"isFilesonly()":{
			"sig":"()Z",
			"args":"()",
			"isStatic":false,
			"isProtected":false,
			"name":"isFilesonly",
			"isPublic":true,
			"isPrivate":false,
			"isFinal":false,
			"type":"define",
			"isAbstract":false,
			"rtType":"boolean"
		},
		"setCompress(boolean)":{
			"sig":"(Z)V",
			"args":"(boolean)",
			"isStatic":false,
			"isProtected":false,
			"name":"setCompress",
			"isPublic":true,
			"isPrivate":false,
			"isFinal":false,
			"type":"define",
			"isAbstract":false,
			"rtType":"void"
		},
		"close()":{
			"sig":"()V",
			"args":"()",
			"isStatic":false,
			"isProtected":true,
			"name":"close",
			"isPublic":false,
			"isPrivate":false,
			"isFinal":false,
			"type":"define",
			"isAbstract":false,
			"rtType":"void"
		},
		"getJavaVersion()":{
			"sig":"()I",
			"args":"()",
			"isStatic":true,
			"isProtected":false,
			"name":"getJavaVersion",
			"isPublic":false,
			"isPrivate":true,
			"isFinal":false,
			"type":"define",
			"isAbstract":false,
			"rtType":"int"
		},
		"getEncoding()":{
			"sig":"()Ljava/lang/String;",
			"args":"()",
			"isStatic":false,
			"isProtected":false,
			"name":"getEncoding",
			"isPublic":true,
			"isPrivate":false,
			"isFinal":false,
			"type":"define",
			"isAbstract":false,
			"rtType":"java.lang.String"
		},
		"addResources(org.codehaus.plexus.archiver.ResourceIterator,org.codehaus.plexus.archiver.zip.ConcurrentJarCreator)":{
			"sig":"(Lorg/codehaus/plexus/archiver/ResourceIterator;Lorg/codehaus/plexus/archiver/zip/ConcurrentJarCreator;)V",
			"args":"(org.codehaus.plexus.archiver.ResourceIterator,org.codehaus.plexus.archiver.zip.ConcurrentJarCreator)",
			"isStatic":false,
			"isProtected":true,
			"name":"addResources",
			"isPublic":false,
			"isPrivate":false,
			"isFinal":true,
			"type":"define",
			"isAbstract":false,
			"rtType":"void"
		},
		"<clinit>()":{
			"sig":"()V",
			"args":"()",
			"isStatic":true,
			"isProtected":false,
			"name":"<clinit>",
			"isPublic":false,
			"isPrivate":false,
			"isFinal":false,
			"type":"define",
			"isAbstract":false,
			"rtType":"void"
		},
		"getArchiveType()":{
			"sig":"()Ljava/lang/String;",
			"args":"()",
			"isStatic":false,
			"isProtected":true,
			"name":"getArchiveType",
			"isPublic":false,
			"isPrivate":false,
			"isFinal":false,
			"type":"define",
			"isAbstract":false,
			"rtType":"java.lang.String"
		},
		"setUpdateMode(boolean)":{
			"sig":"(Z)V",
			"args":"(boolean)",
			"isStatic":false,
			"isProtected":false,
			"name":"setUpdateMode",
			"isPublic":true,
			"isPrivate":false,
			"isFinal":false,
			"type":"define",
			"isAbstract":false,
			"rtType":"void"
		},
		"setRecompressAddedZips(boolean)":{
			"sig":"(Z)V",
			"args":"(boolean)",
			"isStatic":false,
			"isProtected":false,
			"name":"setRecompressAddedZips",
			"isPublic":true,
			"isPrivate":false,
			"isFinal":false,
			"type":"define",
			"isAbstract":false,
			"rtType":"void"
		},
		"createInputStreamSupplier(java.io.InputStream)":{
			"sig":"(Ljava/io/InputStream;)Lorg/apache/commons/compress/parallel/InputStreamSupplier;",
			"args":"(java.io.InputStream)",
			"isStatic":false,
			"isProtected":true,
			"name":"createInputStreamSupplier",
			"isPublic":false,
			"isPrivate":false,
			"isFinal":false,
			"type":"define",
			"isAbstract":false,
			"rtType":"org.apache.commons.compress.parallel.InputStreamSupplier"
		},
		"createEmptyZip(java.io.File)":{
			"sig":"(Ljava/io/File;)Z",
			"args":"(java.io.File)",
			"isStatic":false,
			"isProtected":true,
			"name":"createEmptyZip",
			"isPublic":false,
			"isPrivate":false,
			"isFinal":false,
			"type":"define",
			"isAbstract":false,
			"rtType":"boolean"
		},
		"reset()":{
			"sig":"()V",
			"args":"()",
			"isStatic":false,
			"isProtected":false,
			"name":"reset",
			"isPublic":true,
			"isPrivate":false,
			"isFinal":false,
			"type":"define",
			"isAbstract":false,
			"rtType":"void"
		},
		"addParentDirs(org.codehaus.plexus.archiver.ArchiveEntry,java.io.File,java.lang.String,org.codehaus.plexus.archiver.zip.ConcurrentJarCreator)":{
			"sig":"(Lorg/codehaus/plexus/archiver/ArchiveEntry;Ljava/io/File;Ljava/lang/String;Lorg/codehaus/plexus/archiver/zip/ConcurrentJarCreator;)V",
			"args":"(org.codehaus.plexus.archiver.ArchiveEntry,java.io.File,java.lang.String,org.codehaus.plexus.archiver.zip.ConcurrentJarCreator)",
			"isStatic":false,
			"isProtected":false,
			"name":"addParentDirs",
			"isPublic":false,
			"isPrivate":true,
			"isFinal":false,
			"type":"define",
			"isAbstract":false,
			"rtType":"void"
		},
		"initZipOutputStream(org.codehaus.plexus.archiver.zip.ConcurrentJarCreator)":{
			"sig":"(Lorg/codehaus/plexus/archiver/zip/ConcurrentJarCreator;)V",
			"args":"(org.codehaus.plexus.archiver.zip.ConcurrentJarCreator)",
			"isStatic":false,
			"isProtected":true,
			"name":"initZipOutputStream",
			"isPublic":false,
			"isPrivate":false,
			"isFinal":false,
			"type":"define",
			"isAbstract":false,
			"rtType":"void"
		},
		"zipFile(org.codehaus.plexus.archiver.ArchiveEntry,org.codehaus.plexus.archiver.zip.ConcurrentJarCreator,java.lang.String)":{
			"sig":"(Lorg/codehaus/plexus/archiver/ArchiveEntry;Lorg/codehaus/plexus/archiver/zip/ConcurrentJarCreator;Ljava/lang/String;)V",
			"args":"(org.codehaus.plexus.archiver.ArchiveEntry,org.codehaus.plexus.archiver.zip.ConcurrentJarCreator,java.lang.String)",
			"isStatic":false,
			"isProtected":true,
			"name":"zipFile",
			"isPublic":false,
			"isPrivate":false,
			"isFinal":false,
			"type":"define",
			"isAbstract":false,
			"rtType":"void"
		},
		"isInUpdateMode()":{
			"sig":"()Z",
			"args":"()",
			"isStatic":false,
			"isProtected":false,
			"name":"isInUpdateMode",
			"isPublic":true,
			"isPrivate":false,
			"isFinal":false,
			"type":"define",
			"isAbstract":false,
			"rtType":"boolean"
		},
		"getComment()":{
			"sig":"()Ljava/lang/String;",
			"args":"()",
			"isStatic":false,
			"isProtected":false,
			"name":"getComment",
			"isPublic":true,
			"isPrivate":false,
			"isFinal":false,
			"type":"define",
			"isAbstract":false,
			"rtType":"java.lang.String"
		},
		"setEncoding(java.lang.String)":{
			"sig":"(Ljava/lang/String;)V",
			"args":"(java.lang.String)",
			"isStatic":false,
			"isProtected":false,
			"name":"setEncoding",
			"isPublic":true,
			"isPrivate":false,
			"isFinal":false,
			"type":"define",
			"isAbstract":false,
			"rtType":"void"
		},
		"setComment(java.lang.String)":{
			"sig":"(Ljava/lang/String;)V",
			"args":"(java.lang.String)",
			"isStatic":false,
			"isProtected":false,
			"name":"setComment",
			"isPublic":true,
			"isPrivate":false,
			"isFinal":false,
			"type":"define",
			"isAbstract":false,
			"rtType":"void"
		}
	},
	"isPublic":true,
	"className":"org.codehaus.plexus.archiver.zip.AbstractZipArchiver",
	"interNames":{},
	"isFinal":false,
	"isPrivate":false,
	"isAbstract":true,
	"isInterface":false,
	"superClassName":"org.codehaus.plexus.archiver.AbstractArchiver"
}