{
	"isProtected":false,
	"finishedSearch":false,
	"methods":{
		"addArchivedFileSet(org.codehaus.plexus.archiver.ArchivedFileSet,java.nio.charset.Charset)":{
			"sig":"(Lorg/codehaus/plexus/archiver/ArchivedFileSet;Ljava/nio/charset/Charset;)V",
			"args":"(org.codehaus.plexus.archiver.ArchivedFileSet,java.nio.charset.Charset)",
			"isStatic":false,
			"isProtected":false,
			"name":"addArchivedFileSet",
			"isPublic":true,
			"isPrivate":false,
			"isFinal":false,
			"type":"define",
			"isAbstract":false,
			"rtType":"void"
		},
		"addResources(org.codehaus.plexus.components.io.resources.PlexusIoResourceCollection)":{
			"sig":"(Lorg/codehaus/plexus/components/io/resources/PlexusIoResourceCollection;)V",
			"args":"(org.codehaus.plexus.components.io.resources.PlexusIoResourceCollection)",
			"isStatic":false,
			"isProtected":false,
			"name":"addResources",
			"isPublic":true,
			"isPrivate":false,
			"isFinal":false,
			"type":"define",
			"isAbstract":false,
			"rtType":"void"
		},
		"addResource(org.codehaus.plexus.components.io.resources.PlexusIoResource,java.lang.String,int)":{
			"sig":"(Lorg/codehaus/plexus/components/io/resources/PlexusIoResource;Ljava/lang/String;I)V",
			"args":"(org.codehaus.plexus.components.io.resources.PlexusIoResource,java.lang.String,int)",
			"isStatic":false,
			"isProtected":false,
			"name":"addResource",
			"isPublic":true,
			"isPrivate":false,
			"isFinal":false,
			"type":"define",
			"isAbstract":false,
			"rtType":"void"
		},
		"debug(java.lang.String)":{
			"sig":"(Ljava/lang/String;)V",
			"args":"(java.lang.String)",
			"isStatic":false,
			"isProtected":false,
			"name":"debug",
			"isPublic":false,
			"isPrivate":true,
			"isFinal":false,
			"type":"define",
			"isAbstract":false,
			"rtType":"void"
		},
		"addArchivedFileSet(java.io.File)":{
			"sig":"(Ljava/io/File;)V",
			"args":"(java.io.File)",
			"isStatic":false,
			"isProtected":false,
			"name":"addArchivedFileSet",
			"isPublic":true,
			"isPrivate":false,
			"isFinal":false,
			"type":"define",
			"isAbstract":false,
			"rtType":"void"
		},
		"addFile(java.io.File,java.lang.String,int)":{
			"sig":"(Ljava/io/File;Ljava/lang/String;I)V",
			"args":"(java.io.File,java.lang.String,int)",
			"isStatic":false,
			"isProtected":false,
			"name":"addFile",
			"isPublic":true,
			"isPrivate":false,
			"isFinal":false,
			"type":"define",
			"isAbstract":false,
			"rtType":"void"
		},
		"setDotFileDirectory(java.io.File)":{
			"sig":"(Ljava/io/File;)V",
			"args":"(java.io.File)",
			"isStatic":false,
			"isProtected":false,
			"name":"setDotFileDirectory",
			"isPublic":true,
			"isPrivate":false,
			"isFinal":false,
			"type":"define",
			"isAbstract":false,
			"rtType":"void"
		},
		"addFile(java.io.File,java.lang.String)":{
			"sig":"(Ljava/io/File;Ljava/lang/String;)V",
			"args":"(java.io.File,java.lang.String)",
			"isStatic":false,
			"isProtected":false,
			"name":"addFile",
			"isPublic":true,
			"isPrivate":false,
			"isFinal":false,
			"type":"define",
			"isAbstract":false,
			"rtType":"void"
		},
		"addDirectory(java.io.File)":{
			"sig":"(Ljava/io/File;)V",
			"args":"(java.io.File)",
			"isStatic":false,
			"isProtected":false,
			"name":"addDirectory",
			"isPublic":true,
			"isPrivate":false,
			"isFinal":false,
			"type":"define",
			"isAbstract":false,
			"rtType":"void"
		},
		"addDirectory(java.io.File,java.lang.String,java.lang.String[],java.lang.String[])":{
			"sig":"(Ljava/io/File;Ljava/lang/String;[Ljava/lang/String;[Ljava/lang/String;)V",
			"args":"(java.io.File,java.lang.String,java.lang.String[],java.lang.String[])",
			"isStatic":false,
			"isProtected":false,
			"name":"addDirectory",
			"isPublic":true,
			"isPrivate":false,
			"isFinal":false,
			"type":"define",
			"isAbstract":false,
			"rtType":"void"
		},
		"addDirectory(java.io.File,java.lang.String[],java.lang.String[])":{
			"sig":"(Ljava/io/File;[Ljava/lang/String;[Ljava/lang/String;)V",
			"args":"(java.io.File,java.lang.String[],java.lang.String[])",
			"isStatic":false,
			"isProtected":false,
			"name":"addDirectory",
			"isPublic":true,
			"isPrivate":false,
			"isFinal":false,
			"type":"define",
			"isAbstract":false,
			"rtType":"void"
		},
		"<init>(org.codehaus.plexus.archiver.Archiver,org.codehaus.plexus.logging.Logger)":{
			"sig":"(Lorg/codehaus/plexus/archiver/Archiver;Lorg/codehaus/plexus/logging/Logger;)V",
			"args":"(org.codehaus.plexus.archiver.Archiver,org.codehaus.plexus.logging.Logger)",
			"isStatic":false,
			"isProtected":false,
			"name":"<init>",
			"isPublic":true,
			"isPrivate":false,
			"isFinal":false,
			"type":"define",
			"isAbstract":false,
			"rtType":"void"
		},
		"addSymlink(java.lang.String,int,java.lang.String)":{
			"sig":"(Ljava/lang/String;ILjava/lang/String;)V",
			"args":"(java.lang.String,int,java.lang.String)",
			"isStatic":false,
			"isProtected":false,
			"name":"addSymlink",
			"isPublic":true,
			"isPrivate":false,
			"isFinal":false,
			"type":"define",
			"isAbstract":false,
			"rtType":"void"
		},
		"addDirectory(java.io.File,java.lang.String)":{
			"sig":"(Ljava/io/File;Ljava/lang/String;)V",
			"args":"(java.io.File,java.lang.String)",
			"isStatic":false,
			"isProtected":false,
			"name":"addDirectory",
			"isPublic":true,
			"isPrivate":false,
			"isFinal":false,
			"type":"define",
			"isAbstract":false,
			"rtType":"void"
		},
		"addFileSet(org.codehaus.plexus.archiver.FileSet)":{
			"sig":"(Lorg/codehaus/plexus/archiver/FileSet;)V",
			"args":"(org.codehaus.plexus.archiver.FileSet)",
			"isStatic":false,
			"isProtected":false,
			"name":"addFileSet",
			"isPublic":true,
			"isPrivate":false,
			"isFinal":false,
			"type":"define",
			"isAbstract":false,
			"rtType":"void"
		},
		"addArchivedFileSet(java.io.File,java.lang.String[],java.lang.String[])":{
			"sig":"(Ljava/io/File;[Ljava/lang/String;[Ljava/lang/String;)V",
			"args":"(java.io.File,java.lang.String[],java.lang.String[])",
			"isStatic":false,
			"isProtected":false,
			"name":"addArchivedFileSet",
			"isPublic":true,
			"isPrivate":false,
			"isFinal":false,
			"type":"define",
			"isAbstract":false,
			"rtType":"void"
		},
		"addArchivedFileSet(org.codehaus.plexus.archiver.ArchivedFileSet)":{
			"sig":"(Lorg/codehaus/plexus/archiver/ArchivedFileSet;)V",
			"args":"(org.codehaus.plexus.archiver.ArchivedFileSet)",
			"isStatic":false,
			"isProtected":false,
			"name":"addArchivedFileSet",
			"isPublic":true,
			"isPrivate":false,
			"isFinal":false,
			"type":"define",
			"isAbstract":false,
			"rtType":"void"
		},
		"createArchive()":{
			"sig":"()V",
			"args":"()",
			"isStatic":false,
			"isProtected":false,
			"name":"createArchive",
			"isPublic":true,
			"isPrivate":false,
			"isFinal":false,
			"type":"define",
			"isAbstract":false,
			"rtType":"void"
		},
		"getMethodName()":{
			"sig":"()Ljava/lang/String;",
			"args":"()",
			"isStatic":false,
			"isProtected":false,
			"name":"getMethodName",
			"isPublic":false,
			"isPrivate":true,
			"isFinal":false,
			"type":"define",
			"isAbstract":false,
			"rtType":"java.lang.String"
		},
		"addArchivedFileSet(java.io.File,java.lang.String,java.lang.String[],java.lang.String[])":{
			"sig":"(Ljava/io/File;Ljava/lang/String;[Ljava/lang/String;[Ljava/lang/String;)V",
			"args":"(java.io.File,java.lang.String,java.lang.String[],java.lang.String[])",
			"isStatic":false,
			"isProtected":false,
			"name":"addArchivedFileSet",
			"isPublic":true,
			"isPrivate":false,
			"isFinal":false,
			"type":"define",
			"isAbstract":false,
			"rtType":"void"
		},
		"addArchivedFileSet(java.io.File,java.lang.String)":{
			"sig":"(Ljava/io/File;Ljava/lang/String;)V",
			"args":"(java.io.File,java.lang.String)",
			"isStatic":false,
			"isProtected":false,
			"name":"addArchivedFileSet",
			"isPublic":true,
			"isPrivate":false,
			"isFinal":false,
			"type":"define",
			"isAbstract":false,
			"rtType":"void"
		},
		"addSymlink(java.lang.String,java.lang.String)":{
			"sig":"(Ljava/lang/String;Ljava/lang/String;)V",
			"args":"(java.lang.String,java.lang.String)",
			"isStatic":false,
			"isProtected":false,
			"name":"addSymlink",
			"isPublic":true,
			"isPrivate":false,
			"isFinal":false,
			"type":"define",
			"isAbstract":false,
			"rtType":"void"
		}
	},
	"isPublic":true,
	"className":"org.codehaus.plexus.archiver.diags.DryRunArchiver",
	"interNames":{},
	"isFinal":false,
	"isPrivate":false,
	"isAbstract":false,
	"isInterface":false,
	"superClassName":"org.codehaus.plexus.archiver.diags.DelgatingArchiver"
}