{
	"isProtected":false,
	"finishedSearch":false,
	"methods":{
		"hasNext()":{
			"sig":"()Z",
			"args":"()",
			"isStatic":false,
			"isProtected":false,
			"name":"hasNext",
			"isPublic":true,
			"isPrivate":false,
			"isFinal":false,
			"type":"define",
			"isAbstract":false,
			"rtType":"boolean"
		},
		"<init>(java.util.Enumeration,java.net.URL,org.apache.commons.compress.archivers.zip.ZipFile,java.net.URLClassLoader)":{
			"sig":"(Ljava/util/Enumeration;Ljava/net/URL;Lorg/apache/commons/compress/archivers/zip/ZipFile;Ljava/net/URLClassLoader;)V",
			"args":"(java.util.Enumeration,java.net.URL,org.apache.commons.compress.archivers.zip.ZipFile,java.net.URLClassLoader)",
			"isStatic":false,
			"isProtected":false,
			"name":"<init>",
			"isPublic":true,
			"isPrivate":false,
			"isFinal":false,
			"type":"define",
			"isAbstract":false,
			"rtType":"void"
		},
		"access$000(org.codehaus.plexus.archiver.zip.PlexusIoZipFileResourceCollection$ZipFileResourceIterator)":{
			"sig":"(Lorg/codehaus/plexus/archiver/zip/PlexusIoZipFileResourceCollection$ZipFileResourceIterator;)Ljava/net/URL;",
			"args":"(org.codehaus.plexus.archiver.zip.PlexusIoZipFileResourceCollection$ZipFileResourceIterator)",
			"isStatic":true,
			"isProtected":false,
			"name":"access$000",
			"isPublic":false,
			"isPrivate":false,
			"isFinal":false,
			"type":"define",
			"isAbstract":false,
			"rtType":"java.net.URL"
		},
		"access$300(org.codehaus.plexus.archiver.zip.PlexusIoZipFileResourceCollection$ZipFileResourceIterator)":{
			"sig":"(Lorg/codehaus/plexus/archiver/zip/PlexusIoZipFileResourceCollection$ZipFileResourceIterator;)Lorg/apache/commons/compress/archivers/zip/ZipFile;",
			"args":"(org.codehaus.plexus.archiver.zip.PlexusIoZipFileResourceCollection$ZipFileResourceIterator)",
			"isStatic":true,
			"isProtected":false,
			"name":"access$300",
			"isPublic":false,
			"isPrivate":false,
			"isFinal":false,
			"type":"define",
			"isAbstract":false,
			"rtType":"org.apache.commons.compress.archivers.zip.ZipFile"
		},
		"next()":{
			"sig":"()Ljava/lang/Object;",
			"args":"()",
			"isStatic":false,
			"isProtected":false,
			"name":"next",
			"isPublic":true,
			"isPrivate":false,
			"isFinal":false,
			"type":"define",
			"isAbstract":false,
			"rtType":"java.lang.Object"
		},
		"remove()":{
			"sig":"()V",
			"args":"()",
			"isStatic":false,
			"isProtected":false,
			"name":"remove",
			"isPublic":true,
			"isPrivate":false,
			"isFinal":false,
			"type":"define",
			"isAbstract":false,
			"rtType":"void"
		},
		"access$100(org.codehaus.plexus.archiver.zip.PlexusIoZipFileResourceCollection$ZipFileResourceIterator)":{
			"sig":"(Lorg/codehaus/plexus/archiver/zip/PlexusIoZipFileResourceCollection$ZipFileResourceIterator;)Ljava/net/URLClassLoader;",
			"args":"(org.codehaus.plexus.archiver.zip.PlexusIoZipFileResourceCollection$ZipFileResourceIterator)",
			"isStatic":true,
			"isProtected":false,
			"name":"access$100",
			"isPublic":false,
			"isPrivate":false,
			"isFinal":false,
			"type":"define",
			"isAbstract":false,
			"rtType":"java.net.URLClassLoader"
		},
		"close()":{
			"sig":"()V",
			"args":"()",
			"isStatic":false,
			"isProtected":false,
			"name":"close",
			"isPublic":true,
			"isPrivate":false,
			"isFinal":false,
			"type":"define",
			"isAbstract":false,
			"rtType":"void"
		}
	},
	"isPublic":false,
	"className":"org.codehaus.plexus.archiver.zip.PlexusIoZipFileResourceCollection$ZipFileResourceIterator",
	"interNames":{
		"java.util.Iterator":"true",
		"java.io.Closeable":"true"
	},
	"isFinal":false,
	"isPrivate":false,
	"isAbstract":false,
	"isInterface":false,
	"superClassName":"java.lang.Object"
}