{
	"isProtected":false,
	"finishedSearch":false,
	"methods":{
		"getContents()":{
			"sig":"()Ljava/io/InputStream;",
			"args":"()",
			"isStatic":false,
			"isProtected":false,
			"name":"getContents",
			"isPublic":true,
			"isPrivate":false,
			"isFinal":false,
			"type":"define",
			"isAbstract":false,
			"rtType":"java.io.InputStream"
		},
		"<init>(java.io.File)":{
			"sig":"(Ljava/io/File;)V",
			"args":"(java.io.File)",
			"isStatic":false,
			"isProtected":false,
			"name":"<init>",
			"isPublic":true,
			"isPrivate":false,
			"isFinal":false,
			"type":"define",
			"isAbstract":false,
			"rtType":"void"
		},
		"<init>(java.io.File,java.lang.String)":{
			"sig":"(Ljava/io/File;Ljava/lang/String;)V",
			"args":"(java.io.File,java.lang.String)",
			"isStatic":false,
			"isProtected":false,
			"name":"<init>",
			"isPublic":true,
			"isPrivate":false,
			"isFinal":false,
			"type":"define",
			"isAbstract":false,
			"rtType":"void"
		},
		"getName(java.io.File)":{
			"sig":"(Ljava/io/File;)Ljava/lang/String;",
			"args":"(java.io.File)",
			"isStatic":true,
			"isProtected":false,
			"name":"getName",
			"isPublic":false,
			"isPrivate":true,
			"isFinal":false,
			"type":"define",
			"isAbstract":false,
			"rtType":"java.lang.String"
		},
		"getURL()":{
			"sig":"()Ljava/net/URL;",
			"args":"()",
			"isStatic":false,
			"isProtected":false,
			"name":"getURL",
			"isPublic":true,
			"isPrivate":false,
			"isFinal":false,
			"type":"define",
			"isAbstract":false,
			"rtType":"java.net.URL"
		}
	},
	"isPublic":true,
	"className":"org.codehaus.plexus.archiver.zip.AnonymousResource",
	"interNames":{},
	"isFinal":false,
	"isPrivate":false,
	"isAbstract":false,
	"isInterface":false,
	"superClassName":"org.codehaus.plexus.components.io.resources.AbstractPlexusIoResource"
}