{
	"isProtected":false,
	"finishedSearch":false,
	"methods":{
		"finalizeArchiveCreation(org.codehaus.plexus.archiver.Archiver)":{
			"sig":"(Lorg/codehaus/plexus/archiver/Archiver;)V",
			"args":"(org.codehaus.plexus.archiver.Archiver)",
			"isStatic":false,
			"isProtected":false,
			"name":"finalizeArchiveCreation",
			"isPublic":true,
			"isPrivate":false,
			"isFinal":false,
			"type":"define",
			"isAbstract":false,
			"rtType":"void"
		},
		"<init>(java.io.File)":{
			"sig":"(Ljava/io/File;)V",
			"args":"(java.io.File)",
			"isStatic":false,
			"isProtected":false,
			"name":"<init>",
			"isPublic":true,
			"isPrivate":false,
			"isFinal":false,
			"type":"define",
			"isAbstract":false,
			"rtType":"void"
		},
		"<init>(java.io.File,java.lang.String)":{
			"sig":"(Ljava/io/File;Ljava/lang/String;)V",
			"args":"(java.io.File,java.lang.String)",
			"isStatic":false,
			"isProtected":false,
			"name":"<init>",
			"isPublic":true,
			"isPrivate":false,
			"isFinal":false,
			"type":"define",
			"isAbstract":false,
			"rtType":"void"
		},
		"getVirtualFiles()":{
			"sig":"()Ljava/util/List;",
			"args":"()",
			"isStatic":false,
			"isProtected":false,
			"name":"getVirtualFiles",
			"isPublic":true,
			"isPrivate":false,
			"isFinal":false,
			"type":"define",
			"isAbstract":false,
			"rtType":"java.util.List"
		}
	},
	"isPublic":true,
	"className":"org.codehaus.plexus.archiver.DotDirectiveArchiveFinalizer",
	"interNames":{},
	"isFinal":false,
	"isPrivate":false,
	"isAbstract":false,
	"isInterface":false,
	"superClassName":"org.codehaus.plexus.archiver.AbstractArchiveFinalizer"
}