{
	"isProtected":false,
	"finishedSearch":false,
	"methods":{
		"<init>(java.util.List,org.codehaus.plexus.logging.Logger)":{
			"sig":"(Ljava/util/List;Lorg/codehaus/plexus/logging/Logger;)V",
			"args":"(java.util.List,org.codehaus.plexus.logging.Logger)",
			"isStatic":false,
			"isProtected":false,
			"name":"<init>",
			"isPublic":true,
			"isPrivate":false,
			"isFinal":false,
			"type":"define",
			"isAbstract":false,
			"rtType":"void"
		},
		"include(java.io.InputStream,java.lang.String)":{
			"sig":"(Ljava/io/InputStream;Ljava/lang/String;)Z",
			"args":"(java.io.InputStream,java.lang.String)",
			"isStatic":false,
			"isProtected":false,
			"name":"include",
			"isPublic":true,
			"isPrivate":false,
			"isFinal":false,
			"type":"define",
			"isAbstract":false,
			"rtType":"boolean"
		}
	},
	"isPublic":true,
	"className":"org.codehaus.plexus.archiver.util.FilterSupport",
	"interNames":{},
	"isFinal":false,
	"isPrivate":false,
	"isAbstract":false,
	"isInterface":false,
	"superClassName":"java.lang.Object"
}