{
	"isProtected":false,
	"finishedSearch":false,
	"methods":{
		"thresholdReached()":{
			"sig":"()V",
			"args":"()",
			"isStatic":false,
			"isProtected":true,
			"name":"thresholdReached",
			"isPublic":false,
			"isPrivate":false,
			"isFinal":false,
			"type":"define",
			"isAbstract":false,
			"rtType":"void"
		},
		"<init>(int,java.io.File,java.lang.String,java.lang.String,java.io.File)":{
			"sig":"(ILjava/io/File;Ljava/lang/String;Ljava/lang/String;Ljava/io/File;)V",
			"args":"(int,java.io.File,java.lang.String,java.lang.String,java.io.File)",
			"isStatic":false,
			"isProtected":false,
			"name":"<init>",
			"isPublic":false,
			"isPrivate":true,
			"isFinal":false,
			"type":"define",
			"isAbstract":false,
			"rtType":"void"
		},
		"getInputStream()":{
			"sig":"()Ljava/io/InputStream;",
			"args":"()",
			"isStatic":false,
			"isProtected":false,
			"name":"getInputStream",
			"isPublic":true,
			"isPrivate":false,
			"isFinal":false,
			"type":"define",
			"isAbstract":false,
			"rtType":"java.io.InputStream"
		},
		"getData()":{
			"sig":"()[B",
			"args":"()",
			"isStatic":false,
			"isProtected":false,
			"name":"getData",
			"isPublic":true,
			"isPrivate":false,
			"isFinal":false,
			"type":"define",
			"isAbstract":false,
			"rtType":"byte[]"
		},
		"getFile()":{
			"sig":"()Ljava/io/File;",
			"args":"()",
			"isStatic":false,
			"isProtected":false,
			"name":"getFile",
			"isPublic":true,
			"isPrivate":false,
			"isFinal":false,
			"type":"define",
			"isAbstract":false,
			"rtType":"java.io.File"
		},
		"<init>(int,java.lang.String,java.lang.String,java.io.File)":{
			"sig":"(ILjava/lang/String;Ljava/lang/String;Ljava/io/File;)V",
			"args":"(int,java.lang.String,java.lang.String,java.io.File)",
			"isStatic":false,
			"isProtected":false,
			"name":"<init>",
			"isPublic":true,
			"isPrivate":false,
			"isFinal":false,
			"type":"define",
			"isAbstract":false,
			"rtType":"void"
		},
		"getStream()":{
			"sig":"()Ljava/io/OutputStream;",
			"args":"()",
			"isStatic":false,
			"isProtected":true,
			"name":"getStream",
			"isPublic":false,
			"isPrivate":false,
			"isFinal":false,
			"type":"define",
			"isAbstract":false,
			"rtType":"java.io.OutputStream"
		},
		"close()":{
			"sig":"()V",
			"args":"()",
			"isStatic":false,
			"isProtected":false,
			"name":"close",
			"isPublic":true,
			"isPrivate":false,
			"isFinal":false,
			"type":"define",
			"isAbstract":false,
			"rtType":"void"
		}
	},
	"isPublic":false,
	"className":"org.codehaus.plexus.archiver.zip.OffloadingOutputStream",
	"interNames":{},
	"isFinal":false,
	"isPrivate":false,
	"isAbstract":false,
	"isInterface":false,
	"superClassName":"org.apache.commons.io.output.ThresholdingOutputStream"
}