{
	"isProtected":false,
	"finishedSearch":false,
	"methods":{
		"<init>(int)":{
			"sig":"(I)V",
			"args":"(int)",
			"isStatic":false,
			"isProtected":false,
			"name":"<init>",
			"isPublic":false,
			"isPrivate":false,
			"isFinal":false,
			"type":"define",
			"isAbstract":false,
			"rtType":"void"
		},
		"get()":{
			"sig":"()Lorg/apache/commons/compress/parallel/ScatterGatherBackingStore;",
			"args":"()",
			"isStatic":false,
			"isProtected":false,
			"name":"get",
			"isPublic":true,
			"isPrivate":false,
			"isFinal":false,
			"type":"define",
			"isAbstract":false,
			"rtType":"org.apache.commons.compress.parallel.ScatterGatherBackingStore"
		}
	},
	"isPublic":false,
	"className":"org.codehaus.plexus.archiver.zip.ConcurrentJarCreator$DeferredSupplier",
	"interNames":{
		"org.apache.commons.compress.parallel.ScatterGatherBackingStoreSupplier":"true"
	},
	"isFinal":false,
	"isPrivate":false,
	"isAbstract":false,
	"isInterface":false,
	"superClassName":"java.lang.Object"
}