{
	"isProtected":false,
	"finishedSearch":false,
	"methods":{
		"contextualize(org.codehaus.plexus.context.Context)":{
			"sig":"(Lorg/codehaus/plexus/context/Context;)V",
			"args":"(org.codehaus.plexus.context.Context)",
			"isStatic":false,
			"isProtected":false,
			"name":"contextualize",
			"isPublic":true,
			"isPrivate":false,
			"isFinal":false,
			"type":"define",
			"isAbstract":false,
			"rtType":"void"
		},
		"getArchiver(java.lang.String)":{
			"sig":"(Ljava/lang/String;)Lorg/codehaus/plexus/archiver/Archiver;",
			"args":"(java.lang.String)",
			"isStatic":false,
			"isProtected":false,
			"name":"getArchiver",
			"isPublic":true,
			"isPrivate":false,
			"isFinal":false,
			"type":"define",
			"isAbstract":false,
			"rtType":"org.codehaus.plexus.archiver.Archiver"
		},
		"getResourceCollection(java.lang.String)":{
			"sig":"(Ljava/lang/String;)Lorg/codehaus/plexus/components/io/resources/PlexusIoResourceCollection;",
			"args":"(java.lang.String)",
			"isStatic":false,
			"isProtected":false,
			"name":"getResourceCollection",
			"isPublic":true,
			"isPrivate":false,
			"isFinal":false,
			"type":"define",
			"isAbstract":false,
			"rtType":"org.codehaus.plexus.components.io.resources.PlexusIoResourceCollection"
		},
		"getFileExtention(java.io.File)":{
			"sig":"(Ljava/io/File;)Ljava/lang/String;",
			"args":"(java.io.File)",
			"isStatic":true,
			"isProtected":false,
			"name":"getFileExtention",
			"isPublic":false,
			"isPrivate":true,
			"isFinal":false,
			"type":"define",
			"isAbstract":false,
			"rtType":"java.lang.String"
		},
		"<init>()":{
			"sig":"()V",
			"args":"()",
			"isStatic":false,
			"isProtected":false,
			"name":"<init>",
			"isPublic":true,
			"isPrivate":false,
			"isFinal":false,
			"type":"define",
			"isAbstract":false,
			"rtType":"void"
		},
		"getResourceCollection(java.io.File)":{
			"sig":"(Ljava/io/File;)Lorg/codehaus/plexus/components/io/resources/PlexusIoResourceCollection;",
			"args":"(java.io.File)",
			"isStatic":false,
			"isProtected":false,
			"name":"getResourceCollection",
			"isPublic":true,
			"isPrivate":false,
			"isFinal":false,
			"type":"define",
			"isAbstract":false,
			"rtType":"org.codehaus.plexus.components.io.resources.PlexusIoResourceCollection"
		},
		"getUnArchiver(java.io.File)":{
			"sig":"(Ljava/io/File;)Lorg/codehaus/plexus/archiver/UnArchiver;",
			"args":"(java.io.File)",
			"isStatic":false,
			"isProtected":false,
			"name":"getUnArchiver",
			"isPublic":true,
			"isPrivate":false,
			"isFinal":false,
			"type":"define",
			"isAbstract":false,
			"rtType":"org.codehaus.plexus.archiver.UnArchiver"
		},
		"getUnArchiver(java.lang.String)":{
			"sig":"(Ljava/lang/String;)Lorg/codehaus/plexus/archiver/UnArchiver;",
			"args":"(java.lang.String)",
			"isStatic":false,
			"isProtected":false,
			"name":"getUnArchiver",
			"isPublic":true,
			"isPrivate":false,
			"isFinal":false,
			"type":"define",
			"isAbstract":false,
			"rtType":"org.codehaus.plexus.archiver.UnArchiver"
		},
		"getArchiver(java.io.File)":{
			"sig":"(Ljava/io/File;)Lorg/codehaus/plexus/archiver/Archiver;",
			"args":"(java.io.File)",
			"isStatic":false,
			"isProtected":false,
			"name":"getArchiver",
			"isPublic":true,
			"isPrivate":false,
			"isFinal":false,
			"type":"define",
			"isAbstract":false,
			"rtType":"org.codehaus.plexus.archiver.Archiver"
		}
	},
	"isPublic":true,
	"className":"org.codehaus.plexus.archiver.manager.DefaultArchiverManager",
	"interNames":{
		"org.codehaus.plexus.archiver.manager.ArchiverManager":"true",
		"org.codehaus.plexus.personality.plexus.lifecycle.phase.Contextualizable":"true"
	},
	"isFinal":false,
	"isPrivate":false,
	"isAbstract":false,
	"isInterface":false,
	"superClassName":"java.lang.Object"
}