{
	"isProtected":false,
	"finishedSearch":false,
	"methods":{
		"getArchive()":{
			"sig":"()Ljava/io/File;",
			"args":"()",
			"isStatic":false,
			"isProtected":false,
			"name":"getArchive",
			"isPublic":true,
			"isPrivate":false,
			"isFinal":false,
			"type":"define",
			"isAbstract":true,
			"rtType":"java.io.File"
		}
	},
	"isPublic":true,
	"className":"org.codehaus.plexus.archiver.ArchivedFileSet",
	"interNames":{
		"org.codehaus.plexus.archiver.BaseFileSet":"true"
	},
	"isFinal":false,
	"isPrivate":false,
	"isAbstract":true,
	"isInterface":true,
	"superClassName":"java.lang.Object"
}