{
	"isProtected":false,
	"finishedSearch":false,
	"methods":{
		"addArchivedFileSet(org.codehaus.plexus.archiver.ArchivedFileSet,java.nio.charset.Charset)":{
			"sig":"(Lorg/codehaus/plexus/archiver/ArchivedFileSet;Ljava/nio/charset/Charset;)V",
			"args":"(org.codehaus.plexus.archiver.ArchivedFileSet,java.nio.charset.Charset)",
			"isStatic":false,
			"isProtected":false,
			"name":"addArchivedFileSet",
			"isPublic":true,
			"isPrivate":false,
			"isFinal":false,
			"type":"define",
			"isAbstract":false,
			"rtType":"void"
		},
		"setFileMode(int)":{
			"sig":"(I)V",
			"args":"(int)",
			"isStatic":false,
			"isProtected":false,
			"name":"setFileMode",
			"isPublic":true,
			"isPrivate":false,
			"isFinal":true,
			"type":"define",
			"isAbstract":false,
			"rtType":"void"
		},
		"addResource(org.codehaus.plexus.components.io.resources.PlexusIoResource,java.lang.String,int)":{
			"sig":"(Lorg/codehaus/plexus/components/io/resources/PlexusIoResource;Ljava/lang/String;I)V",
			"args":"(org.codehaus.plexus.components.io.resources.PlexusIoResource,java.lang.String,int)",
			"isStatic":false,
			"isProtected":false,
			"name":"addResource",
			"isPublic":true,
			"isPrivate":false,
			"isFinal":false,
			"type":"define",
			"isAbstract":false,
			"rtType":"void"
		},
		"isUseJvmChmod()":{
			"sig":"()Z",
			"args":"()",
			"isStatic":false,
			"isProtected":false,
			"name":"isUseJvmChmod",
			"isPublic":true,
			"isPrivate":false,
			"isFinal":false,
			"type":"define",
			"isAbstract":false,
			"rtType":"boolean"
		},
		"getOverrideDirectoryMode()":{
			"sig":"()I",
			"args":"()",
			"isStatic":false,
			"isProtected":false,
			"name":"getOverrideDirectoryMode",
			"isPublic":true,
			"isPrivate":false,
			"isFinal":true,
			"type":"define",
			"isAbstract":false,
			"rtType":"int"
		},
		"isForced()":{
			"sig":"()Z",
			"args":"()",
			"isStatic":false,
			"isProtected":false,
			"name":"isForced",
			"isPublic":true,
			"isPrivate":false,
			"isFinal":false,
			"type":"define",
			"isAbstract":false,
			"rtType":"boolean"
		},
		"addCloseable(java.lang.Object)":{
			"sig":"(Ljava/lang/Object;)V",
			"args":"(java.lang.Object)",
			"isStatic":false,
			"isProtected":false,
			"name":"addCloseable",
			"isPublic":false,
			"isPrivate":true,
			"isFinal":false,
			"type":"define",
			"isAbstract":false,
			"rtType":"void"
		},
		"addSymlink(java.lang.String,int,java.lang.String)":{
			"sig":"(Ljava/lang/String;ILjava/lang/String;)V",
			"args":"(java.lang.String,int,java.lang.String)",
			"isStatic":false,
			"isProtected":false,
			"name":"addSymlink",
			"isPublic":true,
			"isPrivate":false,
			"isFinal":false,
			"type":"define",
			"isAbstract":false,
			"rtType":"void"
		},
		"<init>()":{
			"sig":"()V",
			"args":"()",
			"isStatic":false,
			"isProtected":false,
			"name":"<init>",
			"isPublic":true,
			"isPrivate":false,
			"isFinal":false,
			"type":"define",
			"isAbstract":false,
			"rtType":"void"
		},
		"getOverrideFileMode()":{
			"sig":"()I",
			"args":"()",
			"isStatic":false,
			"isProtected":false,
			"name":"getOverrideFileMode",
			"isPublic":true,
			"isPrivate":false,
			"isFinal":true,
			"type":"define",
			"isAbstract":false,
			"rtType":"int"
		},
		"isSupportingForced()":{
			"sig":"()Z",
			"args":"()",
			"isStatic":false,
			"isProtected":false,
			"name":"isSupportingForced",
			"isPublic":true,
			"isPrivate":false,
			"isFinal":false,
			"type":"define",
			"isAbstract":false,
			"rtType":"boolean"
		},
		"addArchivedFileSet(java.io.File,java.lang.String)":{
			"sig":"(Ljava/io/File;Ljava/lang/String;)V",
			"args":"(java.io.File,java.lang.String)",
			"isStatic":false,
			"isProtected":false,
			"name":"addArchivedFileSet",
			"isPublic":true,
			"isPrivate":false,
			"isFinal":false,
			"type":"define",
			"isAbstract":false,
			"rtType":"void"
		},
		"setDestFile(java.io.File)":{
			"sig":"(Ljava/io/File;)V",
			"args":"(java.io.File)",
			"isStatic":false,
			"isProtected":false,
			"name":"setDestFile",
			"isPublic":true,
			"isPrivate":false,
			"isFinal":false,
			"type":"define",
			"isAbstract":false,
			"rtType":"void"
		},
		"getDefaultDirectoryMode()":{
			"sig":"()I",
			"args":"()",
			"isStatic":false,
			"isProtected":false,
			"name":"getDefaultDirectoryMode",
			"isPublic":true,
			"isPrivate":false,
			"isFinal":true,
			"type":"define",
			"isAbstract":false,
			"rtType":"int"
		},
		"runArchiveFinalizers()":{
			"sig":"()V",
			"args":"()",
			"isStatic":false,
			"isProtected":true,
			"name":"runArchiveFinalizers",
			"isPublic":false,
			"isPrivate":false,
			"isFinal":false,
			"type":"define",
			"isAbstract":false,
			"rtType":"void"
		},
		"setIncludeEmptyDirs(boolean)":{
			"sig":"(Z)V",
			"args":"(boolean)",
			"isStatic":false,
			"isProtected":false,
			"name":"setIncludeEmptyDirs",
			"isPublic":true,
			"isPrivate":false,
			"isFinal":false,
			"type":"define",
			"isAbstract":false,
			"rtType":"void"
		},
		"setForced(boolean)":{
			"sig":"(Z)V",
			"args":"(boolean)",
			"isStatic":false,
			"isProtected":false,
			"name":"setForced",
			"isPublic":true,
			"isPrivate":false,
			"isFinal":false,
			"type":"define",
			"isAbstract":false,
			"rtType":"void"
		},
		"getArchiveType()":{
			"sig":"()Ljava/lang/String;",
			"args":"()",
			"isStatic":false,
			"isProtected":true,
			"name":"getArchiveType",
			"isPublic":false,
			"isPrivate":false,
			"isFinal":false,
			"type":"define",
			"isAbstract":true,
			"rtType":"java.lang.String"
		},
		"addDirectory(java.io.File)":{
			"sig":"(Ljava/io/File;)V",
			"args":"(java.io.File)",
			"isStatic":false,
			"isProtected":false,
			"name":"addDirectory",
			"isPublic":true,
			"isPrivate":false,
			"isFinal":false,
			"type":"define",
			"isAbstract":false,
			"rtType":"void"
		},
		"addDirectory(java.io.File,java.lang.String)":{
			"sig":"(Ljava/io/File;Ljava/lang/String;)V",
			"args":"(java.io.File,java.lang.String)",
			"isStatic":false,
			"isProtected":false,
			"name":"addDirectory",
			"isPublic":true,
			"isPrivate":false,
			"isFinal":false,
			"type":"define",
			"isAbstract":false,
			"rtType":"void"
		},
		"closeQuietlyIfCloseable(java.lang.Object)":{
			"sig":"(Ljava/lang/Object;)V",
			"args":"(java.lang.Object)",
			"isStatic":true,
			"isProtected":false,
			"name":"closeQuietlyIfCloseable",
			"isPublic":false,
			"isPrivate":true,
			"isFinal":false,
			"type":"define",
			"isAbstract":false,
			"rtType":"void"
		},
		"getRawDefaultFileMode()":{
			"sig":"()I",
			"args":"()",
			"isStatic":false,
			"isProtected":false,
			"name":"getRawDefaultFileMode",
			"isPublic":true,
			"isPrivate":false,
			"isFinal":true,
			"type":"define",
			"isAbstract":false,
			"rtType":"int"
		},
		"closeIterators()":{
			"sig":"()V",
			"args":"()",
			"isStatic":false,
			"isProtected":false,
			"name":"closeIterators",
			"isPublic":false,
			"isPrivate":true,
			"isFinal":false,
			"type":"define",
			"isAbstract":false,
			"rtType":"void"
		},
		"isUptodate()":{
			"sig":"()Z",
			"args":"()",
			"isStatic":false,
			"isProtected":true,
			"name":"isUptodate",
			"isPublic":false,
			"isPrivate":false,
			"isFinal":false,
			"type":"define",
			"isAbstract":false,
			"rtType":"boolean"
		},
		"isIgnorePermissions()":{
			"sig":"()Z",
			"args":"()",
			"isStatic":false,
			"isProtected":false,
			"name":"isIgnorePermissions",
			"isPublic":true,
			"isPrivate":false,
			"isFinal":false,
			"type":"define",
			"isAbstract":false,
			"rtType":"boolean"
		},
		"asResourceCollection(org.codehaus.plexus.archiver.ArchivedFileSet,java.nio.charset.Charset)":{
			"sig":"(Lorg/codehaus/plexus/archiver/ArchivedFileSet;Ljava/nio/charset/Charset;)Lorg/codehaus/plexus/components/io/resources/PlexusIoResourceCollection;",
			"args":"(org.codehaus.plexus.archiver.ArchivedFileSet,java.nio.charset.Charset)",
			"isStatic":false,
			"isProtected":true,
			"name":"asResourceCollection",
			"isPublic":false,
			"isPrivate":false,
			"isFinal":false,
			"type":"define",
			"isAbstract":false,
			"rtType":"org.codehaus.plexus.components.io.resources.PlexusIoResourceCollection"
		},
		"setDirectoryMode(int)":{
			"sig":"(I)V",
			"args":"(int)",
			"isStatic":false,
			"isProtected":false,
			"name":"setDirectoryMode",
			"isPublic":true,
			"isPrivate":false,
			"isFinal":true,
			"type":"define",
			"isAbstract":false,
			"rtType":"void"
		},
		"addResources(org.codehaus.plexus.components.io.resources.PlexusIoResourceCollection)":{
			"sig":"(Lorg/codehaus/plexus/components/io/resources/PlexusIoResourceCollection;)V",
			"args":"(org.codehaus.plexus.components.io.resources.PlexusIoResourceCollection)",
			"isStatic":false,
			"isProtected":false,
			"name":"addResources",
			"isPublic":true,
			"isPrivate":false,
			"isFinal":false,
			"type":"define",
			"isAbstract":false,
			"rtType":"void"
		},
		"cleanUp()":{
			"sig":"()V",
			"args":"()",
			"isStatic":false,
			"isProtected":true,
			"name":"cleanUp",
			"isPublic":false,
			"isPrivate":false,
			"isFinal":false,
			"type":"define",
			"isAbstract":false,
			"rtType":"void"
		},
		"revert(java.lang.StringBuffer)":{
			"sig":"(Ljava/lang/StringBuffer;)Z",
			"args":"(java.lang.StringBuffer)",
			"isStatic":false,
			"isProtected":true,
			"name":"revert",
			"isPublic":false,
			"isPrivate":false,
			"isFinal":false,
			"type":"define",
			"isAbstract":false,
			"rtType":"boolean"
		},
		"access$400(org.codehaus.plexus.archiver.AbstractArchiver,java.lang.Object)":{
			"sig":"(Lorg/codehaus/plexus/archiver/AbstractArchiver;Ljava/lang/Object;)V",
			"args":"(org.codehaus.plexus.archiver.AbstractArchiver,java.lang.Object)",
			"isStatic":true,
			"isProtected":false,
			"name":"access$400",
			"isPublic":false,
			"isPrivate":false,
			"isFinal":false,
			"type":"define",
			"isAbstract":false,
			"rtType":"void"
		},
		"setDotFileDirectory(java.io.File)":{
			"sig":"(Ljava/io/File;)V",
			"args":"(java.io.File)",
			"isStatic":false,
			"isProtected":false,
			"name":"setDotFileDirectory",
			"isPublic":true,
			"isPrivate":false,
			"isFinal":false,
			"type":"define",
			"isAbstract":false,
			"rtType":"void"
		},
		"closeIfCloseable(java.lang.Object)":{
			"sig":"(Ljava/lang/Object;)V",
			"args":"(java.lang.Object)",
			"isStatic":true,
			"isProtected":false,
			"name":"closeIfCloseable",
			"isPublic":false,
			"isPrivate":true,
			"isFinal":false,
			"type":"define",
			"isAbstract":false,
			"rtType":"void"
		},
		"getLogger()":{
			"sig":"()Lorg/codehaus/plexus/logging/Logger;",
			"args":"()",
			"isStatic":false,
			"isProtected":true,
			"name":"getLogger",
			"isPublic":false,
			"isPrivate":false,
			"isFinal":false,
			"type":"define",
			"isAbstract":false,
			"rtType":"org.codehaus.plexus.logging.Logger"
		},
		"asArchiveEntry(org.codehaus.plexus.archiver.AbstractArchiver$AddedResourceCollection,org.codehaus.plexus.components.io.resources.PlexusIoResource)":{
			"sig":"(Lorg/codehaus/plexus/archiver/AbstractArchiver$AddedResourceCollection;Lorg/codehaus/plexus/components/io/resources/PlexusIoResource;)Lorg/codehaus/plexus/archiver/ArchiveEntry;",
			"args":"(org.codehaus.plexus.archiver.AbstractArchiver$AddedResourceCollection,org.codehaus.plexus.components.io.resources.PlexusIoResource)",
			"isStatic":false,
			"isProtected":false,
			"name":"asArchiveEntry",
			"isPublic":false,
			"isPrivate":true,
			"isFinal":false,
			"type":"define",
			"isAbstract":false,
			"rtType":"org.codehaus.plexus.archiver.ArchiveEntry"
		},
		"execute()":{
			"sig":"()V",
			"args":"()",
			"isStatic":false,
			"isProtected":true,
			"name":"execute",
			"isPublic":false,
			"isPrivate":false,
			"isFinal":false,
			"type":"define",
			"isAbstract":true,
			"rtType":"void"
		},
		"addDirectory(java.io.File,java.lang.String[],java.lang.String[])":{
			"sig":"(Ljava/io/File;[Ljava/lang/String;[Ljava/lang/String;)V",
			"args":"(java.io.File,java.lang.String[],java.lang.String[])",
			"isStatic":false,
			"isProtected":false,
			"name":"addDirectory",
			"isPublic":true,
			"isPrivate":false,
			"isFinal":false,
			"type":"define",
			"isAbstract":false,
			"rtType":"void"
		},
		"addDirectory(java.io.File,java.lang.String,java.lang.String[],java.lang.String[])":{
			"sig":"(Ljava/io/File;Ljava/lang/String;[Ljava/lang/String;[Ljava/lang/String;)V",
			"args":"(java.io.File,java.lang.String,java.lang.String[],java.lang.String[])",
			"isStatic":false,
			"isProtected":false,
			"name":"addDirectory",
			"isPublic":true,
			"isPrivate":false,
			"isFinal":false,
			"type":"define",
			"isAbstract":false,
			"rtType":"void"
		},
		"contextualize(org.codehaus.plexus.context.Context)":{
			"sig":"(Lorg/codehaus/plexus/context/Context;)V",
			"args":"(org.codehaus.plexus.context.Context)",
			"isStatic":false,
			"isProtected":false,
			"name":"contextualize",
			"isPublic":true,
			"isPrivate":false,
			"isFinal":false,
			"type":"define",
			"isAbstract":false,
			"rtType":"void"
		},
		"getDirectoryMode()":{
			"sig":"()I",
			"args":"()",
			"isStatic":false,
			"isProtected":false,
			"name":"getDirectoryMode",
			"isPublic":true,
			"isPrivate":false,
			"isFinal":true,
			"type":"define",
			"isAbstract":false,
			"rtType":"int"
		},
		"addFileSet(org.codehaus.plexus.archiver.FileSet)":{
			"sig":"(Lorg/codehaus/plexus/archiver/FileSet;)V",
			"args":"(org.codehaus.plexus.archiver.FileSet)",
			"isStatic":false,
			"isProtected":false,
			"name":"addFileSet",
			"isPublic":true,
			"isPrivate":false,
			"isFinal":false,
			"type":"define",
			"isAbstract":false,
			"rtType":"void"
		},
		"getFiles()":{
			"sig":"()Ljava/util/Map;",
			"args":"()",
			"isStatic":false,
			"isProtected":false,
			"name":"getFiles",
			"isPublic":true,
			"isPrivate":false,
			"isFinal":false,
			"type":"define",
			"isAbstract":false,
			"rtType":"java.util.Map"
		},
		"access$500(org.codehaus.plexus.archiver.AbstractArchiver)":{
			"sig":"(Lorg/codehaus/plexus/archiver/AbstractArchiver;)Ljava/lang/String;",
			"args":"(org.codehaus.plexus.archiver.AbstractArchiver)",
			"isStatic":true,
			"isProtected":false,
			"name":"access$500",
			"isPublic":false,
			"isPrivate":false,
			"isFinal":false,
			"type":"define",
			"isAbstract":false,
			"rtType":"java.lang.String"
		},
		"getDefaultFileMode()":{
			"sig":"()I",
			"args":"()",
			"isStatic":false,
			"isProtected":false,
			"name":"getDefaultFileMode",
			"isPublic":true,
			"isPrivate":false,
			"isFinal":true,
			"type":"define",
			"isAbstract":false,
			"rtType":"int"
		},
		"addArchivedFileSet(java.io.File,java.lang.String,java.lang.String[],java.lang.String[])":{
			"sig":"(Ljava/io/File;Ljava/lang/String;[Ljava/lang/String;[Ljava/lang/String;)V",
			"args":"(java.io.File,java.lang.String,java.lang.String[],java.lang.String[])",
			"isStatic":false,
			"isProtected":false,
			"name":"addArchivedFileSet",
			"isPublic":true,
			"isPrivate":false,
			"isFinal":false,
			"type":"define",
			"isAbstract":false,
			"rtType":"void"
		},
		"setArchiveFinalizers(java.util.List)":{
			"sig":"(Ljava/util/List;)V",
			"args":"(java.util.List)",
			"isStatic":false,
			"isProtected":false,
			"name":"setArchiveFinalizers",
			"isPublic":true,
			"isPrivate":false,
			"isFinal":false,
			"type":"define",
			"isAbstract":false,
			"rtType":"void"
		},
		"getResources()":{
			"sig":"()Lorg/codehaus/plexus/archiver/ResourceIterator;",
			"args":"()",
			"isStatic":false,
			"isProtected":false,
			"name":"getResources",
			"isPublic":true,
			"isPrivate":false,
			"isFinal":false,
			"type":"define",
			"isAbstract":false,
			"rtType":"org.codehaus.plexus.archiver.ResourceIterator"
		},
		"addSymlink(java.lang.String,java.lang.String)":{
			"sig":"(Ljava/lang/String;Ljava/lang/String;)V",
			"args":"(java.lang.String,java.lang.String)",
			"isStatic":false,
			"isProtected":false,
			"name":"addSymlink",
			"isPublic":true,
			"isPrivate":false,
			"isFinal":false,
			"type":"define",
			"isAbstract":false,
			"rtType":"void"
		},
		"setDefaultDirectoryMode(int)":{
			"sig":"(I)V",
			"args":"(int)",
			"isStatic":false,
			"isProtected":false,
			"name":"setDefaultDirectoryMode",
			"isPublic":true,
			"isPrivate":false,
			"isFinal":true,
			"type":"define",
			"isAbstract":false,
			"rtType":"void"
		},
		"close()":{
			"sig":"()V",
			"args":"()",
			"isStatic":false,
			"isProtected":true,
			"name":"close",
			"isPublic":false,
			"isPrivate":false,
			"isFinal":false,
			"type":"define",
			"isAbstract":true,
			"rtType":"void"
		},
		"addArchiveFinalizer(org.codehaus.plexus.archiver.ArchiveFinalizer)":{
			"sig":"(Lorg/codehaus/plexus/archiver/ArchiveFinalizer;)V",
			"args":"(org.codehaus.plexus.archiver.ArchiveFinalizer)",
			"isStatic":false,
			"isProtected":false,
			"name":"addArchiveFinalizer",
			"isPublic":true,
			"isPrivate":false,
			"isFinal":false,
			"type":"define",
			"isAbstract":false,
			"rtType":"void"
		},
		"checkForced()":{
			"sig":"()Z",
			"args":"()",
			"isStatic":false,
			"isProtected":true,
			"name":"checkForced",
			"isPublic":false,
			"isPrivate":false,
			"isFinal":false,
			"type":"define",
			"isAbstract":false,
			"rtType":"boolean"
		},
		"setIgnorePermissions(boolean)":{
			"sig":"(Z)V",
			"args":"(boolean)",
			"isStatic":false,
			"isProtected":false,
			"name":"setIgnorePermissions",
			"isPublic":true,
			"isPrivate":false,
			"isFinal":false,
			"type":"define",
			"isAbstract":false,
			"rtType":"void"
		},
		"getIncludeEmptyDirs()":{
			"sig":"()Z",
			"args":"()",
			"isStatic":false,
			"isProtected":false,
			"name":"getIncludeEmptyDirs",
			"isPublic":true,
			"isPrivate":false,
			"isFinal":false,
			"type":"define",
			"isAbstract":false,
			"rtType":"boolean"
		},
		"asArchiveEntry(org.codehaus.plexus.components.io.resources.PlexusIoResource,java.lang.String,int,org.codehaus.plexus.components.io.resources.PlexusIoResourceCollection)":{
			"sig":"(Lorg/codehaus/plexus/components/io/resources/PlexusIoResource;Ljava/lang/String;ILorg/codehaus/plexus/components/io/resources/PlexusIoResourceCollection;)Lorg/codehaus/plexus/archiver/ArchiveEntry;",
			"args":"(org.codehaus.plexus.components.io.resources.PlexusIoResource,java.lang.String,int,org.codehaus.plexus.components.io.resources.PlexusIoResourceCollection)",
			"isStatic":false,
			"isProtected":true,
			"name":"asArchiveEntry",
			"isPublic":false,
			"isPrivate":false,
			"isFinal":false,
			"type":"define",
			"isAbstract":false,
			"rtType":"org.codehaus.plexus.archiver.ArchiveEntry"
		},
		"addArchivedFileSet(java.io.File)":{
			"sig":"(Ljava/io/File;)V",
			"args":"(java.io.File)",
			"isStatic":false,
			"isProtected":false,
			"name":"addArchivedFileSet",
			"isPublic":true,
			"isPrivate":false,
			"isFinal":false,
			"type":"define",
			"isAbstract":false,
			"rtType":"void"
		},
		"addFile(java.io.File,java.lang.String,int)":{
			"sig":"(Ljava/io/File;Ljava/lang/String;I)V",
			"args":"(java.io.File,java.lang.String,int)",
			"isStatic":false,
			"isProtected":false,
			"name":"addFile",
			"isPublic":true,
			"isPrivate":false,
			"isFinal":false,
			"type":"define",
			"isAbstract":false,
			"rtType":"void"
		},
		"access$200(org.codehaus.plexus.archiver.AbstractArchiver)":{
			"sig":"(Lorg/codehaus/plexus/archiver/AbstractArchiver;)Ljava/util/List;",
			"args":"(org.codehaus.plexus.archiver.AbstractArchiver)",
			"isStatic":true,
			"isProtected":false,
			"name":"access$200",
			"isPublic":false,
			"isPrivate":false,
			"isFinal":false,
			"type":"define",
			"isAbstract":false,
			"rtType":"java.util.List"
		},
		"getDuplicateBehavior()":{
			"sig":"()Ljava/lang/String;",
			"args":"()",
			"isStatic":false,
			"isProtected":false,
			"name":"getDuplicateBehavior",
			"isPublic":true,
			"isPrivate":false,
			"isFinal":false,
			"type":"define",
			"isAbstract":false,
			"rtType":"java.lang.String"
		},
		"addFile(java.io.File,java.lang.String)":{
			"sig":"(Ljava/io/File;Ljava/lang/String;)V",
			"args":"(java.io.File,java.lang.String)",
			"isStatic":false,
			"isProtected":false,
			"name":"addFile",
			"isPublic":true,
			"isPrivate":false,
			"isFinal":false,
			"type":"define",
			"isAbstract":false,
			"rtType":"void"
		},
		"getDestFile()":{
			"sig":"()Ljava/io/File;",
			"args":"()",
			"isStatic":false,
			"isProtected":false,
			"name":"getDestFile",
			"isPublic":true,
			"isPrivate":false,
			"isFinal":false,
			"type":"define",
			"isAbstract":false,
			"rtType":"java.io.File"
		},
		"getFileMode()":{
			"sig":"()I",
			"args":"()",
			"isStatic":false,
			"isProtected":false,
			"name":"getFileMode",
			"isPublic":true,
			"isPrivate":false,
			"isFinal":true,
			"type":"define",
			"isAbstract":false,
			"rtType":"int"
		},
		"validate()":{
			"sig":"()V",
			"args":"()",
			"isStatic":false,
			"isProtected":true,
			"name":"validate",
			"isPublic":false,
			"isPrivate":false,
			"isFinal":false,
			"type":"define",
			"isAbstract":false,
			"rtType":"void"
		},
		"doAddResource(java.lang.Object)":{
			"sig":"(Ljava/lang/Object;)V",
			"args":"(java.lang.Object)",
			"isStatic":false,
			"isProtected":false,
			"name":"doAddResource",
			"isPublic":false,
			"isPrivate":true,
			"isFinal":false,
			"type":"define",
			"isAbstract":false,
			"rtType":"void"
		},
		"hasVirtualFiles()":{
			"sig":"()Z",
			"args":"()",
			"isStatic":false,
			"isProtected":true,
			"name":"hasVirtualFiles",
			"isPublic":false,
			"isPrivate":false,
			"isFinal":false,
			"type":"define",
			"isAbstract":false,
			"rtType":"boolean"
		},
		"addArchivedFileSet(java.io.File,java.lang.String[],java.lang.String[])":{
			"sig":"(Ljava/io/File;[Ljava/lang/String;[Ljava/lang/String;)V",
			"args":"(java.io.File,java.lang.String[],java.lang.String[])",
			"isStatic":false,
			"isProtected":false,
			"name":"addArchivedFileSet",
			"isPublic":true,
			"isPrivate":false,
			"isFinal":false,
			"type":"define",
			"isAbstract":false,
			"rtType":"void"
		},
		"setDefaultFileMode(int)":{
			"sig":"(I)V",
			"args":"(int)",
			"isStatic":false,
			"isProtected":false,
			"name":"setDefaultFileMode",
			"isPublic":true,
			"isPrivate":false,
			"isFinal":true,
			"type":"define",
			"isAbstract":false,
			"rtType":"void"
		},
		"addArchivedFileSet(org.codehaus.plexus.archiver.ArchivedFileSet)":{
			"sig":"(Lorg/codehaus/plexus/archiver/ArchivedFileSet;)V",
			"args":"(org.codehaus.plexus.archiver.ArchivedFileSet)",
			"isStatic":false,
			"isProtected":false,
			"name":"addArchivedFileSet",
			"isPublic":true,
			"isPrivate":false,
			"isFinal":false,
			"type":"define",
			"isAbstract":false,
			"rtType":"void"
		},
		"createArchive()":{
			"sig":"()V",
			"args":"()",
			"isStatic":false,
			"isProtected":false,
			"name":"createArchive",
			"isPublic":true,
			"isPrivate":false,
			"isFinal":true,
			"type":"define",
			"isAbstract":false,
			"rtType":"void"
		},
		"access$300(org.codehaus.plexus.archiver.AbstractArchiver,org.codehaus.plexus.archiver.AbstractArchiver$AddedResourceCollection,org.codehaus.plexus.components.io.resources.PlexusIoResource)":{
			"sig":"(Lorg/codehaus/plexus/archiver/AbstractArchiver;Lorg/codehaus/plexus/archiver/AbstractArchiver$AddedResourceCollection;Lorg/codehaus/plexus/components/io/resources/PlexusIoResource;)Lorg/codehaus/plexus/archiver/ArchiveEntry;",
			"args":"(org.codehaus.plexus.archiver.AbstractArchiver,org.codehaus.plexus.archiver.AbstractArchiver$AddedResourceCollection,org.codehaus.plexus.components.io.resources.PlexusIoResource)",
			"isStatic":true,
			"isProtected":false,
			"name":"access$300",
			"isPublic":false,
			"isPrivate":false,
			"isFinal":false,
			"type":"define",
			"isAbstract":false,
			"rtType":"org.codehaus.plexus.archiver.ArchiveEntry"
		},
		"setDuplicateBehavior(java.lang.String)":{
			"sig":"(Ljava/lang/String;)V",
			"args":"(java.lang.String)",
			"isStatic":false,
			"isProtected":false,
			"name":"setDuplicateBehavior",
			"isPublic":true,
			"isPrivate":false,
			"isFinal":false,
			"type":"define",
			"isAbstract":false,
			"rtType":"void"
		},
		"setUseJvmChmod(boolean)":{
			"sig":"(Z)V",
			"args":"(boolean)",
			"isStatic":false,
			"isProtected":false,
			"name":"setUseJvmChmod",
			"isPublic":true,
			"isPrivate":false,
			"isFinal":false,
			"type":"define",
			"isAbstract":false,
			"rtType":"void"
		}
	},
	"isPublic":true,
	"className":"org.codehaus.plexus.archiver.AbstractArchiver",
	"interNames":{
		"org.codehaus.plexus.archiver.FinalizerEnabled":"true",
		"org.codehaus.plexus.personality.plexus.lifecycle.phase.Contextualizable":"true",
		"org.codehaus.plexus.archiver.Archiver":"true"
	},
	"isFinal":false,
	"isPrivate":false,
	"isAbstract":true,
	"isInterface":false,
	"superClassName":"org.codehaus.plexus.logging.AbstractLogEnabled"
}