{
	"isProtected":false,
	"finishedSearch":false,
	"methods":{
		"<init>(int)":{
			"sig":"(I)V",
			"args":"(int)",
			"isStatic":false,
			"isProtected":false,
			"name":"<init>",
			"isPublic":true,
			"isPrivate":false,
			"isFinal":false,
			"type":"define",
			"isAbstract":false,
			"rtType":"void"
		},
		"createEntry(org.apache.commons.compress.archivers.zip.ZipArchiveEntry,org.apache.commons.compress.parallel.InputStreamSupplier)":{
			"sig":"(Lorg/apache/commons/compress/archivers/zip/ZipArchiveEntry;Lorg/apache/commons/compress/parallel/InputStreamSupplier;)Lorg/apache/commons/compress/archivers/zip/ZipArchiveEntryRequest;",
			"args":"(org.apache.commons.compress.archivers.zip.ZipArchiveEntry,org.apache.commons.compress.parallel.InputStreamSupplier)",
			"isStatic":false,
			"isProtected":false,
			"name":"createEntry",
			"isPublic":false,
			"isPrivate":true,
			"isFinal":false,
			"type":"define",
			"isAbstract":false,
			"rtType":"org.apache.commons.compress.archivers.zip.ZipArchiveEntryRequest"
		},
		"addArchiveEntry(org.apache.commons.compress.archivers.zip.ZipArchiveEntry,org.apache.commons.compress.parallel.InputStreamSupplier,boolean)":{
			"sig":"(Lorg/apache/commons/compress/archivers/zip/ZipArchiveEntry;Lorg/apache/commons/compress/parallel/InputStreamSupplier;Z)V",
			"args":"(org.apache.commons.compress.archivers.zip.ZipArchiveEntry,org.apache.commons.compress.parallel.InputStreamSupplier,boolean)",
			"isStatic":false,
			"isProtected":false,
			"name":"addArchiveEntry",
			"isPublic":true,
			"isPrivate":false,
			"isFinal":false,
			"type":"define",
			"isAbstract":false,
			"rtType":"void"
		},
		"access$000(org.codehaus.plexus.archiver.zip.ConcurrentJarCreator,org.apache.commons.compress.archivers.zip.ZipArchiveEntry,org.apache.commons.compress.parallel.InputStreamSupplier)":{
			"sig":"(Lorg/codehaus/plexus/archiver/zip/ConcurrentJarCreator;Lorg/apache/commons/compress/archivers/zip/ZipArchiveEntry;Lorg/apache/commons/compress/parallel/InputStreamSupplier;)Lorg/apache/commons/compress/archivers/zip/ZipArchiveEntryRequest;",
			"args":"(org.codehaus.plexus.archiver.zip.ConcurrentJarCreator,org.apache.commons.compress.archivers.zip.ZipArchiveEntry,org.apache.commons.compress.parallel.InputStreamSupplier)",
			"isStatic":true,
			"isProtected":false,
			"name":"access$000",
			"isPublic":false,
			"isPrivate":false,
			"isFinal":false,
			"type":"define",
			"isAbstract":false,
			"rtType":"org.apache.commons.compress.archivers.zip.ZipArchiveEntryRequest"
		},
		"isZipHeader(byte[])":{
			"sig":"([B)Z",
			"args":"(byte[])",
			"isStatic":false,
			"isProtected":false,
			"name":"isZipHeader",
			"isPublic":false,
			"isPrivate":true,
			"isFinal":false,
			"type":"define",
			"isAbstract":false,
			"rtType":"boolean"
		},
		"writeTo(org.apache.commons.compress.archivers.zip.ZipArchiveOutputStream)":{
			"sig":"(Lorg/apache/commons/compress/archivers/zip/ZipArchiveOutputStream;)V",
			"args":"(org.apache.commons.compress.archivers.zip.ZipArchiveOutputStream)",
			"isStatic":false,
			"isProtected":false,
			"name":"writeTo",
			"isPublic":true,
			"isPrivate":false,
			"isFinal":false,
			"type":"define",
			"isAbstract":false,
			"rtType":"void"
		},
		"prependBytesToStream(byte[],int,java.io.InputStream)":{
			"sig":"([BILjava/io/InputStream;)Lorg/apache/commons/compress/parallel/InputStreamSupplier;",
			"args":"(byte[],int,java.io.InputStream)",
			"isStatic":false,
			"isProtected":false,
			"name":"prependBytesToStream",
			"isPublic":false,
			"isPrivate":true,
			"isFinal":false,
			"type":"define",
			"isAbstract":false,
			"rtType":"org.apache.commons.compress.parallel.InputStreamSupplier"
		},
		"createDeferred(org.apache.commons.compress.parallel.ScatterGatherBackingStoreSupplier)":{
			"sig":"(Lorg/apache/commons/compress/parallel/ScatterGatherBackingStoreSupplier;)Lorg/apache/commons/compress/archivers/zip/ScatterZipOutputStream;",
			"args":"(org.apache.commons.compress.parallel.ScatterGatherBackingStoreSupplier)",
			"isStatic":true,
			"isProtected":false,
			"name":"createDeferred",
			"isPublic":true,
			"isPrivate":false,
			"isFinal":false,
			"type":"define",
			"isAbstract":false,
			"rtType":"org.apache.commons.compress.archivers.zip.ScatterZipOutputStream"
		},
		"createEntrySupplier(org.apache.commons.compress.archivers.zip.ZipArchiveEntry,org.apache.commons.compress.parallel.InputStreamSupplier)":{
			"sig":"(Lorg/apache/commons/compress/archivers/zip/ZipArchiveEntry;Lorg/apache/commons/compress/parallel/InputStreamSupplier;)Lorg/apache/commons/compress/archivers/zip/ZipArchiveEntryRequestSupplier;",
			"args":"(org.apache.commons.compress.archivers.zip.ZipArchiveEntry,org.apache.commons.compress.parallel.InputStreamSupplier)",
			"isStatic":false,
			"isProtected":false,
			"name":"createEntrySupplier",
			"isPublic":false,
			"isPrivate":true,
			"isFinal":false,
			"type":"define",
			"isAbstract":false,
			"rtType":"org.apache.commons.compress.archivers.zip.ZipArchiveEntryRequestSupplier"
		},
		"<init>(boolean,int)":{
			"sig":"(ZI)V",
			"args":"(boolean,int)",
			"isStatic":false,
			"isProtected":false,
			"name":"<init>",
			"isPublic":true,
			"isPrivate":false,
			"isFinal":false,
			"type":"define",
			"isAbstract":false,
			"rtType":"void"
		},
		"getStatisticsMessage()":{
			"sig":"()Ljava/lang/String;",
			"args":"()",
			"isStatic":false,
			"isProtected":false,
			"name":"getStatisticsMessage",
			"isPublic":true,
			"isPrivate":false,
			"isFinal":false,
			"type":"define",
			"isAbstract":false,
			"rtType":"java.lang.String"
		},
		"createInputStreamSupplier(java.io.InputStream)":{
			"sig":"(Ljava/io/InputStream;)Lorg/apache/commons/compress/parallel/InputStreamSupplier;",
			"args":"(java.io.InputStream)",
			"isStatic":false,
			"isProtected":false,
			"name":"createInputStreamSupplier",
			"isPublic":false,
			"isPrivate":true,
			"isFinal":false,
			"type":"define",
			"isAbstract":false,
			"rtType":"org.apache.commons.compress.parallel.InputStreamSupplier"
		}
	},
	"isPublic":true,
	"className":"org.codehaus.plexus.archiver.zip.ConcurrentJarCreator",
	"interNames":{},
	"isFinal":false,
	"isPrivate":false,
	"isAbstract":false,
	"isInterface":false,
	"superClassName":"java.lang.Object"
}