{
	"isProtected":false,
	"finishedSearch":false,
	"methods":{
		"isDirectory()":{
			"sig":"()Z",
			"args":"()",
			"isStatic":false,
			"isProtected":false,
			"name":"isDirectory",
			"isPublic":true,
			"isPrivate":false,
			"isFinal":false,
			"type":"define",
			"isAbstract":false,
			"rtType":"boolean"
		},
		"isFile()":{
			"sig":"()Z",
			"args":"()",
			"isStatic":false,
			"isProtected":false,
			"name":"isFile",
			"isPublic":true,
			"isPrivate":false,
			"isFinal":false,
			"type":"define",
			"isAbstract":false,
			"rtType":"boolean"
		},
		"getName()":{
			"sig":"()Ljava/lang/String;",
			"args":"()",
			"isStatic":false,
			"isProtected":false,
			"name":"getName",
			"isPublic":true,
			"isPrivate":false,
			"isFinal":false,
			"type":"define",
			"isAbstract":false,
			"rtType":"java.lang.String"
		},
		"getContents()":{
			"sig":"()Ljava/io/InputStream;",
			"args":"()",
			"isStatic":false,
			"isProtected":false,
			"name":"getContents",
			"isPublic":true,
			"isPrivate":false,
			"isFinal":false,
			"type":"define",
			"isAbstract":false,
			"rtType":"java.io.InputStream"
		},
		"isSymbolicLink()":{
			"sig":"()Z",
			"args":"()",
			"isStatic":false,
			"isProtected":false,
			"name":"isSymbolicLink",
			"isPublic":true,
			"isPrivate":false,
			"isFinal":false,
			"type":"define",
			"isAbstract":false,
			"rtType":"boolean"
		},
		"isExisting()":{
			"sig":"()Z",
			"args":"()",
			"isStatic":false,
			"isProtected":false,
			"name":"isExisting",
			"isPublic":true,
			"isPrivate":false,
			"isFinal":false,
			"type":"define",
			"isAbstract":false,
			"rtType":"boolean"
		},
		"<init>(org.apache.commons.compress.archivers.zip.ZipFile,org.apache.commons.compress.archivers.zip.ZipArchiveEntry)":{
			"sig":"(Lorg/apache/commons/compress/archivers/zip/ZipFile;Lorg/apache/commons/compress/archivers/zip/ZipArchiveEntry;)V",
			"args":"(org.apache.commons.compress.archivers.zip.ZipFile,org.apache.commons.compress.archivers.zip.ZipArchiveEntry)",
			"isStatic":false,
			"isProtected":false,
			"name":"<init>",
			"isPublic":false,
			"isPrivate":false,
			"isFinal":false,
			"type":"define",
			"isAbstract":false,
			"rtType":"void"
		},
		"getSize()":{
			"sig":"()J",
			"args":"()",
			"isStatic":false,
			"isProtected":false,
			"name":"getSize",
			"isPublic":true,
			"isPrivate":false,
			"isFinal":false,
			"type":"define",
			"isAbstract":false,
			"rtType":"long"
		},
		"getLastModified()":{
			"sig":"()J",
			"args":"()",
			"isStatic":false,
			"isProtected":false,
			"name":"getLastModified",
			"isPublic":true,
			"isPrivate":false,
			"isFinal":false,
			"type":"define",
			"isAbstract":false,
			"rtType":"long"
		},
		"getURL()":{
			"sig":"()Ljava/net/URL;",
			"args":"()",
			"isStatic":false,
			"isProtected":false,
			"name":"getURL",
			"isPublic":true,
			"isPrivate":false,
			"isFinal":false,
			"type":"define",
			"isAbstract":false,
			"rtType":"java.net.URL"
		}
	},
	"isPublic":false,
	"className":"org.codehaus.plexus.archiver.zip.AbstractZipUnArchiver$ZipEntryFileInfo",
	"interNames":{
		"org.codehaus.plexus.components.io.resources.PlexusIoResource":"true"
	},
	"isFinal":false,
	"isPrivate":false,
	"isAbstract":false,
	"isInterface":false,
	"superClassName":"java.lang.Object"
}