{
	"isProtected":false,
	"finishedSearch":false,
	"methods":{
		"addConfiguredIndexJars(java.io.File)":{
			"sig":"(Ljava/io/File;)V",
			"args":"(java.io.File)",
			"isStatic":false,
			"isProtected":false,
			"name":"addConfiguredIndexJars",
			"isPublic":true,
			"isPrivate":false,
			"isFinal":false,
			"type":"define",
			"isAbstract":false,
			"rtType":"void"
		},
		"zipFile(org.apache.commons.compress.parallel.InputStreamSupplier,org.codehaus.plexus.archiver.zip.ConcurrentJarCreator,java.lang.String,long,java.io.File,int,java.lang.String,boolean)":{
			"sig":"(Lorg/apache/commons/compress/parallel/InputStreamSupplier;Lorg/codehaus/plexus/archiver/zip/ConcurrentJarCreator;Ljava/lang/String;JLjava/io/File;ILjava/lang/String;Z)V",
			"args":"(org.apache.commons.compress.parallel.InputStreamSupplier,org.codehaus.plexus.archiver.zip.ConcurrentJarCreator,java.lang.String,long,java.io.File,int,java.lang.String,boolean)",
			"isStatic":false,
			"isProtected":true,
			"name":"zipFile",
			"isPublic":false,
			"isPrivate":false,
			"isFinal":false,
			"type":"define",
			"isAbstract":false,
			"rtType":"void"
		},
		"cleanUp()":{
			"sig":"()V",
			"args":"()",
			"isStatic":false,
			"isProtected":true,
			"name":"cleanUp",
			"isPublic":false,
			"isPrivate":false,
			"isFinal":false,
			"type":"define",
			"isAbstract":false,
			"rtType":"void"
		},
		"finalizeZipOutputStream(org.codehaus.plexus.archiver.zip.ConcurrentJarCreator)":{
			"sig":"(Lorg/codehaus/plexus/archiver/zip/ConcurrentJarCreator;)V",
			"args":"(org.codehaus.plexus.archiver.zip.ConcurrentJarCreator)",
			"isStatic":false,
			"isProtected":true,
			"name":"finalizeZipOutputStream",
			"isPublic":false,
			"isPrivate":false,
			"isFinal":false,
			"type":"define",
			"isAbstract":false,
			"rtType":"void"
		},
		"getManifest(java.io.InputStream)":{
			"sig":"(Ljava/io/InputStream;)Lorg/codehaus/plexus/archiver/jar/Manifest;",
			"args":"(java.io.InputStream)",
			"isStatic":false,
			"isProtected":false,
			"name":"getManifest",
			"isPublic":false,
			"isPrivate":true,
			"isFinal":false,
			"type":"define",
			"isAbstract":false,
			"rtType":"org.codehaus.plexus.archiver.jar.Manifest"
		},
		"createManifest()":{
			"sig":"()Lorg/codehaus/plexus/archiver/jar/Manifest;",
			"args":"()",
			"isStatic":false,
			"isProtected":false,
			"name":"createManifest",
			"isPublic":false,
			"isPrivate":true,
			"isFinal":false,
			"type":"define",
			"isAbstract":false,
			"rtType":"org.codehaus.plexus.archiver.jar.Manifest"
		},
		"addConfiguredManifest(org.codehaus.plexus.archiver.jar.Manifest)":{
			"sig":"(Lorg/codehaus/plexus/archiver/jar/Manifest;)V",
			"args":"(org.codehaus.plexus.archiver.jar.Manifest)",
			"isStatic":false,
			"isProtected":false,
			"name":"addConfiguredManifest",
			"isPublic":true,
			"isPrivate":false,
			"isFinal":false,
			"type":"define",
			"isAbstract":false,
			"rtType":"void"
		},
		"createIndexList(org.codehaus.plexus.archiver.zip.ConcurrentJarCreator)":{
			"sig":"(Lorg/codehaus/plexus/archiver/zip/ConcurrentJarCreator;)V",
			"args":"(org.codehaus.plexus.archiver.zip.ConcurrentJarCreator)",
			"isStatic":false,
			"isProtected":false,
			"name":"createIndexList",
			"isPublic":false,
			"isPrivate":true,
			"isFinal":false,
			"type":"define",
			"isAbstract":false,
			"rtType":"void"
		},
		"grabFilesAndDirs(java.lang.String,java.util.List,java.util.List)":{
			"sig":"(Ljava/lang/String;Ljava/util/List;Ljava/util/List;)V",
			"args":"(java.lang.String,java.util.List,java.util.List)",
			"isStatic":true,
			"isProtected":true,
			"name":"grabFilesAndDirs",
			"isPublic":false,
			"isPrivate":false,
			"isFinal":false,
			"type":"define",
			"isAbstract":false,
			"rtType":"void"
		},
		"setManifest(java.io.File)":{
			"sig":"(Ljava/io/File;)V",
			"args":"(java.io.File)",
			"isStatic":false,
			"isProtected":false,
			"name":"setManifest",
			"isPublic":true,
			"isPrivate":false,
			"isFinal":false,
			"type":"define",
			"isAbstract":false,
			"rtType":"void"
		},
		"filesetManifest(java.io.File,java.io.InputStream)":{
			"sig":"(Ljava/io/File;Ljava/io/InputStream;)V",
			"args":"(java.io.File,java.io.InputStream)",
			"isStatic":false,
			"isProtected":false,
			"name":"filesetManifest",
			"isPublic":false,
			"isPrivate":true,
			"isFinal":false,
			"type":"define",
			"isAbstract":false,
			"rtType":"void"
		},
		"createEmptyZip(java.io.File)":{
			"sig":"(Ljava/io/File;)Z",
			"args":"(java.io.File)",
			"isStatic":false,
			"isProtected":true,
			"name":"createEmptyZip",
			"isPublic":false,
			"isPrivate":false,
			"isFinal":false,
			"type":"define",
			"isAbstract":false,
			"rtType":"boolean"
		},
		"hasVirtualFiles()":{
			"sig":"()Z",
			"args":"()",
			"isStatic":false,
			"isProtected":true,
			"name":"hasVirtualFiles",
			"isPublic":false,
			"isPrivate":false,
			"isFinal":false,
			"type":"define",
			"isAbstract":false,
			"rtType":"boolean"
		},
		"<init>()":{
			"sig":"()V",
			"args":"()",
			"isStatic":false,
			"isProtected":false,
			"name":"<init>",
			"isPublic":true,
			"isPrivate":false,
			"isFinal":false,
			"type":"define",
			"isAbstract":false,
			"rtType":"void"
		},
		"reset()":{
			"sig":"()V",
			"args":"()",
			"isStatic":false,
			"isProtected":false,
			"name":"reset",
			"isPublic":true,
			"isPrivate":false,
			"isFinal":false,
			"type":"define",
			"isAbstract":false,
			"rtType":"void"
		},
		"setManifestEncoding(java.lang.String)":{
			"sig":"(Ljava/lang/String;)V",
			"args":"(java.lang.String)",
			"isStatic":false,
			"isProtected":false,
			"name":"setManifestEncoding",
			"isPublic":true,
			"isPrivate":false,
			"isFinal":false,
			"type":"define",
			"isAbstract":false,
			"rtType":"void"
		},
		"writeIndexLikeList(java.util.List,java.util.List,java.io.PrintWriter)":{
			"sig":"(Ljava/util/List;Ljava/util/List;Ljava/io/PrintWriter;)V",
			"args":"(java.util.List,java.util.List,java.io.PrintWriter)",
			"isStatic":false,
			"isProtected":true,
			"name":"writeIndexLikeList",
			"isPublic":false,
			"isPrivate":false,
			"isFinal":true,
			"type":"define",
			"isAbstract":false,
			"rtType":"void"
		},
		"findJarName(java.lang.String,java.lang.String[])":{
			"sig":"(Ljava/lang/String;[Ljava/lang/String;)Ljava/lang/String;",
			"args":"(java.lang.String,java.lang.String[])",
			"isStatic":true,
			"isProtected":true,
			"name":"findJarName",
			"isPublic":false,
			"isPrivate":false,
			"isFinal":false,
			"type":"define",
			"isAbstract":false,
			"rtType":"java.lang.String"
		},
		"setFilesetmanifest(org.codehaus.plexus.archiver.jar.JarArchiver$FilesetManifestConfig)":{
			"sig":"(Lorg/codehaus/plexus/archiver/jar/JarArchiver$FilesetManifestConfig;)V",
			"args":"(org.codehaus.plexus.archiver.jar.JarArchiver$FilesetManifestConfig)",
			"isStatic":false,
			"isProtected":false,
			"name":"setFilesetmanifest",
			"isPublic":true,
			"isPrivate":false,
			"isFinal":false,
			"type":"define",
			"isAbstract":false,
			"rtType":"void"
		},
		"initZipOutputStream(org.codehaus.plexus.archiver.zip.ConcurrentJarCreator)":{
			"sig":"(Lorg/codehaus/plexus/archiver/zip/ConcurrentJarCreator;)V",
			"args":"(org.codehaus.plexus.archiver.zip.ConcurrentJarCreator)",
			"isStatic":false,
			"isProtected":true,
			"name":"initZipOutputStream",
			"isPublic":false,
			"isPrivate":false,
			"isFinal":false,
			"type":"define",
			"isAbstract":false,
			"rtType":"void"
		},
		"writeManifest(org.codehaus.plexus.archiver.zip.ConcurrentJarCreator,org.codehaus.plexus.archiver.jar.Manifest)":{
			"sig":"(Lorg/codehaus/plexus/archiver/zip/ConcurrentJarCreator;Lorg/codehaus/plexus/archiver/jar/Manifest;)V",
			"args":"(org.codehaus.plexus.archiver.zip.ConcurrentJarCreator,org.codehaus.plexus.archiver.jar.Manifest)",
			"isStatic":false,
			"isProtected":false,
			"name":"writeManifest",
			"isPublic":false,
			"isPrivate":true,
			"isFinal":false,
			"type":"define",
			"isAbstract":false,
			"rtType":"void"
		},
		"setIndex(boolean)":{
			"sig":"(Z)V",
			"args":"(boolean)",
			"isStatic":false,
			"isProtected":false,
			"name":"setIndex",
			"isPublic":true,
			"isPrivate":false,
			"isFinal":false,
			"type":"define",
			"isAbstract":false,
			"rtType":"void"
		},
		"getManifest(java.io.File)":{
			"sig":"(Ljava/io/File;)Lorg/codehaus/plexus/archiver/jar/Manifest;",
			"args":"(java.io.File)",
			"isStatic":false,
			"isProtected":false,
			"name":"getManifest",
			"isPublic":false,
			"isPrivate":true,
			"isFinal":false,
			"type":"define",
			"isAbstract":false,
			"rtType":"org.codehaus.plexus.archiver.jar.Manifest"
		}
	},
	"isPublic":true,
	"className":"org.codehaus.plexus.archiver.jar.JarArchiver",
	"interNames":{},
	"isFinal":false,
	"isPrivate":false,
	"isAbstract":false,
	"isInterface":false,
	"superClassName":"org.codehaus.plexus.archiver.zip.ZipArchiver"
}