{
	"isProtected":false,
	"finishedSearch":false,
	"methods":{
		"setOverwrite(boolean)":{
			"sig":"(Z)V",
			"args":"(boolean)",
			"isStatic":false,
			"isProtected":false,
			"name":"setOverwrite",
			"isPublic":true,
			"isPrivate":false,
			"isFinal":false,
			"type":"define",
			"isAbstract":false,
			"rtType":"void"
		},
		"setFileSelectors(org.codehaus.plexus.components.io.fileselectors.FileSelector[])":{
			"sig":"([Lorg/codehaus/plexus/components/io/fileselectors/FileSelector;)V",
			"args":"(org.codehaus.plexus.components.io.fileselectors.FileSelector[])",
			"isStatic":false,
			"isProtected":false,
			"name":"setFileSelectors",
			"isPublic":true,
			"isPrivate":false,
			"isFinal":false,
			"type":"define",
			"isAbstract":false,
			"rtType":"void"
		},
		"isUseJvmChmod()":{
			"sig":"()Z",
			"args":"()",
			"isStatic":false,
			"isProtected":false,
			"name":"isUseJvmChmod",
			"isPublic":true,
			"isPrivate":false,
			"isFinal":false,
			"type":"define",
			"isAbstract":false,
			"rtType":"boolean"
		},
		"isOverwrite()":{
			"sig":"()Z",
			"args":"()",
			"isStatic":false,
			"isProtected":false,
			"name":"isOverwrite",
			"isPublic":true,
			"isPrivate":false,
			"isFinal":false,
			"type":"define",
			"isAbstract":false,
			"rtType":"boolean"
		},
		"execute()":{
			"sig":"()V",
			"args":"()",
			"isStatic":false,
			"isProtected":true,
			"name":"execute",
			"isPublic":false,
			"isPrivate":false,
			"isFinal":false,
			"type":"define",
			"isAbstract":true,
			"rtType":"void"
		},
		"setDestDirectory(java.io.File)":{
			"sig":"(Ljava/io/File;)V",
			"args":"(java.io.File)",
			"isStatic":false,
			"isProtected":false,
			"name":"setDestDirectory",
			"isPublic":true,
			"isPrivate":false,
			"isFinal":false,
			"type":"define",
			"isAbstract":false,
			"rtType":"void"
		},
		"isSelected(java.lang.String,org.codehaus.plexus.components.io.resources.PlexusIoResource)":{
			"sig":"(Ljava/lang/String;Lorg/codehaus/plexus/components/io/resources/PlexusIoResource;)Z",
			"args":"(java.lang.String,org.codehaus.plexus.components.io.resources.PlexusIoResource)",
			"isStatic":false,
			"isProtected":true,
			"name":"isSelected",
			"isPublic":false,
			"isPrivate":false,
			"isFinal":false,
			"type":"define",
			"isAbstract":false,
			"rtType":"boolean"
		},
		"<init>()":{
			"sig":"()V",
			"args":"()",
			"isStatic":false,
			"isProtected":false,
			"name":"<init>",
			"isPublic":true,
			"isPrivate":false,
			"isFinal":false,
			"type":"define",
			"isAbstract":false,
			"rtType":"void"
		},
		"getDestDirectory()":{
			"sig":"()Ljava/io/File;",
			"args":"()",
			"isStatic":false,
			"isProtected":false,
			"name":"getDestDirectory",
			"isPublic":true,
			"isPrivate":false,
			"isFinal":false,
			"type":"define",
			"isAbstract":false,
			"rtType":"java.io.File"
		},
		"validate(java.lang.String,java.io.File)":{
			"sig":"(Ljava/lang/String;Ljava/io/File;)V",
			"args":"(java.lang.String,java.io.File)",
			"isStatic":false,
			"isProtected":true,
			"name":"validate",
			"isPublic":false,
			"isPrivate":false,
			"isFinal":false,
			"type":"define",
			"isAbstract":false,
			"rtType":"void"
		},
		"setArchiveFinalizers(java.util.List)":{
			"sig":"(Ljava/util/List;)V",
			"args":"(java.util.List)",
			"isStatic":false,
			"isProtected":false,
			"name":"setArchiveFinalizers",
			"isPublic":true,
			"isPrivate":false,
			"isFinal":false,
			"type":"define",
			"isAbstract":false,
			"rtType":"void"
		},
		"setDestFile(java.io.File)":{
			"sig":"(Ljava/io/File;)V",
			"args":"(java.io.File)",
			"isStatic":false,
			"isProtected":false,
			"name":"setDestFile",
			"isPublic":true,
			"isPrivate":false,
			"isFinal":false,
			"type":"define",
			"isAbstract":false,
			"rtType":"void"
		},
		"setSourceFile(java.io.File)":{
			"sig":"(Ljava/io/File;)V",
			"args":"(java.io.File)",
			"isStatic":false,
			"isProtected":false,
			"name":"setSourceFile",
			"isPublic":true,
			"isPrivate":false,
			"isFinal":false,
			"type":"define",
			"isAbstract":false,
			"rtType":"void"
		},
		"extract(java.lang.String,java.io.File)":{
			"sig":"(Ljava/lang/String;Ljava/io/File;)V",
			"args":"(java.lang.String,java.io.File)",
			"isStatic":false,
			"isProtected":false,
			"name":"extract",
			"isPublic":true,
			"isPrivate":false,
			"isFinal":true,
			"type":"define",
			"isAbstract":false,
			"rtType":"void"
		},
		"addArchiveFinalizer(org.codehaus.plexus.archiver.ArchiveFinalizer)":{
			"sig":"(Lorg/codehaus/plexus/archiver/ArchiveFinalizer;)V",
			"args":"(org.codehaus.plexus.archiver.ArchiveFinalizer)",
			"isStatic":false,
			"isProtected":false,
			"name":"addArchiveFinalizer",
			"isPublic":true,
			"isPrivate":false,
			"isFinal":false,
			"type":"define",
			"isAbstract":false,
			"rtType":"void"
		},
		"setIgnorePermissions(boolean)":{
			"sig":"(Z)V",
			"args":"(boolean)",
			"isStatic":false,
			"isProtected":false,
			"name":"setIgnorePermissions",
			"isPublic":true,
			"isPrivate":false,
			"isFinal":false,
			"type":"define",
			"isAbstract":false,
			"rtType":"void"
		},
		"runArchiveFinalizers()":{
			"sig":"()V",
			"args":"()",
			"isStatic":false,
			"isProtected":false,
			"name":"runArchiveFinalizers",
			"isPublic":false,
			"isPrivate":true,
			"isFinal":false,
			"type":"define",
			"isAbstract":false,
			"rtType":"void"
		},
		"getSourceFile()":{
			"sig":"()Ljava/io/File;",
			"args":"()",
			"isStatic":false,
			"isProtected":false,
			"name":"getSourceFile",
			"isPublic":true,
			"isPrivate":false,
			"isFinal":false,
			"type":"define",
			"isAbstract":false,
			"rtType":"java.io.File"
		},
		"getFileSelectors()":{
			"sig":"()[Lorg/codehaus/plexus/components/io/fileselectors/FileSelector;",
			"args":"()",
			"isStatic":false,
			"isProtected":false,
			"name":"getFileSelectors",
			"isPublic":true,
			"isPrivate":false,
			"isFinal":false,
			"type":"define",
			"isAbstract":false,
			"rtType":"org.codehaus.plexus.components.io.fileselectors.FileSelector[]"
		},
		"getDestFile()":{
			"sig":"()Ljava/io/File;",
			"args":"()",
			"isStatic":false,
			"isProtected":false,
			"name":"getDestFile",
			"isPublic":true,
			"isPrivate":false,
			"isFinal":false,
			"type":"define",
			"isAbstract":false,
			"rtType":"java.io.File"
		},
		"extract()":{
			"sig":"()V",
			"args":"()",
			"isStatic":false,
			"isProtected":false,
			"name":"extract",
			"isPublic":true,
			"isPrivate":false,
			"isFinal":true,
			"type":"define",
			"isAbstract":false,
			"rtType":"void"
		},
		"validate()":{
			"sig":"()V",
			"args":"()",
			"isStatic":false,
			"isProtected":true,
			"name":"validate",
			"isPublic":false,
			"isPrivate":false,
			"isFinal":false,
			"type":"define",
			"isAbstract":false,
			"rtType":"void"
		},
		"extractFile(java.io.File,java.io.File,java.io.InputStream,java.lang.String,java.util.Date,boolean,java.lang.Integer,java.lang.String)":{
			"sig":"(Ljava/io/File;Ljava/io/File;Ljava/io/InputStream;Ljava/lang/String;Ljava/util/Date;ZLjava/lang/Integer;Ljava/lang/String;)V",
			"args":"(java.io.File,java.io.File,java.io.InputStream,java.lang.String,java.util.Date,boolean,java.lang.Integer,java.lang.String)",
			"isStatic":false,
			"isProtected":true,
			"name":"extractFile",
			"isPublic":false,
			"isPrivate":false,
			"isFinal":false,
			"type":"define",
			"isAbstract":false,
			"rtType":"void"
		},
		"<init>(java.io.File)":{
			"sig":"(Ljava/io/File;)V",
			"args":"(java.io.File)",
			"isStatic":false,
			"isProtected":false,
			"name":"<init>",
			"isPublic":true,
			"isPrivate":false,
			"isFinal":false,
			"type":"define",
			"isAbstract":false,
			"rtType":"void"
		},
		"isIgnorePermissions()":{
			"sig":"()Z",
			"args":"()",
			"isStatic":false,
			"isProtected":false,
			"name":"isIgnorePermissions",
			"isPublic":true,
			"isPrivate":false,
			"isFinal":false,
			"type":"define",
			"isAbstract":false,
			"rtType":"boolean"
		},
		"execute(java.lang.String,java.io.File)":{
			"sig":"(Ljava/lang/String;Ljava/io/File;)V",
			"args":"(java.lang.String,java.io.File)",
			"isStatic":false,
			"isProtected":true,
			"name":"execute",
			"isPublic":false,
			"isPrivate":false,
			"isFinal":false,
			"type":"define",
			"isAbstract":true,
			"rtType":"void"
		},
		"setUseJvmChmod(boolean)":{
			"sig":"(Z)V",
			"args":"(boolean)",
			"isStatic":false,
			"isProtected":false,
			"name":"setUseJvmChmod",
			"isPublic":true,
			"isPrivate":false,
			"isFinal":false,
			"type":"define",
			"isAbstract":false,
			"rtType":"void"
		}
	},
	"isPublic":true,
	"className":"org.codehaus.plexus.archiver.AbstractUnArchiver",
	"interNames":{
		"org.codehaus.plexus.archiver.FinalizerEnabled":"true",
		"org.codehaus.plexus.archiver.UnArchiver":"true"
	},
	"isFinal":false,
	"isPrivate":false,
	"isAbstract":true,
	"isInterface":false,
	"superClassName":"org.codehaus.plexus.logging.AbstractLogEnabled"
}