{
	"isProtected":false,
	"finishedSearch":false,
	"methods":{
		"addArchive(java.io.File)":{
			"sig":"(Ljava/io/File;)V",
			"args":"(java.io.File)",
			"isStatic":false,
			"isProtected":false,
			"name":"addArchive",
			"isPublic":true,
			"isPrivate":false,
			"isFinal":false,
			"type":"define",
			"isAbstract":false,
			"rtType":"void"
		},
		"cleanUp()":{
			"sig":"()V",
			"args":"()",
			"isStatic":false,
			"isProtected":true,
			"name":"cleanUp",
			"isPublic":false,
			"isPrivate":false,
			"isFinal":false,
			"type":"define",
			"isAbstract":false,
			"rtType":"void"
		},
		"zipFile(org.codehaus.plexus.archiver.ArchiveEntry,org.codehaus.plexus.archiver.zip.ConcurrentJarCreator,java.lang.String,int)":{
			"sig":"(Lorg/codehaus/plexus/archiver/ArchiveEntry;Lorg/codehaus/plexus/archiver/zip/ConcurrentJarCreator;Ljava/lang/String;I)V",
			"args":"(org.codehaus.plexus.archiver.ArchiveEntry,org.codehaus.plexus.archiver.zip.ConcurrentJarCreator,java.lang.String,int)",
			"isStatic":false,
			"isProtected":true,
			"name":"zipFile",
			"isPublic":false,
			"isPrivate":false,
			"isFinal":false,
			"type":"define",
			"isAbstract":false,
			"rtType":"void"
		},
		"<init>()":{
			"sig":"()V",
			"args":"()",
			"isStatic":false,
			"isProtected":false,
			"name":"<init>",
			"isPublic":true,
			"isPrivate":false,
			"isFinal":false,
			"type":"define",
			"isAbstract":false,
			"rtType":"void"
		},
		"addArchives(java.io.File,java.lang.String[],java.lang.String[])":{
			"sig":"(Ljava/io/File;[Ljava/lang/String;[Ljava/lang/String;)V",
			"args":"(java.io.File,java.lang.String[],java.lang.String[])",
			"isStatic":false,
			"isProtected":false,
			"name":"addArchives",
			"isPublic":true,
			"isPrivate":false,
			"isFinal":false,
			"type":"define",
			"isAbstract":false,
			"rtType":"void"
		},
		"setAppxml(java.io.File)":{
			"sig":"(Ljava/io/File;)V",
			"args":"(java.io.File)",
			"isStatic":false,
			"isProtected":false,
			"name":"setAppxml",
			"isPublic":true,
			"isPrivate":false,
			"isFinal":false,
			"type":"define",
			"isAbstract":false,
			"rtType":"void"
		},
		"initZipOutputStream(org.codehaus.plexus.archiver.zip.ConcurrentJarCreator)":{
			"sig":"(Lorg/codehaus/plexus/archiver/zip/ConcurrentJarCreator;)V",
			"args":"(org.codehaus.plexus.archiver.zip.ConcurrentJarCreator)",
			"isStatic":false,
			"isProtected":true,
			"name":"initZipOutputStream",
			"isPublic":false,
			"isPrivate":false,
			"isFinal":false,
			"type":"define",
			"isAbstract":false,
			"rtType":"void"
		}
	},
	"isPublic":true,
	"className":"org.codehaus.plexus.archiver.ear.EarArchiver",
	"interNames":{},
	"isFinal":false,
	"isPrivate":false,
	"isAbstract":false,
	"isInterface":false,
	"superClassName":"org.codehaus.plexus.archiver.jar.JarArchiver"
}