{
	"isProtected":false,
	"finishedSearch":false,
	"methods":{
		"<init>()":{
			"sig":"()V",
			"args":"()",
			"isStatic":false,
			"isProtected":false,
			"name":"<init>",
			"isPublic":true,
			"isPrivate":false,
			"isFinal":false,
			"type":"define",
			"isAbstract":false,
			"rtType":"void"
		},
		"newTarFile(java.io.File)":{
			"sig":"(Ljava/io/File;)Lorg/codehaus/plexus/archiver/tar/TarFile;",
			"args":"(java.io.File)",
			"isStatic":false,
			"isProtected":true,
			"name":"newTarFile",
			"isPublic":false,
			"isPrivate":false,
			"isFinal":false,
			"type":"define",
			"isAbstract":false,
			"rtType":"org.codehaus.plexus.archiver.tar.TarFile"
		}
	},
	"isPublic":true,
	"className":"org.codehaus.plexus.archiver.tar.PlexusIoTarSnappyFileResourceCollection",
	"interNames":{},
	"isFinal":false,
	"isPrivate":false,
	"isAbstract":false,
	"isInterface":false,
	"superClassName":"org.codehaus.plexus.archiver.tar.PlexusIoTarFileResourceCollection"
}