{
	"isProtected":false,
	"finishedSearch":false,
	"methods":{
		"<init>(org.codehaus.plexus.archiver.tar.TarFile)":{
			"sig":"(Lorg/codehaus/plexus/archiver/tar/TarFile;)V",
			"args":"(org.codehaus.plexus.archiver.tar.TarFile)",
			"isStatic":false,
			"isProtected":false,
			"name":"<init>",
			"isPublic":false,
			"isPrivate":false,
			"isFinal":false,
			"type":"define",
			"isAbstract":false,
			"rtType":"void"
		},
		"nextElement()":{
			"sig":"()Ljava/lang/Object;",
			"args":"()",
			"isStatic":false,
			"isProtected":false,
			"name":"nextElement",
			"isPublic":true,
			"isPrivate":false,
			"isFinal":false,
			"type":"define",
			"isAbstract":false,
			"rtType":"java.lang.Object"
		},
		"hasMoreElements()":{
			"sig":"()Z",
			"args":"()",
			"isStatic":false,
			"isProtected":false,
			"name":"hasMoreElements",
			"isPublic":true,
			"isPrivate":false,
			"isFinal":false,
			"type":"define",
			"isAbstract":false,
			"rtType":"boolean"
		}
	},
	"isPublic":false,
	"className":"org.codehaus.plexus.archiver.tar.TarFile$1",
	"interNames":{
		"java.util.Enumeration":"true"
	},
	"isFinal":false,
	"isPrivate":false,
	"isAbstract":false,
	"isInterface":false,
	"superClassName":"java.lang.Object"
}