{
	"isProtected":false,
	"finishedSearch":false,
	"methods":{
		"get()":{
			"sig":"()Lorg/apache/commons/compress/archivers/zip/ZipArchiveEntryRequest;",
			"args":"()",
			"isStatic":false,
			"isProtected":false,
			"name":"get",
			"isPublic":true,
			"isPrivate":false,
			"isFinal":false,
			"type":"define",
			"isAbstract":false,
			"rtType":"org.apache.commons.compress.archivers.zip.ZipArchiveEntryRequest"
		},
		"<init>(org.codehaus.plexus.archiver.zip.ConcurrentJarCreator,org.apache.commons.compress.archivers.zip.ZipArchiveEntry,org.apache.commons.compress.parallel.InputStreamSupplier)":{
			"sig":"(Lorg/codehaus/plexus/archiver/zip/ConcurrentJarCreator;Lorg/apache/commons/compress/archivers/zip/ZipArchiveEntry;Lorg/apache/commons/compress/parallel/InputStreamSupplier;)V",
			"args":"(org.codehaus.plexus.archiver.zip.ConcurrentJarCreator,org.apache.commons.compress.archivers.zip.ZipArchiveEntry,org.apache.commons.compress.parallel.InputStreamSupplier)",
			"isStatic":false,
			"isProtected":false,
			"name":"<init>",
			"isPublic":false,
			"isPrivate":false,
			"isFinal":false,
			"type":"define",
			"isAbstract":false,
			"rtType":"void"
		}
	},
	"isPublic":false,
	"className":"org.codehaus.plexus.archiver.zip.ConcurrentJarCreator$2",
	"interNames":{
		"org.apache.commons.compress.archivers.zip.ZipArchiveEntryRequestSupplier":"true"
	},
	"isFinal":false,
	"isPrivate":false,
	"isAbstract":false,
	"isInterface":false,
	"superClassName":"java.lang.Object"
}