{
	"isProtected":false,
	"finishedSearch":false,
	"methods":{
		"getPrefix()":{
			"sig":"()Ljava/lang/String;",
			"args":"()",
			"isStatic":false,
			"isProtected":false,
			"name":"getPrefix",
			"isPublic":true,
			"isPrivate":false,
			"isFinal":false,
			"type":"define",
			"isAbstract":true,
			"rtType":"java.lang.String"
		},
		"isCaseSensitive()":{
			"sig":"()Z",
			"args":"()",
			"isStatic":false,
			"isProtected":false,
			"name":"isCaseSensitive",
			"isPublic":true,
			"isPrivate":false,
			"isFinal":false,
			"type":"define",
			"isAbstract":true,
			"rtType":"boolean"
		},
		"isUsingDefaultExcludes()":{
			"sig":"()Z",
			"args":"()",
			"isStatic":false,
			"isProtected":false,
			"name":"isUsingDefaultExcludes",
			"isPublic":true,
			"isPrivate":false,
			"isFinal":false,
			"type":"define",
			"isAbstract":true,
			"rtType":"boolean"
		},
		"getIncludes()":{
			"sig":"()[Ljava/lang/String;",
			"args":"()",
			"isStatic":false,
			"isProtected":false,
			"name":"getIncludes",
			"isPublic":true,
			"isPrivate":false,
			"isFinal":false,
			"type":"define",
			"isAbstract":true,
			"rtType":"java.lang.String[]"
		},
		"getFileSelectors()":{
			"sig":"()[Lorg/codehaus/plexus/components/io/fileselectors/FileSelector;",
			"args":"()",
			"isStatic":false,
			"isProtected":false,
			"name":"getFileSelectors",
			"isPublic":true,
			"isPrivate":false,
			"isFinal":false,
			"type":"define",
			"isAbstract":true,
			"rtType":"org.codehaus.plexus.components.io.fileselectors.FileSelector[]"
		},
		"isIncludingEmptyDirectories()":{
			"sig":"()Z",
			"args":"()",
			"isStatic":false,
			"isProtected":false,
			"name":"isIncludingEmptyDirectories",
			"isPublic":true,
			"isPrivate":false,
			"isFinal":false,
			"type":"define",
			"isAbstract":true,
			"rtType":"boolean"
		},
		"getExcludes()":{
			"sig":"()[Ljava/lang/String;",
			"args":"()",
			"isStatic":false,
			"isProtected":false,
			"name":"getExcludes",
			"isPublic":true,
			"isPrivate":false,
			"isFinal":false,
			"type":"define",
			"isAbstract":true,
			"rtType":"java.lang.String[]"
		},
		"getStreamTransformer()":{
			"sig":"()Lorg/codehaus/plexus/components/io/functions/InputStreamTransformer;",
			"args":"()",
			"isStatic":false,
			"isProtected":false,
			"name":"getStreamTransformer",
			"isPublic":true,
			"isPrivate":false,
			"isFinal":false,
			"type":"define",
			"isAbstract":true,
			"rtType":"org.codehaus.plexus.components.io.functions.InputStreamTransformer"
		}
	},
	"isPublic":true,
	"className":"org.codehaus.plexus.archiver.BaseFileSet",
	"interNames":{},
	"isFinal":false,
	"isPrivate":false,
	"isAbstract":true,
	"isInterface":true,
	"superClassName":"java.lang.Object"
}