{
	"isProtected":false,
	"finishedSearch":false,
	"methods":{
		"<init>()":{
			"sig":"()V",
			"args":"()",
			"isStatic":false,
			"isProtected":false,
			"name":"<init>",
			"isPublic":true,
			"isPrivate":false,
			"isFinal":false,
			"type":"define",
			"isAbstract":false,
			"rtType":"void"
		},
		"asStringStack(java.lang.String)":{
			"sig":"(Ljava/lang/String;)Ljava/util/Stack;",
			"args":"(java.lang.String)",
			"isStatic":false,
			"isProtected":false,
			"name":"asStringStack",
			"isPublic":true,
			"isPrivate":false,
			"isFinal":false,
			"type":"define",
			"isAbstract":false,
			"rtType":"java.util.Stack"
		},
		"update(java.lang.String)":{
			"sig":"(Ljava/lang/String;)Z",
			"args":"(java.lang.String)",
			"isStatic":false,
			"isProtected":false,
			"name":"update",
			"isPublic":true,
			"isPrivate":false,
			"isFinal":false,
			"type":"define",
			"isAbstract":false,
			"rtType":"boolean"
		},
		"allAddedDirs()":{
			"sig":"()Ljava/util/Set;",
			"args":"()",
			"isStatic":false,
			"isProtected":false,
			"name":"allAddedDirs",
			"isPublic":true,
			"isPrivate":false,
			"isFinal":false,
			"type":"define",
			"isAbstract":false,
			"rtType":"java.util.Set"
		},
		"clear()":{
			"sig":"()V",
			"args":"()",
			"isStatic":false,
			"isProtected":false,
			"name":"clear",
			"isPublic":true,
			"isPrivate":false,
			"isFinal":false,
			"type":"define",
			"isAbstract":false,
			"rtType":"void"
		}
	},
	"isPublic":true,
	"className":"org.codehaus.plexus.archiver.zip.AddedDirs",
	"interNames":{},
	"isFinal":false,
	"isPrivate":false,
	"isAbstract":false,
	"isInterface":false,
	"superClassName":"java.lang.Object"
}