{
	"isProtected":false,
	"finishedSearch":false,
	"methods":{
		"getSource()":{
			"sig":"()Lorg/codehaus/plexus/components/io/resources/PlexusIoResource;",
			"args":"()",
			"isStatic":false,
			"isProtected":false,
			"name":"getSource",
			"isPublic":true,
			"isPrivate":false,
			"isFinal":false,
			"type":"define",
			"isAbstract":false,
			"rtType":"org.codehaus.plexus.components.io.resources.PlexusIoResource"
		},
		"<init>()":{
			"sig":"()V",
			"args":"()",
			"isStatic":false,
			"isProtected":false,
			"name":"<init>",
			"isPublic":true,
			"isPrivate":false,
			"isFinal":false,
			"type":"define",
			"isAbstract":false,
			"rtType":"void"
		},
		"setSource(org.codehaus.plexus.components.io.resources.PlexusIoResource)":{
			"sig":"(Lorg/codehaus/plexus/components/io/resources/PlexusIoResource;)V",
			"args":"(org.codehaus.plexus.components.io.resources.PlexusIoResource)",
			"isStatic":false,
			"isProtected":false,
			"name":"setSource",
			"isPublic":true,
			"isPrivate":false,
			"isFinal":false,
			"type":"define",
			"isAbstract":false,
			"rtType":"void"
		},
		"compress(org.codehaus.plexus.components.io.resources.PlexusIoResource,java.io.OutputStream)":{
			"sig":"(Lorg/codehaus/plexus/components/io/resources/PlexusIoResource;Ljava/io/OutputStream;)V",
			"args":"(org.codehaus.plexus.components.io.resources.PlexusIoResource,java.io.OutputStream)",
			"isStatic":false,
			"isProtected":true,
			"name":"compress",
			"isPublic":false,
			"isPrivate":false,
			"isFinal":false,
			"type":"define",
			"isAbstract":false,
			"rtType":"void"
		},
		"compress()":{
			"sig":"()V",
			"args":"()",
			"isStatic":false,
			"isProtected":false,
			"name":"compress",
			"isPublic":true,
			"isPrivate":false,
			"isFinal":false,
			"type":"define",
			"isAbstract":true,
			"rtType":"void"
		},
		"compressFile(java.io.InputStream,java.io.OutputStream)":{
			"sig":"(Ljava/io/InputStream;Ljava/io/OutputStream;)V",
			"args":"(java.io.InputStream,java.io.OutputStream)",
			"isStatic":false,
			"isProtected":false,
			"name":"compressFile",
			"isPublic":false,
			"isPrivate":true,
			"isFinal":false,
			"type":"define",
			"isAbstract":false,
			"rtType":"void"
		},
		"setDestFile(java.io.File)":{
			"sig":"(Ljava/io/File;)V",
			"args":"(java.io.File)",
			"isStatic":false,
			"isProtected":false,
			"name":"setDestFile",
			"isPublic":true,
			"isPrivate":false,
			"isFinal":false,
			"type":"define",
			"isAbstract":false,
			"rtType":"void"
		},
		"getDestFile()":{
			"sig":"()Ljava/io/File;",
			"args":"()",
			"isStatic":false,
			"isProtected":false,
			"name":"getDestFile",
			"isPublic":true,
			"isPrivate":false,
			"isFinal":false,
			"type":"define",
			"isAbstract":false,
			"rtType":"java.io.File"
		},
		"close()":{
			"sig":"()V",
			"args":"()",
			"isStatic":false,
			"isProtected":false,
			"name":"close",
			"isPublic":true,
			"isPrivate":false,
			"isFinal":false,
			"type":"define",
			"isAbstract":true,
			"rtType":"void"
		}
	},
	"isPublic":true,
	"className":"org.codehaus.plexus.archiver.util.Compressor",
	"interNames":{},
	"isFinal":false,
	"isPrivate":false,
	"isAbstract":true,
	"isInterface":false,
	"superClassName":"org.codehaus.plexus.logging.AbstractLogEnabled"
}