{
	"isProtected":false,
	"finishedSearch":false,
	"methods":{
		"getSymlinkDestination()":{
			"sig":"()Ljava/lang/String;",
			"args":"()",
			"isStatic":false,
			"isProtected":false,
			"name":"getSymlinkDestination",
			"isPublic":true,
			"isPrivate":false,
			"isFinal":false,
			"type":"define",
			"isAbstract":false,
			"rtType":"java.lang.String"
		},
		"<init>(org.codehaus.plexus.archiver.zip.PlexusIoZipFileResourceCollection$ZipFileResourceIterator,org.apache.commons.compress.archivers.zip.ZipArchiveEntry,org.codehaus.plexus.archiver.zip.PlexusIoZipFileResourceCollection$1)":{
			"sig":"(Lorg/codehaus/plexus/archiver/zip/PlexusIoZipFileResourceCollection$ZipFileResourceIterator;Lorg/apache/commons/compress/archivers/zip/ZipArchiveEntry;Lorg/codehaus/plexus/archiver/zip/PlexusIoZipFileResourceCollection$1;)V",
			"args":"(org.codehaus.plexus.archiver.zip.PlexusIoZipFileResourceCollection$ZipFileResourceIterator,org.apache.commons.compress.archivers.zip.ZipArchiveEntry,org.codehaus.plexus.archiver.zip.PlexusIoZipFileResourceCollection$1)",
			"isStatic":false,
			"isProtected":false,
			"name":"<init>",
			"isPublic":false,
			"isPrivate":false,
			"isFinal":false,
			"type":"define",
			"isAbstract":false,
			"rtType":"void"
		},
		"isSymbolicLink()":{
			"sig":"()Z",
			"args":"()",
			"isStatic":false,
			"isProtected":false,
			"name":"isSymbolicLink",
			"isPublic":true,
			"isPrivate":false,
			"isFinal":false,
			"type":"define",
			"isAbstract":false,
			"rtType":"boolean"
		},
		"<init>(org.codehaus.plexus.archiver.zip.PlexusIoZipFileResourceCollection$ZipFileResourceIterator,org.apache.commons.compress.archivers.zip.ZipArchiveEntry)":{
			"sig":"(Lorg/codehaus/plexus/archiver/zip/PlexusIoZipFileResourceCollection$ZipFileResourceIterator;Lorg/apache/commons/compress/archivers/zip/ZipArchiveEntry;)V",
			"args":"(org.codehaus.plexus.archiver.zip.PlexusIoZipFileResourceCollection$ZipFileResourceIterator,org.apache.commons.compress.archivers.zip.ZipArchiveEntry)",
			"isStatic":false,
			"isProtected":false,
			"name":"<init>",
			"isPublic":false,
			"isPrivate":true,
			"isFinal":false,
			"type":"define",
			"isAbstract":false,
			"rtType":"void"
		}
	},
	"isPublic":false,
	"className":"org.codehaus.plexus.archiver.zip.PlexusIoZipFileResourceCollection$ZipFileResourceIterator$ZipFileSymlinkResource",
	"interNames":{
		"org.codehaus.plexus.components.io.functions.SymlinkDestinationSupplier":"true"
	},
	"isFinal":false,
	"isPrivate":false,
	"isAbstract":false,
	"isInterface":false,
	"superClassName":"org.codehaus.plexus.archiver.zip.PlexusIoZipFileResourceCollection$ZipFileResourceIterator$ZipFileResource"
}