{
	"isProtected":false,
	"finishedSearch":false,
	"methods":{
		"getInputStream(org.apache.commons.compress.archivers.ArchiveEntry)":{
			"sig":"(Lorg/apache/commons/compress/archivers/ArchiveEntry;)Ljava/io/InputStream;",
			"args":"(org.apache.commons.compress.archivers.ArchiveEntry)",
			"isStatic":false,
			"isProtected":false,
			"name":"getInputStream",
			"isPublic":true,
			"isPrivate":false,
			"isFinal":false,
			"type":"define",
			"isAbstract":true,
			"rtType":"java.io.InputStream"
		},
		"getEntries()":{
			"sig":"()Ljava/util/Enumeration;",
			"args":"()",
			"isStatic":false,
			"isProtected":false,
			"name":"getEntries",
			"isPublic":true,
			"isPrivate":false,
			"isFinal":false,
			"type":"define",
			"isAbstract":true,
			"rtType":"java.util.Enumeration"
		}
	},
	"isPublic":true,
	"className":"org.codehaus.plexus.archiver.ArchiveFile",
	"interNames":{},
	"isFinal":false,
	"isPrivate":false,
	"isAbstract":true,
	"isInterface":true,
	"superClassName":"java.lang.Object"
}