{
	"isProtected":false,
	"finishedSearch":false,
	"methods":{
		"<init>(org.codehaus.plexus.archiver.zip.ConcurrentJarCreator,int,byte[],java.io.InputStream)":{
			"sig":"(Lorg/codehaus/plexus/archiver/zip/ConcurrentJarCreator;I[BLjava/io/InputStream;)V",
			"args":"(org.codehaus.plexus.archiver.zip.ConcurrentJarCreator,int,byte[],java.io.InputStream)",
			"isStatic":false,
			"isProtected":false,
			"name":"<init>",
			"isPublic":false,
			"isPrivate":false,
			"isFinal":false,
			"type":"define",
			"isAbstract":false,
			"rtType":"void"
		},
		"get()":{
			"sig":"()Ljava/io/InputStream;",
			"args":"()",
			"isStatic":false,
			"isProtected":false,
			"name":"get",
			"isPublic":true,
			"isPrivate":false,
			"isFinal":false,
			"type":"define",
			"isAbstract":false,
			"rtType":"java.io.InputStream"
		}
	},
	"isPublic":false,
	"className":"org.codehaus.plexus.archiver.zip.ConcurrentJarCreator$3",
	"interNames":{
		"org.apache.commons.compress.parallel.InputStreamSupplier":"true"
	},
	"isFinal":false,
	"isPrivate":false,
	"isAbstract":false,
	"isInterface":false,
	"superClassName":"java.lang.Object"
}