{
	"isProtected":false,
	"finishedSearch":false,
	"methods":{
		"getSymlinkDestination()":{
			"sig":"()Ljava/lang/String;",
			"args":"()",
			"isStatic":false,
			"isProtected":false,
			"name":"getSymlinkDestination",
			"isPublic":true,
			"isPrivate":false,
			"isFinal":false,
			"type":"define",
			"isAbstract":false,
			"rtType":"java.lang.String"
		},
		"isSymbolicLink()":{
			"sig":"()Z",
			"args":"()",
			"isStatic":false,
			"isProtected":false,
			"name":"isSymbolicLink",
			"isPublic":true,
			"isPrivate":false,
			"isFinal":false,
			"type":"define",
			"isAbstract":false,
			"rtType":"boolean"
		},
		"<init>(org.apache.commons.compress.archivers.zip.ZipFile,org.apache.commons.compress.archivers.zip.ZipArchiveEntry,org.codehaus.plexus.components.io.functions.InputStreamTransformer)":{
			"sig":"(Lorg/apache/commons/compress/archivers/zip/ZipFile;Lorg/apache/commons/compress/archivers/zip/ZipArchiveEntry;Lorg/codehaus/plexus/components/io/functions/InputStreamTransformer;)V",
			"args":"(org.apache.commons.compress.archivers.zip.ZipFile,org.apache.commons.compress.archivers.zip.ZipArchiveEntry,org.codehaus.plexus.components.io.functions.InputStreamTransformer)",
			"isStatic":false,
			"isProtected":false,
			"name":"<init>",
			"isPublic":true,
			"isPrivate":false,
			"isFinal":false,
			"type":"define",
			"isAbstract":false,
			"rtType":"void"
		}
	},
	"isPublic":true,
	"className":"org.codehaus.plexus.archiver.zip.ZipSymlinkResource",
	"interNames":{
		"org.codehaus.plexus.components.io.functions.SymlinkDestinationSupplier":"true"
	},
	"isFinal":false,
	"isPrivate":false,
	"isAbstract":false,
	"isInterface":false,
	"superClassName":"org.codehaus.plexus.archiver.zip.ZipResource"
}