{
	"isProtected":false,
	"finishedSearch":false,
	"methods":{
		"<init>(java.io.File)":{
			"sig":"(Ljava/io/File;)V",
			"args":"(java.io.File)",
			"isStatic":false,
			"isProtected":false,
			"name":"<init>",
			"isPublic":true,
			"isPrivate":false,
			"isFinal":false,
			"type":"define",
			"isAbstract":false,
			"rtType":"void"
		},
		"getInputStream(java.io.File)":{
			"sig":"(Ljava/io/File;)Ljava/io/InputStream;",
			"args":"(java.io.File)",
			"isStatic":false,
			"isProtected":true,
			"name":"getInputStream",
			"isPublic":false,
			"isPrivate":false,
			"isFinal":false,
			"type":"define",
			"isAbstract":false,
			"rtType":"java.io.InputStream"
		}
	},
	"isPublic":true,
	"className":"org.codehaus.plexus.archiver.tar.BZip2TarFile",
	"interNames":{},
	"isFinal":false,
	"isPrivate":false,
	"isAbstract":false,
	"isInterface":false,
	"superClassName":"org.codehaus.plexus.archiver.tar.TarFile"
}