{
	"isProtected":false,
	"finishedSearch":false,
	"methods":{
		"setIgnorePermissions(boolean)":{
			"sig":"(Z)V",
			"args":"(boolean)",
			"isStatic":false,
			"isProtected":false,
			"name":"setIgnorePermissions",
			"isPublic":true,
			"isPrivate":false,
			"isFinal":false,
			"type":"define",
			"isAbstract":true,
			"rtType":"void"
		},
		"setOverwrite(boolean)":{
			"sig":"(Z)V",
			"args":"(boolean)",
			"isStatic":false,
			"isProtected":false,
			"name":"setOverwrite",
			"isPublic":true,
			"isPrivate":false,
			"isFinal":false,
			"type":"define",
			"isAbstract":true,
			"rtType":"void"
		},
		"getSourceFile()":{
			"sig":"()Ljava/io/File;",
			"args":"()",
			"isStatic":false,
			"isProtected":false,
			"name":"getSourceFile",
			"isPublic":true,
			"isPrivate":false,
			"isFinal":false,
			"type":"define",
			"isAbstract":true,
			"rtType":"java.io.File"
		},
		"setFileSelectors(org.codehaus.plexus.components.io.fileselectors.FileSelector[])":{
			"sig":"([Lorg/codehaus/plexus/components/io/fileselectors/FileSelector;)V",
			"args":"(org.codehaus.plexus.components.io.fileselectors.FileSelector[])",
			"isStatic":false,
			"isProtected":false,
			"name":"setFileSelectors",
			"isPublic":true,
			"isPrivate":false,
			"isFinal":false,
			"type":"define",
			"isAbstract":true,
			"rtType":"void"
		},
		"isUseJvmChmod()":{
			"sig":"()Z",
			"args":"()",
			"isStatic":false,
			"isProtected":false,
			"name":"isUseJvmChmod",
			"isPublic":true,
			"isPrivate":false,
			"isFinal":false,
			"type":"define",
			"isAbstract":true,
			"rtType":"boolean"
		},
		"getFileSelectors()":{
			"sig":"()[Lorg/codehaus/plexus/components/io/fileselectors/FileSelector;",
			"args":"()",
			"isStatic":false,
			"isProtected":false,
			"name":"getFileSelectors",
			"isPublic":true,
			"isPrivate":false,
			"isFinal":false,
			"type":"define",
			"isAbstract":true,
			"rtType":"org.codehaus.plexus.components.io.fileselectors.FileSelector[]"
		},
		"<clinit>()":{
			"sig":"()V",
			"args":"()",
			"isStatic":true,
			"isProtected":false,
			"name":"<clinit>",
			"isPublic":false,
			"isPrivate":false,
			"isFinal":false,
			"type":"define",
			"isAbstract":false,
			"rtType":"void"
		},
		"isOverwrite()":{
			"sig":"()Z",
			"args":"()",
			"isStatic":false,
			"isProtected":false,
			"name":"isOverwrite",
			"isPublic":true,
			"isPrivate":false,
			"isFinal":false,
			"type":"define",
			"isAbstract":true,
			"rtType":"boolean"
		},
		"getDestFile()":{
			"sig":"()Ljava/io/File;",
			"args":"()",
			"isStatic":false,
			"isProtected":false,
			"name":"getDestFile",
			"isPublic":true,
			"isPrivate":false,
			"isFinal":false,
			"type":"define",
			"isAbstract":true,
			"rtType":"java.io.File"
		},
		"extract()":{
			"sig":"()V",
			"args":"()",
			"isStatic":false,
			"isProtected":false,
			"name":"extract",
			"isPublic":true,
			"isPrivate":false,
			"isFinal":false,
			"type":"define",
			"isAbstract":true,
			"rtType":"void"
		},
		"setDestDirectory(java.io.File)":{
			"sig":"(Ljava/io/File;)V",
			"args":"(java.io.File)",
			"isStatic":false,
			"isProtected":false,
			"name":"setDestDirectory",
			"isPublic":true,
			"isPrivate":false,
			"isFinal":false,
			"type":"define",
			"isAbstract":true,
			"rtType":"void"
		},
		"getDestDirectory()":{
			"sig":"()Ljava/io/File;",
			"args":"()",
			"isStatic":false,
			"isProtected":false,
			"name":"getDestDirectory",
			"isPublic":true,
			"isPrivate":false,
			"isFinal":false,
			"type":"define",
			"isAbstract":true,
			"rtType":"java.io.File"
		},
		"isIgnorePermissions()":{
			"sig":"()Z",
			"args":"()",
			"isStatic":false,
			"isProtected":false,
			"name":"isIgnorePermissions",
			"isPublic":true,
			"isPrivate":false,
			"isFinal":false,
			"type":"define",
			"isAbstract":true,
			"rtType":"boolean"
		},
		"setDestFile(java.io.File)":{
			"sig":"(Ljava/io/File;)V",
			"args":"(java.io.File)",
			"isStatic":false,
			"isProtected":false,
			"name":"setDestFile",
			"isPublic":true,
			"isPrivate":false,
			"isFinal":false,
			"type":"define",
			"isAbstract":true,
			"rtType":"void"
		},
		"setSourceFile(java.io.File)":{
			"sig":"(Ljava/io/File;)V",
			"args":"(java.io.File)",
			"isStatic":false,
			"isProtected":false,
			"name":"setSourceFile",
			"isPublic":true,
			"isPrivate":false,
			"isFinal":false,
			"type":"define",
			"isAbstract":true,
			"rtType":"void"
		},
		"extract(java.lang.String,java.io.File)":{
			"sig":"(Ljava/lang/String;Ljava/io/File;)V",
			"args":"(java.lang.String,java.io.File)",
			"isStatic":false,
			"isProtected":false,
			"name":"extract",
			"isPublic":true,
			"isPrivate":false,
			"isFinal":false,
			"type":"define",
			"isAbstract":true,
			"rtType":"void"
		},
		"setUseJvmChmod(boolean)":{
			"sig":"(Z)V",
			"args":"(boolean)",
			"isStatic":false,
			"isProtected":false,
			"name":"setUseJvmChmod",
			"isPublic":true,
			"isPrivate":false,
			"isFinal":false,
			"type":"define",
			"isAbstract":true,
			"rtType":"void"
		}
	},
	"isPublic":true,
	"className":"org.codehaus.plexus.archiver.UnArchiver",
	"interNames":{},
	"isFinal":false,
	"isPrivate":false,
	"isAbstract":true,
	"isInterface":true,
	"superClassName":"java.lang.Object"
}