{
	"isProtected":false,
	"finishedSearch":false,
	"methods":{
		"getArchiver(java.lang.String)":{
			"sig":"(Ljava/lang/String;)Lorg/codehaus/plexus/archiver/Archiver;",
			"args":"(java.lang.String)",
			"isStatic":false,
			"isProtected":false,
			"name":"getArchiver",
			"isPublic":true,
			"isPrivate":false,
			"isFinal":false,
			"type":"define",
			"isAbstract":true,
			"rtType":"org.codehaus.plexus.archiver.Archiver"
		},
		"getResourceCollection(java.lang.String)":{
			"sig":"(Ljava/lang/String;)Lorg/codehaus/plexus/components/io/resources/PlexusIoResourceCollection;",
			"args":"(java.lang.String)",
			"isStatic":false,
			"isProtected":false,
			"name":"getResourceCollection",
			"isPublic":true,
			"isPrivate":false,
			"isFinal":false,
			"type":"define",
			"isAbstract":true,
			"rtType":"org.codehaus.plexus.components.io.resources.PlexusIoResourceCollection"
		},
		"getResourceCollection(java.io.File)":{
			"sig":"(Ljava/io/File;)Lorg/codehaus/plexus/components/io/resources/PlexusIoResourceCollection;",
			"args":"(java.io.File)",
			"isStatic":false,
			"isProtected":false,
			"name":"getResourceCollection",
			"isPublic":true,
			"isPrivate":false,
			"isFinal":false,
			"type":"define",
			"isAbstract":true,
			"rtType":"org.codehaus.plexus.components.io.resources.PlexusIoResourceCollection"
		},
		"<clinit>()":{
			"sig":"()V",
			"args":"()",
			"isStatic":true,
			"isProtected":false,
			"name":"<clinit>",
			"isPublic":false,
			"isPrivate":false,
			"isFinal":false,
			"type":"define",
			"isAbstract":false,
			"rtType":"void"
		},
		"getUnArchiver(java.io.File)":{
			"sig":"(Ljava/io/File;)Lorg/codehaus/plexus/archiver/UnArchiver;",
			"args":"(java.io.File)",
			"isStatic":false,
			"isProtected":false,
			"name":"getUnArchiver",
			"isPublic":true,
			"isPrivate":false,
			"isFinal":false,
			"type":"define",
			"isAbstract":true,
			"rtType":"org.codehaus.plexus.archiver.UnArchiver"
		},
		"getUnArchiver(java.lang.String)":{
			"sig":"(Ljava/lang/String;)Lorg/codehaus/plexus/archiver/UnArchiver;",
			"args":"(java.lang.String)",
			"isStatic":false,
			"isProtected":false,
			"name":"getUnArchiver",
			"isPublic":true,
			"isPrivate":false,
			"isFinal":false,
			"type":"define",
			"isAbstract":true,
			"rtType":"org.codehaus.plexus.archiver.UnArchiver"
		},
		"getArchiver(java.io.File)":{
			"sig":"(Ljava/io/File;)Lorg/codehaus/plexus/archiver/Archiver;",
			"args":"(java.io.File)",
			"isStatic":false,
			"isProtected":false,
			"name":"getArchiver",
			"isPublic":true,
			"isPrivate":false,
			"isFinal":false,
			"type":"define",
			"isAbstract":true,
			"rtType":"org.codehaus.plexus.archiver.Archiver"
		}
	},
	"isPublic":true,
	"className":"org.codehaus.plexus.archiver.manager.ArchiverManager",
	"interNames":{},
	"isFinal":false,
	"isPrivate":false,
	"isAbstract":true,
	"isInterface":true,
	"superClassName":"java.lang.Object"
}