{
	"isProtected":false,
	"finishedSearch":false,
	"methods":{
		"<init>(org.codehaus.plexus.archiver.diags.TrackingArchiver,java.lang.Object,java.lang.String,java.lang.String[],java.lang.String[],int)":{
			"sig":"(Lorg/codehaus/plexus/archiver/diags/TrackingArchiver;Ljava/lang/Object;Ljava/lang/String;[Ljava/lang/String;[Ljava/lang/String;I)V",
			"args":"(org.codehaus.plexus.archiver.diags.TrackingArchiver,java.lang.Object,java.lang.String,java.lang.String[],java.lang.String[],int)",
			"isStatic":false,
			"isProtected":false,
			"name":"<init>",
			"isPublic":true,
			"isPrivate":false,
			"isFinal":false,
			"type":"define",
			"isAbstract":false,
			"rtType":"void"
		},
		"toString()":{
			"sig":"()Ljava/lang/String;",
			"args":"()",
			"isStatic":false,
			"isProtected":false,
			"name":"toString",
			"isPublic":true,
			"isPrivate":false,
			"isFinal":false,
			"type":"define",
			"isAbstract":false,
			"rtType":"java.lang.String"
		}
	},
	"isPublic":true,
	"className":"org.codehaus.plexus.archiver.diags.TrackingArchiver$Addition",
	"interNames":{},
	"isFinal":false,
	"isPrivate":false,
	"isAbstract":false,
	"isInterface":false,
	"superClassName":"java.lang.Object"
}