{
	"isProtected":false,
	"finishedSearch":false,
	"methods":{
		"setEncoding(java.nio.charset.Charset)":{
			"sig":"(Ljava/nio/charset/Charset;)V",
			"args":"(java.nio.charset.Charset)",
			"isStatic":false,
			"isProtected":false,
			"name":"setEncoding",
			"isPublic":true,
			"isPrivate":false,
			"isFinal":false,
			"type":"define",
			"isAbstract":false,
			"rtType":"void"
		},
		"<init>()":{
			"sig":"()V",
			"args":"()",
			"isStatic":false,
			"isProtected":false,
			"name":"<init>",
			"isPublic":true,
			"isPrivate":false,
			"isFinal":false,
			"type":"define",
			"isAbstract":false,
			"rtType":"void"
		},
		"isConcurrentAccessSupported()":{
			"sig":"()Z",
			"args":"()",
			"isStatic":false,
			"isProtected":false,
			"name":"isConcurrentAccessSupported",
			"isPublic":true,
			"isPrivate":false,
			"isFinal":false,
			"type":"define",
			"isAbstract":false,
			"rtType":"boolean"
		},
		"getEntries()":{
			"sig":"()Ljava/util/Iterator;",
			"args":"()",
			"isStatic":false,
			"isProtected":true,
			"name":"getEntries",
			"isPublic":false,
			"isPrivate":false,
			"isFinal":false,
			"type":"define",
			"isAbstract":false,
			"rtType":"java.util.Iterator"
		}
	},
	"isPublic":true,
	"className":"org.codehaus.plexus.archiver.zip.PlexusIoZipFileResourceCollection",
	"interNames":{
		"org.codehaus.plexus.components.io.resources.EncodingSupported":"true"
	},
	"isFinal":false,
	"isPrivate":false,
	"isAbstract":false,
	"isInterface":false,
	"superClassName":"org.codehaus.plexus.components.io.resources.AbstractPlexusIoArchiveResourceCollection"
}