{
	"isProtected":false,
	"finishedSearch":false,
	"methods":{
		"getMainSection()":{
			"sig":"()Lorg/codehaus/plexus/archiver/jar/Manifest$ExistingSection;",
			"args":"()",
			"isStatic":false,
			"isProtected":false,
			"name":"getMainSection",
			"isPublic":true,
			"isPrivate":false,
			"isFinal":false,
			"type":"define",
			"isAbstract":false,
			"rtType":"org.codehaus.plexus.archiver.jar.Manifest$ExistingSection"
		},
		"getSection(java.lang.String)":{
			"sig":"(Ljava/lang/String;)Lorg/codehaus/plexus/archiver/jar/Manifest$ExistingSection;",
			"args":"(java.lang.String)",
			"isStatic":false,
			"isProtected":false,
			"name":"getSection",
			"isPublic":true,
			"isPrivate":false,
			"isFinal":false,
			"type":"define",
			"isAbstract":false,
			"rtType":"org.codehaus.plexus.archiver.jar.Manifest$ExistingSection"
		},
		"toString()":{
			"sig":"()Ljava/lang/String;",
			"args":"()",
			"isStatic":false,
			"isProtected":false,
			"name":"toString",
			"isPublic":true,
			"isPrivate":false,
			"isFinal":false,
			"type":"define",
			"isAbstract":false,
			"rtType":"java.lang.String"
		},
		"getInputStream(java.io.Reader)":{
			"sig":"(Ljava/io/Reader;)Ljava/io/InputStream;",
			"args":"(java.io.Reader)",
			"isStatic":true,
			"isProtected":false,
			"name":"getInputStream",
			"isPublic":false,
			"isPrivate":true,
			"isFinal":false,
			"type":"define",
			"isAbstract":false,
			"rtType":"java.io.InputStream"
		},
		"getOrCreateAttributes(java.lang.String)":{
			"sig":"(Ljava/lang/String;)Ljava/util/jar/Attributes;",
			"args":"(java.lang.String)",
			"isStatic":false,
			"isProtected":false,
			"name":"getOrCreateAttributes",
			"isPublic":false,
			"isPrivate":true,
			"isFinal":false,
			"type":"define",
			"isAbstract":false,
			"rtType":"java.util.jar.Attributes"
		},
		"getKeys(java.util.jar.Attributes)":{
			"sig":"(Ljava/util/jar/Attributes;)Ljava/util/Collection;",
			"args":"(java.util.jar.Attributes)",
			"isStatic":true,
			"isProtected":false,
			"name":"getKeys",
			"isPublic":false,
			"isPrivate":true,
			"isFinal":false,
			"type":"define",
			"isAbstract":false,
			"rtType":"java.util.Collection"
		},
		"setManifestVersion()":{
			"sig":"()V",
			"args":"()",
			"isStatic":false,
			"isProtected":false,
			"name":"setManifestVersion",
			"isPublic":false,
			"isPrivate":true,
			"isFinal":false,
			"type":"define",
			"isAbstract":false,
			"rtType":"void"
		},
		"addConfiguredAttribute(org.codehaus.plexus.archiver.jar.Manifest$Attribute)":{
			"sig":"(Lorg/codehaus/plexus/archiver/jar/Manifest$Attribute;)V",
			"args":"(org.codehaus.plexus.archiver.jar.Manifest$Attribute)",
			"isStatic":false,
			"isProtected":false,
			"name":"addConfiguredAttribute",
			"isPublic":true,
			"isPrivate":false,
			"isFinal":false,
			"type":"define",
			"isAbstract":false,
			"rtType":"void"
		},
		"<init>(java.io.Reader)":{
			"sig":"(Ljava/io/Reader;)V",
			"args":"(java.io.Reader)",
			"isStatic":false,
			"isProtected":false,
			"name":"<init>",
			"isPublic":true,
			"isPrivate":false,
			"isFinal":false,
			"type":"define",
			"isAbstract":false,
			"rtType":"void"
		},
		"addConfiguredSection(org.codehaus.plexus.archiver.jar.Manifest$Section)":{
			"sig":"(Lorg/codehaus/plexus/archiver/jar/Manifest$Section;)V",
			"args":"(org.codehaus.plexus.archiver.jar.Manifest$Section)",
			"isStatic":false,
			"isProtected":false,
			"name":"addConfiguredSection",
			"isPublic":true,
			"isPrivate":false,
			"isFinal":false,
			"type":"define",
			"isAbstract":false,
			"rtType":"void"
		},
		"iterator()":{
			"sig":"()Ljava/util/Iterator;",
			"args":"()",
			"isStatic":false,
			"isProtected":false,
			"name":"iterator",
			"isPublic":true,
			"isPrivate":false,
			"isFinal":false,
			"type":"define",
			"isAbstract":false,
			"rtType":"java.util.Iterator"
		},
		"<init>()":{
			"sig":"()V",
			"args":"()",
			"isStatic":false,
			"isProtected":false,
			"name":"<init>",
			"isPublic":true,
			"isPrivate":false,
			"isFinal":false,
			"type":"define",
			"isAbstract":false,
			"rtType":"void"
		},
		"getDefaultManifest()":{
			"sig":"()Lorg/codehaus/plexus/archiver/jar/Manifest;",
			"args":"()",
			"isStatic":true,
			"isProtected":false,
			"name":"getDefaultManifest",
			"isPublic":true,
			"isPrivate":false,
			"isFinal":false,
			"type":"define",
			"isAbstract":false,
			"rtType":"org.codehaus.plexus.archiver.jar.Manifest"
		},
		"getManifestVersion()":{
			"sig":"()Ljava/lang/String;",
			"args":"()",
			"isStatic":false,
			"isProtected":false,
			"name":"getManifestVersion",
			"isPublic":true,
			"isPrivate":false,
			"isFinal":false,
			"type":"define",
			"isAbstract":false,
			"rtType":"java.lang.String"
		},
		"remap(java.util.jar.Attributes,org.codehaus.plexus.archiver.jar.Manifest$Attribute)":{
			"sig":"(Ljava/util/jar/Attributes;Lorg/codehaus/plexus/archiver/jar/Manifest$Attribute;)Ljava/lang/String;",
			"args":"(java.util.jar.Attributes,org.codehaus.plexus.archiver.jar.Manifest$Attribute)",
			"isStatic":true,
			"isProtected":false,
			"name":"remap",
			"isPublic":true,
			"isPrivate":false,
			"isFinal":false,
			"type":"define",
			"isAbstract":false,
			"rtType":"java.lang.String"
		},
		"access$000(java.util.jar.Attributes)":{
			"sig":"(Ljava/util/jar/Attributes;)Ljava/util/Collection;",
			"args":"(java.util.jar.Attributes)",
			"isStatic":true,
			"isProtected":false,
			"name":"access$000",
			"isPublic":false,
			"isPrivate":false,
			"isFinal":false,
			"type":"define",
			"isAbstract":false,
			"rtType":"java.util.Collection"
		},
		"write(java.io.Writer)":{
			"sig":"(Ljava/io/Writer;)V",
			"args":"(java.io.Writer)",
			"isStatic":false,
			"isProtected":false,
			"name":"write",
			"isPublic":true,
			"isPrivate":false,
			"isFinal":false,
			"type":"define",
			"isAbstract":false,
			"rtType":"void"
		},
		"<init>(java.io.InputStream)":{
			"sig":"(Ljava/io/InputStream;)V",
			"args":"(java.io.InputStream)",
			"isStatic":false,
			"isProtected":false,
			"name":"<init>",
			"isPublic":true,
			"isPrivate":false,
			"isFinal":false,
			"type":"define",
			"isAbstract":false,
			"rtType":"void"
		},
		"getWarnings()":{
			"sig":"()Ljava/util/Enumeration;",
			"args":"()",
			"isStatic":false,
			"isProtected":false,
			"name":"getWarnings",
			"isPublic":false,
			"isPrivate":false,
			"isFinal":false,
			"type":"define",
			"isAbstract":false,
			"rtType":"java.util.Enumeration"
		}
	},
	"isPublic":true,
	"className":"org.codehaus.plexus.archiver.jar.Manifest",
	"interNames":{
		"java.lang.Iterable":"true"
	},
	"isFinal":false,
	"isPrivate":false,
	"isAbstract":false,
	"isInterface":false,
	"superClassName":"java.util.jar.Manifest"
}