{
	"isProtected":false,
	"finishedSearch":false,
	"methods":{
		"<init>()":{
			"sig":"()V",
			"args":"()",
			"isStatic":false,
			"isProtected":false,
			"name":"<init>",
			"isPublic":false,
			"isPrivate":false,
			"isFinal":false,
			"type":"define",
			"isAbstract":false,
			"rtType":"void"
		},
		"getDefaultManifest()":{
			"sig":"()Ljava/util/jar/Manifest;",
			"args":"()",
			"isStatic":true,
			"isProtected":false,
			"name":"getDefaultManifest",
			"isPublic":true,
			"isPrivate":false,
			"isFinal":false,
			"type":"define",
			"isAbstract":false,
			"rtType":"java.util.jar.Manifest"
		},
		"merge(java.util.jar.Manifest,java.util.jar.Manifest,boolean)":{
			"sig":"(Ljava/util/jar/Manifest;Ljava/util/jar/Manifest;Z)V",
			"args":"(java.util.jar.Manifest,java.util.jar.Manifest,boolean)",
			"isStatic":true,
			"isProtected":false,
			"name":"merge",
			"isPublic":true,
			"isPrivate":false,
			"isFinal":false,
			"type":"define",
			"isAbstract":false,
			"rtType":"void"
		},
		"mergeAttributes(java.util.jar.Attributes,java.util.jar.Attributes)":{
			"sig":"(Ljava/util/jar/Attributes;Ljava/util/jar/Attributes;)V",
			"args":"(java.util.jar.Attributes,java.util.jar.Attributes)",
			"isStatic":true,
			"isProtected":false,
			"name":"mergeAttributes",
			"isPublic":true,
			"isPrivate":false,
			"isFinal":false,
			"type":"define",
			"isAbstract":false,
			"rtType":"void"
		},
		"getArchiverVersion()":{
			"sig":"()Ljava/lang/String;",
			"args":"()",
			"isStatic":true,
			"isProtected":false,
			"name":"getArchiverVersion",
			"isPublic":false,
			"isPrivate":false,
			"isFinal":false,
			"type":"define",
			"isAbstract":false,
			"rtType":"java.lang.String"
		}
	},
	"isPublic":false,
	"className":"org.codehaus.plexus.archiver.jar.JdkManifestFactory",
	"interNames":{},
	"isFinal":false,
	"isPrivate":false,
	"isAbstract":false,
	"isInterface":false,
	"superClassName":"java.lang.Object"
}