{
	"isProtected":false,
	"finishedSearch":false,
	"methods":{
		"getSymlinkDestination()":{
			"sig":"()Ljava/lang/String;",
			"args":"()",
			"isStatic":false,
			"isProtected":false,
			"name":"getSymlinkDestination",
			"isPublic":true,
			"isPrivate":false,
			"isFinal":false,
			"type":"define",
			"isAbstract":false,
			"rtType":"java.lang.String"
		},
		"isSymbolicLink()":{
			"sig":"()Z",
			"args":"()",
			"isStatic":false,
			"isProtected":false,
			"name":"isSymbolicLink",
			"isPublic":true,
			"isPrivate":false,
			"isFinal":false,
			"type":"define",
			"isAbstract":false,
			"rtType":"boolean"
		},
		"<init>(org.codehaus.plexus.archiver.tar.TarFile,org.apache.commons.compress.archivers.tar.TarArchiveEntry)":{
			"sig":"(Lorg/codehaus/plexus/archiver/tar/TarFile;Lorg/apache/commons/compress/archivers/tar/TarArchiveEntry;)V",
			"args":"(org.codehaus.plexus.archiver.tar.TarFile,org.apache.commons.compress.archivers.tar.TarArchiveEntry)",
			"isStatic":false,
			"isProtected":false,
			"name":"<init>",
			"isPublic":true,
			"isPrivate":false,
			"isFinal":false,
			"type":"define",
			"isAbstract":false,
			"rtType":"void"
		}
	},
	"isPublic":true,
	"className":"org.codehaus.plexus.archiver.tar.TarSymlinkResource",
	"interNames":{
		"org.codehaus.plexus.components.io.functions.SymlinkDestinationSupplier":"true"
	},
	"isFinal":false,
	"isPrivate":false,
	"isAbstract":false,
	"isInterface":false,
	"superClassName":"org.codehaus.plexus.archiver.tar.TarResource"
}