{
	"isProtected":false,
	"finishedSearch":false,
	"methods":{
		"<init>()":{
			"sig":"()V",
			"args":"()",
			"isStatic":false,
			"isProtected":true,
			"name":"<init>",
			"isPublic":false,
			"isPrivate":false,
			"isFinal":false,
			"type":"define",
			"isAbstract":false,
			"rtType":"void"
		},
		"finalizeArchiveCreation(org.codehaus.plexus.archiver.Archiver)":{
			"sig":"(Lorg/codehaus/plexus/archiver/Archiver;)V",
			"args":"(org.codehaus.plexus.archiver.Archiver)",
			"isStatic":false,
			"isProtected":false,
			"name":"finalizeArchiveCreation",
			"isPublic":true,
			"isPrivate":false,
			"isFinal":false,
			"type":"define",
			"isAbstract":false,
			"rtType":"void"
		},
		"finalizeArchiveExtraction(org.codehaus.plexus.archiver.UnArchiver)":{
			"sig":"(Lorg/codehaus/plexus/archiver/UnArchiver;)V",
			"args":"(org.codehaus.plexus.archiver.UnArchiver)",
			"isStatic":false,
			"isProtected":false,
			"name":"finalizeArchiveExtraction",
			"isPublic":true,
			"isPrivate":false,
			"isFinal":false,
			"type":"define",
			"isAbstract":false,
			"rtType":"void"
		}
	},
	"isPublic":true,
	"className":"org.codehaus.plexus.archiver.AbstractArchiveFinalizer",
	"interNames":{
		"org.codehaus.plexus.archiver.ArchiveFinalizer":"true"
	},
	"isFinal":false,
	"isPrivate":false,
	"isAbstract":true,
	"isInterface":false,
	"superClassName":"java.lang.Object"
}