{
	"isProtected":false,
	"finishedSearch":false,
	"methods":{
		"addArchiveFinalizer(org.codehaus.plexus.archiver.ArchiveFinalizer)":{
			"sig":"(Lorg/codehaus/plexus/archiver/ArchiveFinalizer;)V",
			"args":"(org.codehaus.plexus.archiver.ArchiveFinalizer)",
			"isStatic":false,
			"isProtected":false,
			"name":"addArchiveFinalizer",
			"isPublic":true,
			"isPrivate":false,
			"isFinal":false,
			"type":"define",
			"isAbstract":true,
			"rtType":"void"
		},
		"setArchiveFinalizers(java.util.List)":{
			"sig":"(Ljava/util/List;)V",
			"args":"(java.util.List)",
			"isStatic":false,
			"isProtected":false,
			"name":"setArchiveFinalizers",
			"isPublic":true,
			"isPrivate":false,
			"isFinal":false,
			"type":"define",
			"isAbstract":true,
			"rtType":"void"
		}
	},
	"isPublic":true,
	"className":"org.codehaus.plexus.archiver.FinalizerEnabled",
	"interNames":{},
	"isFinal":false,
	"isPrivate":false,
	"isAbstract":true,
	"isInterface":true,
	"superClassName":"java.lang.Object"
}