{
	"isProtected":false,
	"finishedSearch":false,
	"methods":{
		"getPrefix()":{
			"sig":"()Ljava/lang/String;",
			"args":"()",
			"isStatic":false,
			"isProtected":false,
			"name":"getPrefix",
			"isPublic":true,
			"isPrivate":false,
			"isFinal":false,
			"type":"define",
			"isAbstract":false,
			"rtType":"java.lang.String"
		},
		"setFileSelectors(org.codehaus.plexus.components.io.fileselectors.FileSelector[])":{
			"sig":"([Lorg/codehaus/plexus/components/io/fileselectors/FileSelector;)V",
			"args":"(org.codehaus.plexus.components.io.fileselectors.FileSelector[])",
			"isStatic":false,
			"isProtected":false,
			"name":"setFileSelectors",
			"isPublic":true,
			"isPrivate":false,
			"isFinal":false,
			"type":"define",
			"isAbstract":false,
			"rtType":"void"
		},
		"getFileSelectors()":{
			"sig":"()[Lorg/codehaus/plexus/components/io/fileselectors/FileSelector;",
			"args":"()",
			"isStatic":false,
			"isProtected":false,
			"name":"getFileSelectors",
			"isPublic":true,
			"isPrivate":false,
			"isFinal":false,
			"type":"define",
			"isAbstract":false,
			"rtType":"org.codehaus.plexus.components.io.fileselectors.FileSelector[]"
		},
		"setExcludes(java.lang.String[])":{
			"sig":"([Ljava/lang/String;)V",
			"args":"(java.lang.String[])",
			"isStatic":false,
			"isProtected":false,
			"name":"setExcludes",
			"isPublic":true,
			"isPrivate":false,
			"isFinal":false,
			"type":"define",
			"isAbstract":false,
			"rtType":"void"
		},
		"getExcludes()":{
			"sig":"()[Ljava/lang/String;",
			"args":"()",
			"isStatic":false,
			"isProtected":false,
			"name":"getExcludes",
			"isPublic":true,
			"isPrivate":false,
			"isFinal":false,
			"type":"define",
			"isAbstract":false,
			"rtType":"java.lang.String[]"
		},
		"exclude(java.lang.String[])":{
			"sig":"([Ljava/lang/String;)Lorg/codehaus/plexus/archiver/util/AbstractFileSet;",
			"args":"(java.lang.String[])",
			"isStatic":false,
			"isProtected":false,
			"name":"exclude",
			"isPublic":true,
			"isPrivate":false,
			"isFinal":false,
			"type":"define",
			"isAbstract":false,
			"rtType":"org.codehaus.plexus.archiver.util.AbstractFileSet"
		},
		"getStreamTransformer()":{
			"sig":"()Lorg/codehaus/plexus/components/io/functions/InputStreamTransformer;",
			"args":"()",
			"isStatic":false,
			"isProtected":false,
			"name":"getStreamTransformer",
			"isPublic":true,
			"isPrivate":false,
			"isFinal":false,
			"type":"define",
			"isAbstract":false,
			"rtType":"org.codehaus.plexus.components.io.functions.InputStreamTransformer"
		},
		"setIncludes(java.lang.String[])":{
			"sig":"([Ljava/lang/String;)V",
			"args":"(java.lang.String[])",
			"isStatic":false,
			"isProtected":false,
			"name":"setIncludes",
			"isPublic":true,
			"isPrivate":false,
			"isFinal":false,
			"type":"define",
			"isAbstract":false,
			"rtType":"void"
		},
		"setUsingDefaultExcludes(boolean)":{
			"sig":"(Z)V",
			"args":"(boolean)",
			"isStatic":false,
			"isProtected":false,
			"name":"setUsingDefaultExcludes",
			"isPublic":true,
			"isPrivate":false,
			"isFinal":false,
			"type":"define",
			"isAbstract":false,
			"rtType":"void"
		},
		"setCaseSensitive(boolean)":{
			"sig":"(Z)V",
			"args":"(boolean)",
			"isStatic":false,
			"isProtected":false,
			"name":"setCaseSensitive",
			"isPublic":true,
			"isPrivate":false,
			"isFinal":false,
			"type":"define",
			"isAbstract":false,
			"rtType":"void"
		},
		"prefixed(java.lang.String)":{
			"sig":"(Ljava/lang/String;)Lorg/codehaus/plexus/archiver/util/AbstractFileSet;",
			"args":"(java.lang.String)",
			"isStatic":false,
			"isProtected":false,
			"name":"prefixed",
			"isPublic":true,
			"isPrivate":false,
			"isFinal":false,
			"type":"define",
			"isAbstract":false,
			"rtType":"org.codehaus.plexus.archiver.util.AbstractFileSet"
		},
		"<init>()":{
			"sig":"()V",
			"args":"()",
			"isStatic":false,
			"isProtected":false,
			"name":"<init>",
			"isPublic":true,
			"isPrivate":false,
			"isFinal":false,
			"type":"define",
			"isAbstract":false,
			"rtType":"void"
		},
		"setPrefix(java.lang.String)":{
			"sig":"(Ljava/lang/String;)V",
			"args":"(java.lang.String)",
			"isStatic":false,
			"isProtected":false,
			"name":"setPrefix",
			"isPublic":true,
			"isPrivate":false,
			"isFinal":false,
			"type":"define",
			"isAbstract":false,
			"rtType":"void"
		},
		"isCaseSensitive()":{
			"sig":"()Z",
			"args":"()",
			"isStatic":false,
			"isProtected":false,
			"name":"isCaseSensitive",
			"isPublic":true,
			"isPrivate":false,
			"isFinal":false,
			"type":"define",
			"isAbstract":false,
			"rtType":"boolean"
		},
		"isUsingDefaultExcludes()":{
			"sig":"()Z",
			"args":"()",
			"isStatic":false,
			"isProtected":false,
			"name":"isUsingDefaultExcludes",
			"isPublic":true,
			"isPrivate":false,
			"isFinal":false,
			"type":"define",
			"isAbstract":false,
			"rtType":"boolean"
		},
		"setIncludingEmptyDirectories(boolean)":{
			"sig":"(Z)V",
			"args":"(boolean)",
			"isStatic":false,
			"isProtected":false,
			"name":"setIncludingEmptyDirectories",
			"isPublic":true,
			"isPrivate":false,
			"isFinal":false,
			"type":"define",
			"isAbstract":false,
			"rtType":"void"
		},
		"getIncludes()":{
			"sig":"()[Ljava/lang/String;",
			"args":"()",
			"isStatic":false,
			"isProtected":false,
			"name":"getIncludes",
			"isPublic":true,
			"isPrivate":false,
			"isFinal":false,
			"type":"define",
			"isAbstract":false,
			"rtType":"java.lang.String[]"
		},
		"isIncludingEmptyDirectories()":{
			"sig":"()Z",
			"args":"()",
			"isStatic":false,
			"isProtected":false,
			"name":"isIncludingEmptyDirectories",
			"isPublic":true,
			"isPrivate":false,
			"isFinal":false,
			"type":"define",
			"isAbstract":false,
			"rtType":"boolean"
		},
		"includeEmptyDirs(boolean)":{
			"sig":"(Z)Lorg/codehaus/plexus/archiver/util/AbstractFileSet;",
			"args":"(boolean)",
			"isStatic":false,
			"isProtected":false,
			"name":"includeEmptyDirs",
			"isPublic":true,
			"isPrivate":false,
			"isFinal":false,
			"type":"define",
			"isAbstract":false,
			"rtType":"org.codehaus.plexus.archiver.util.AbstractFileSet"
		},
		"includeExclude(java.lang.String[],java.lang.String[])":{
			"sig":"([Ljava/lang/String;[Ljava/lang/String;)Lorg/codehaus/plexus/archiver/util/AbstractFileSet;",
			"args":"(java.lang.String[],java.lang.String[])",
			"isStatic":false,
			"isProtected":false,
			"name":"includeExclude",
			"isPublic":true,
			"isPrivate":false,
			"isFinal":false,
			"type":"define",
			"isAbstract":false,
			"rtType":"org.codehaus.plexus.archiver.util.AbstractFileSet"
		},
		"include(java.lang.String[])":{
			"sig":"([Ljava/lang/String;)Lorg/codehaus/plexus/archiver/util/AbstractFileSet;",
			"args":"(java.lang.String[])",
			"isStatic":false,
			"isProtected":false,
			"name":"include",
			"isPublic":true,
			"isPrivate":false,
			"isFinal":false,
			"type":"define",
			"isAbstract":false,
			"rtType":"org.codehaus.plexus.archiver.util.AbstractFileSet"
		},
		"setStreamTransformer(org.codehaus.plexus.components.io.functions.InputStreamTransformer)":{
			"sig":"(Lorg/codehaus/plexus/components/io/functions/InputStreamTransformer;)V",
			"args":"(org.codehaus.plexus.components.io.functions.InputStreamTransformer)",
			"isStatic":false,
			"isProtected":false,
			"name":"setStreamTransformer",
			"isPublic":true,
			"isPrivate":false,
			"isFinal":false,
			"type":"define",
			"isAbstract":false,
			"rtType":"void"
		}
	},
	"isPublic":true,
	"className":"org.codehaus.plexus.archiver.util.AbstractFileSet",
	"interNames":{
		"org.codehaus.plexus.archiver.BaseFileSet":"true"
	},
	"isFinal":false,
	"isPrivate":false,
	"isAbstract":true,
	"isInterface":false,
	"superClassName":"java.lang.Object"
}