{
	"isProtected":false,
	"finishedSearch":false,
	"methods":{
		"<init>(org.codehaus.plexus.archiver.AbstractArchiver)":{
			"sig":"(Lorg/codehaus/plexus/archiver/AbstractArchiver;)V",
			"args":"(org.codehaus.plexus.archiver.AbstractArchiver)",
			"isStatic":false,
			"isProtected":false,
			"name":"<init>",
			"isPublic":false,
			"isPrivate":false,
			"isFinal":false,
			"type":"define",
			"isAbstract":false,
			"rtType":"void"
		},
		"throwIllegalResourceType(java.lang.Object)":{
			"sig":"(Ljava/lang/Object;)Z",
			"args":"(java.lang.Object)",
			"isStatic":false,
			"isProtected":false,
			"name":"throwIllegalResourceType",
			"isPublic":false,
			"isPrivate":true,
			"isFinal":false,
			"type":"define",
			"isAbstract":false,
			"rtType":"boolean"
		},
		"hasNext()":{
			"sig":"()Z",
			"args":"()",
			"isStatic":false,
			"isProtected":false,
			"name":"hasNext",
			"isPublic":true,
			"isPrivate":false,
			"isFinal":false,
			"type":"define",
			"isAbstract":false,
			"rtType":"boolean"
		},
		"next()":{
			"sig":"()Ljava/lang/Object;",
			"args":"()",
			"isStatic":false,
			"isProtected":false,
			"name":"next",
			"isPublic":true,
			"isPrivate":false,
			"isFinal":false,
			"type":"define",
			"isAbstract":false,
			"rtType":"java.lang.Object"
		},
		"remove()":{
			"sig":"()V",
			"args":"()",
			"isStatic":false,
			"isProtected":false,
			"name":"remove",
			"isPublic":true,
			"isPrivate":false,
			"isFinal":false,
			"type":"define",
			"isAbstract":false,
			"rtType":"void"
		},
		"normalizedForDuplicateCheck(org.codehaus.plexus.archiver.ArchiveEntry)":{
			"sig":"(Lorg/codehaus/plexus/archiver/ArchiveEntry;)Ljava/lang/String;",
			"args":"(org.codehaus.plexus.archiver.ArchiveEntry)",
			"isStatic":false,
			"isProtected":false,
			"name":"normalizedForDuplicateCheck",
			"isPublic":false,
			"isPrivate":true,
			"isFinal":false,
			"type":"define",
			"isAbstract":false,
			"rtType":"java.lang.String"
		}
	},
	"isPublic":false,
	"className":"org.codehaus.plexus.archiver.AbstractArchiver$1",
	"interNames":{
		"org.codehaus.plexus.archiver.ResourceIterator":"true"
	},
	"isFinal":false,
	"isPrivate":false,
	"isAbstract":false,
	"isInterface":false,
	"superClassName":"java.lang.Object"
}