{
	"isProtected":false,
	"finishedSearch":false,
	"methods":{
		"<init>()":{
			"sig":"()V",
			"args":"()",
			"isStatic":false,
			"isProtected":false,
			"name":"<init>",
			"isPublic":true,
			"isPrivate":false,
			"isFinal":false,
			"type":"define",
			"isAbstract":false,
			"rtType":"void"
		},
		"getDefaultExtension()":{
			"sig":"()Ljava/lang/String;",
			"args":"()",
			"isStatic":false,
			"isProtected":true,
			"name":"getDefaultExtension",
			"isPublic":false,
			"isPrivate":false,
			"isFinal":false,
			"type":"define",
			"isAbstract":false,
			"rtType":"java.lang.String"
		},
		"getInputStream(java.io.File)":{
			"sig":"(Ljava/io/File;)Ljava/io/InputStream;",
			"args":"(java.io.File)",
			"isStatic":false,
			"isProtected":true,
			"name":"getInputStream",
			"isPublic":false,
			"isPrivate":false,
			"isFinal":false,
			"type":"define",
			"isAbstract":false,
			"rtType":"java.io.InputStream"
		},
		"getAttributes(java.io.File)":{
			"sig":"(Ljava/io/File;)Lorg/codehaus/plexus/components/io/attributes/PlexusIoResourceAttributes;",
			"args":"(java.io.File)",
			"isStatic":false,
			"isProtected":true,
			"name":"getAttributes",
			"isPublic":false,
			"isPrivate":false,
			"isFinal":false,
			"type":"define",
			"isAbstract":false,
			"rtType":"org.codehaus.plexus.components.io.attributes.PlexusIoResourceAttributes"
		}
	},
	"isPublic":true,
	"className":"org.codehaus.plexus.archiver.xz.PlexusIoXZResourceCollection",
	"interNames":{},
	"isFinal":false,
	"isPrivate":false,
	"isAbstract":false,
	"isInterface":false,
	"superClassName":"org.codehaus.plexus.components.io.resources.PlexusIoCompressedFileResourceCollection"
}