{
	"isProtected":false,
	"finishedSearch":false,
	"methods":{
		"getContents()":{
			"sig":"()Ljava/io/InputStream;",
			"args":"()",
			"isStatic":false,
			"isProtected":false,
			"name":"getContents",
			"isPublic":true,
			"isPrivate":false,
			"isFinal":false,
			"type":"define",
			"isAbstract":false,
			"rtType":"java.io.InputStream"
		},
		"getAttributes()":{
			"sig":"()Lorg/codehaus/plexus/components/io/attributes/PlexusIoResourceAttributes;",
			"args":"()",
			"isStatic":false,
			"isProtected":false,
			"name":"getAttributes",
			"isPublic":true,
			"isPrivate":false,
			"isFinal":false,
			"type":"define",
			"isAbstract":false,
			"rtType":"org.codehaus.plexus.components.io.attributes.PlexusIoResourceAttributes"
		},
		"setAttributes(org.codehaus.plexus.components.io.attributes.PlexusIoResourceAttributes)":{
			"sig":"(Lorg/codehaus/plexus/components/io/attributes/PlexusIoResourceAttributes;)V",
			"args":"(org.codehaus.plexus.components.io.attributes.PlexusIoResourceAttributes)",
			"isStatic":false,
			"isProtected":false,
			"name":"setAttributes",
			"isPublic":true,
			"isPrivate":false,
			"isFinal":false,
			"type":"define",
			"isAbstract":false,
			"rtType":"void"
		},
		"getLastModofied(org.apache.commons.compress.archivers.zip.ZipArchiveEntry)":{
			"sig":"(Lorg/apache/commons/compress/archivers/zip/ZipArchiveEntry;)J",
			"args":"(org.apache.commons.compress.archivers.zip.ZipArchiveEntry)",
			"isStatic":true,
			"isProtected":false,
			"name":"getLastModofied",
			"isPublic":false,
			"isPrivate":true,
			"isFinal":false,
			"type":"define",
			"isAbstract":false,
			"rtType":"long"
		},
		"<init>(org.apache.commons.compress.archivers.zip.ZipFile,org.apache.commons.compress.archivers.zip.ZipArchiveEntry,org.codehaus.plexus.components.io.functions.InputStreamTransformer)":{
			"sig":"(Lorg/apache/commons/compress/archivers/zip/ZipFile;Lorg/apache/commons/compress/archivers/zip/ZipArchiveEntry;Lorg/codehaus/plexus/components/io/functions/InputStreamTransformer;)V",
			"args":"(org.apache.commons.compress.archivers.zip.ZipFile,org.apache.commons.compress.archivers.zip.ZipArchiveEntry,org.codehaus.plexus.components.io.functions.InputStreamTransformer)",
			"isStatic":false,
			"isProtected":false,
			"name":"<init>",
			"isPublic":true,
			"isPrivate":false,
			"isFinal":false,
			"type":"define",
			"isAbstract":false,
			"rtType":"void"
		},
		"getURL()":{
			"sig":"()Ljava/net/URL;",
			"args":"()",
			"isStatic":false,
			"isProtected":false,
			"name":"getURL",
			"isPublic":true,
			"isPrivate":false,
			"isFinal":false,
			"type":"define",
			"isAbstract":false,
			"rtType":"java.net.URL"
		}
	},
	"isPublic":true,
	"className":"org.codehaus.plexus.archiver.zip.ZipResource",
	"interNames":{
		"org.codehaus.plexus.components.io.functions.ResourceAttributeSupplier":"true"
	},
	"isFinal":false,
	"isPrivate":false,
	"isAbstract":false,
	"isInterface":false,
	"superClassName":"org.codehaus.plexus.components.io.resources.AbstractPlexusIoResource"
}