{
	"isProtected":false,
	"finishedSearch":false,
	"methods":{
		"hasNext()":{
			"sig":"()Z",
			"args":"()",
			"isStatic":false,
			"isProtected":false,
			"name":"hasNext",
			"isPublic":true,
			"isPrivate":false,
			"isFinal":false,
			"type":"define",
			"isAbstract":true,
			"rtType":"boolean"
		},
		"next()":{
			"sig":"()Lorg/codehaus/plexus/archiver/ArchiveEntry;",
			"args":"()",
			"isStatic":false,
			"isProtected":false,
			"name":"next",
			"isPublic":true,
			"isPrivate":false,
			"isFinal":false,
			"type":"define",
			"isAbstract":true,
			"rtType":"org.codehaus.plexus.archiver.ArchiveEntry"
		}
	},
	"isPublic":true,
	"className":"org.codehaus.plexus.archiver.ResourceIterator",
	"interNames":{
		"java.util.Iterator":"true"
	},
	"isFinal":false,
	"isPrivate":false,
	"isAbstract":true,
	"isInterface":true,
	"superClassName":"java.lang.Object"
}