{
	"isProtected":false,
	"finishedSearch":false,
	"methods":{
		"chmod(java.io.File,int,org.codehaus.plexus.logging.Logger,boolean)":{
			"sig":"(Ljava/io/File;ILorg/codehaus/plexus/logging/Logger;Z)V",
			"args":"(java.io.File,int,org.codehaus.plexus.logging.Logger,boolean)",
			"isStatic":true,
			"isProtected":false,
			"name":"chmod",
			"isPublic":true,
			"isPrivate":false,
			"isFinal":false,
			"type":"define",
			"isAbstract":false,
			"rtType":"void"
		},
		"chmod(java.io.File,int,org.codehaus.plexus.logging.Logger)":{
			"sig":"(Ljava/io/File;ILorg/codehaus/plexus/logging/Logger;)V",
			"args":"(java.io.File,int,org.codehaus.plexus.logging.Logger)",
			"isStatic":true,
			"isProtected":false,
			"name":"chmod",
			"isPublic":true,
			"isPrivate":false,
			"isFinal":false,
			"type":"define",
			"isAbstract":false,
			"rtType":"void"
		},
		"<init>()":{
			"sig":"()V",
			"args":"()",
			"isStatic":false,
			"isProtected":false,
			"name":"<init>",
			"isPublic":false,
			"isPrivate":true,
			"isFinal":false,
			"type":"define",
			"isAbstract":false,
			"rtType":"void"
		},
		"chmod(java.io.File,int)":{
			"sig":"(Ljava/io/File;I)V",
			"args":"(java.io.File,int)",
			"isStatic":true,
			"isProtected":false,
			"name":"chmod",
			"isPublic":true,
			"isPrivate":false,
			"isFinal":false,
			"type":"define",
			"isAbstract":false,
			"rtType":"void"
		}
	},
	"isPublic":true,
	"className":"org.codehaus.plexus.archiver.util.ArchiveEntryUtils",
	"interNames":{},
	"isFinal":true,
	"isPrivate":false,
	"isAbstract":false,
	"isInterface":false,
	"superClassName":"java.lang.Object"
}