{
	"isProtected":false,
	"finishedSearch":false,
	"methods":{
		"cleanUp()":{
			"sig":"()V",
			"args":"()",
			"isStatic":false,
			"isProtected":true,
			"name":"cleanUp",
			"isPublic":false,
			"isPrivate":false,
			"isFinal":false,
			"type":"define",
			"isAbstract":false,
			"rtType":"void"
		},
		"<init>()":{
			"sig":"()V",
			"args":"()",
			"isStatic":false,
			"isProtected":false,
			"name":"<init>",
			"isPublic":true,
			"isPrivate":false,
			"isFinal":false,
			"type":"define",
			"isAbstract":false,
			"rtType":"void"
		},
		"setLongfile(org.codehaus.plexus.archiver.tar.TarLongFileMode)":{
			"sig":"(Lorg/codehaus/plexus/archiver/tar/TarLongFileMode;)V",
			"args":"(org.codehaus.plexus.archiver.tar.TarLongFileMode)",
			"isStatic":false,
			"isProtected":false,
			"name":"setLongfile",
			"isPublic":true,
			"isPrivate":false,
			"isFinal":false,
			"type":"define",
			"isAbstract":false,
			"rtType":"void"
		},
		"compress(org.codehaus.plexus.archiver.tar.TarArchiver$TarCompressionMethod,java.io.OutputStream)":{
			"sig":"(Lorg/codehaus/plexus/archiver/tar/TarArchiver$TarCompressionMethod;Ljava/io/OutputStream;)Ljava/io/OutputStream;",
			"args":"(org.codehaus.plexus.archiver.tar.TarArchiver$TarCompressionMethod,java.io.OutputStream)",
			"isStatic":false,
			"isProtected":false,
			"name":"compress",
			"isPublic":false,
			"isPrivate":true,
			"isFinal":false,
			"type":"define",
			"isAbstract":false,
			"rtType":"java.io.OutputStream"
		},
		"setCompression(org.codehaus.plexus.archiver.tar.TarArchiver$TarCompressionMethod)":{
			"sig":"(Lorg/codehaus/plexus/archiver/tar/TarArchiver$TarCompressionMethod;)V",
			"args":"(org.codehaus.plexus.archiver.tar.TarArchiver$TarCompressionMethod)",
			"isStatic":false,
			"isProtected":false,
			"name":"setCompression",
			"isPublic":true,
			"isPrivate":false,
			"isFinal":false,
			"type":"define",
			"isAbstract":false,
			"rtType":"void"
		},
		"isSupportingForced()":{
			"sig":"()Z",
			"args":"()",
			"isStatic":false,
			"isProtected":false,
			"name":"isSupportingForced",
			"isPublic":true,
			"isPrivate":false,
			"isFinal":false,
			"type":"define",
			"isAbstract":false,
			"rtType":"boolean"
		},
		"getArchiveType()":{
			"sig":"()Ljava/lang/String;",
			"args":"()",
			"isStatic":false,
			"isProtected":true,
			"name":"getArchiveType",
			"isPublic":false,
			"isPrivate":false,
			"isFinal":false,
			"type":"define",
			"isAbstract":false,
			"rtType":"java.lang.String"
		},
		"tarFile(org.codehaus.plexus.archiver.ArchiveEntry,org.apache.commons.compress.archivers.tar.TarArchiveOutputStream,java.lang.String)":{
			"sig":"(Lorg/codehaus/plexus/archiver/ArchiveEntry;Lorg/apache/commons/compress/archivers/tar/TarArchiveOutputStream;Ljava/lang/String;)V",
			"args":"(org.codehaus.plexus.archiver.ArchiveEntry,org.apache.commons.compress.archivers.tar.TarArchiveOutputStream,java.lang.String)",
			"isStatic":false,
			"isProtected":true,
			"name":"tarFile",
			"isPublic":false,
			"isPrivate":false,
			"isFinal":false,
			"type":"define",
			"isAbstract":false,
			"rtType":"void"
		},
		"execute()":{
			"sig":"()V",
			"args":"()",
			"isStatic":false,
			"isProtected":true,
			"name":"execute",
			"isPublic":false,
			"isPrivate":false,
			"isFinal":false,
			"type":"define",
			"isAbstract":false,
			"rtType":"void"
		},
		"close()":{
			"sig":"()V",
			"args":"()",
			"isStatic":false,
			"isProtected":true,
			"name":"close",
			"isPublic":false,
			"isPrivate":false,
			"isFinal":false,
			"type":"define",
			"isAbstract":false,
			"rtType":"void"
		}
	},
	"isPublic":true,
	"className":"org.codehaus.plexus.archiver.tar.TarArchiver",
	"interNames":{},
	"isFinal":false,
	"isPrivate":false,
	"isAbstract":false,
	"isInterface":false,
	"superClassName":"org.codehaus.plexus.archiver.AbstractArchiver"
}