{
	"isProtected":false,
	"finishedSearch":false,
	"methods":{
		"finalizeArchiveCreation(org.codehaus.plexus.archiver.Archiver)":{
			"sig":"(Lorg/codehaus/plexus/archiver/Archiver;)V",
			"args":"(org.codehaus.plexus.archiver.Archiver)",
			"isStatic":false,
			"isProtected":false,
			"name":"finalizeArchiveCreation",
			"isPublic":true,
			"isPrivate":false,
			"isFinal":false,
			"type":"define",
			"isAbstract":true,
			"rtType":"void"
		},
		"finalizeArchiveExtraction(org.codehaus.plexus.archiver.UnArchiver)":{
			"sig":"(Lorg/codehaus/plexus/archiver/UnArchiver;)V",
			"args":"(org.codehaus.plexus.archiver.UnArchiver)",
			"isStatic":false,
			"isProtected":false,
			"name":"finalizeArchiveExtraction",
			"isPublic":true,
			"isPrivate":false,
			"isFinal":false,
			"type":"define",
			"isAbstract":true,
			"rtType":"void"
		},
		"getVirtualFiles()":{
			"sig":"()Ljava/util/List;",
			"args":"()",
			"isStatic":false,
			"isProtected":false,
			"name":"getVirtualFiles",
			"isPublic":true,
			"isPrivate":false,
			"isFinal":false,
			"type":"define",
			"isAbstract":true,
			"rtType":"java.util.List"
		}
	},
	"isPublic":true,
	"className":"org.codehaus.plexus.archiver.ArchiveFinalizer",
	"interNames":{},
	"isFinal":false,
	"isPrivate":false,
	"isAbstract":true,
	"isInterface":true,
	"superClassName":"java.lang.Object"
}