{
	"isProtected":false,
	"finishedSearch":false,
	"methods":{
		"getFilePermissionFromMode(java.lang.String,org.codehaus.plexus.logging.Logger)":{
			"sig":"(Ljava/lang/String;Lorg/codehaus/plexus/logging/Logger;)Lorg/codehaus/plexus/archiver/util/FilePermission;",
			"args":"(java.lang.String,org.codehaus.plexus.logging.Logger)",
			"isStatic":true,
			"isProtected":false,
			"name":"getFilePermissionFromMode",
			"isPublic":true,
			"isPrivate":false,
			"isFinal":false,
			"type":"define",
			"isAbstract":false,
			"rtType":"org.codehaus.plexus.archiver.util.FilePermission"
		},
		"<init>()":{
			"sig":"()V",
			"args":"()",
			"isStatic":false,
			"isProtected":false,
			"name":"<init>",
			"isPublic":false,
			"isPrivate":true,
			"isFinal":false,
			"type":"define",
			"isAbstract":false,
			"rtType":"void"
		}
	},
	"isPublic":true,
	"className":"org.codehaus.plexus.archiver.util.FilePermissionUtils",
	"interNames":{},
	"isFinal":false,
	"isPrivate":false,
	"isAbstract":false,
	"isInterface":false,
	"superClassName":"java.lang.Object"
}