{
	"isProtected":false,
	"finishedSearch":false,
	"methods":{
		"createSymlinkEntry(java.lang.String,int,java.lang.String,int)":{
			"sig":"(Ljava/lang/String;ILjava/lang/String;I)Lorg/codehaus/plexus/archiver/ArchiveEntry;",
			"args":"(java.lang.String,int,java.lang.String,int)",
			"isStatic":true,
			"isProtected":false,
			"name":"createSymlinkEntry",
			"isPublic":true,
			"isPrivate":false,
			"isFinal":false,
			"type":"define",
			"isAbstract":false,
			"rtType":"org.codehaus.plexus.archiver.ArchiveEntry"
		},
		"createFileEntry(java.lang.String,org.codehaus.plexus.components.io.resources.PlexusIoResource,int,org.codehaus.plexus.components.io.resources.PlexusIoResourceCollection,int)":{
			"sig":"(Ljava/lang/String;Lorg/codehaus/plexus/components/io/resources/PlexusIoResource;ILorg/codehaus/plexus/components/io/resources/PlexusIoResourceCollection;I)Lorg/codehaus/plexus/archiver/ArchiveEntry;",
			"args":"(java.lang.String,org.codehaus.plexus.components.io.resources.PlexusIoResource,int,org.codehaus.plexus.components.io.resources.PlexusIoResourceCollection,int)",
			"isStatic":true,
			"isProtected":false,
			"name":"createFileEntry",
			"isPublic":true,
			"isPrivate":false,
			"isFinal":false,
			"type":"define",
			"isAbstract":false,
			"rtType":"org.codehaus.plexus.archiver.ArchiveEntry"
		},
		"<clinit>()":{
			"sig":"()V",
			"args":"()",
			"isStatic":true,
			"isProtected":false,
			"name":"<clinit>",
			"isPublic":false,
			"isPrivate":false,
			"isFinal":false,
			"type":"define",
			"isAbstract":false,
			"rtType":"void"
		},
		"createFileEntry(java.lang.String,java.io.File,int,int)":{
			"sig":"(Ljava/lang/String;Ljava/io/File;II)Lorg/codehaus/plexus/archiver/ArchiveEntry;",
			"args":"(java.lang.String,java.io.File,int,int)",
			"isStatic":true,
			"isProtected":false,
			"name":"createFileEntry",
			"isPublic":true,
			"isPrivate":false,
			"isFinal":false,
			"type":"define",
			"isAbstract":false,
			"rtType":"org.codehaus.plexus.archiver.ArchiveEntry"
		},
		"setResourceAttributes(org.codehaus.plexus.components.io.attributes.PlexusIoResourceAttributes)":{
			"sig":"(Lorg/codehaus/plexus/components/io/attributes/PlexusIoResourceAttributes;)V",
			"args":"(org.codehaus.plexus.components.io.attributes.PlexusIoResourceAttributes)",
			"isStatic":false,
			"isProtected":false,
			"name":"setResourceAttributes",
			"isPublic":true,
			"isPrivate":false,
			"isFinal":false,
			"type":"define",
			"isAbstract":false,
			"rtType":"void"
		},
		"getFile()":{
			"sig":"()Ljava/io/File;",
			"args":"()",
			"isStatic":false,
			"isProtected":false,
			"name":"getFile",
			"isPublic":true,
			"isPrivate":false,
			"isFinal":false,
			"type":"define",
			"isAbstract":false,
			"rtType":"java.io.File"
		},
		"getResource()":{
			"sig":"()Lorg/codehaus/plexus/components/io/resources/PlexusIoResource;",
			"args":"()",
			"isStatic":false,
			"isProtected":false,
			"name":"getResource",
			"isPublic":true,
			"isPrivate":false,
			"isFinal":false,
			"type":"define",
			"isAbstract":false,
			"rtType":"org.codehaus.plexus.components.io.resources.PlexusIoResource"
		},
		"createDirectoryEntry(java.lang.String,java.io.File,int,int)":{
			"sig":"(Ljava/lang/String;Ljava/io/File;II)Lorg/codehaus/plexus/archiver/ArchiveEntry;",
			"args":"(java.lang.String,java.io.File,int,int)",
			"isStatic":true,
			"isProtected":false,
			"name":"createDirectoryEntry",
			"isPublic":true,
			"isPrivate":false,
			"isFinal":false,
			"type":"define",
			"isAbstract":false,
			"rtType":"org.codehaus.plexus.archiver.ArchiveEntry"
		},
		"getResourceAttributes()":{
			"sig":"()Lorg/codehaus/plexus/components/io/attributes/PlexusIoResourceAttributes;",
			"args":"()",
			"isStatic":false,
			"isProtected":false,
			"name":"getResourceAttributes",
			"isPublic":true,
			"isPrivate":false,
			"isFinal":false,
			"type":"define",
			"isAbstract":false,
			"rtType":"org.codehaus.plexus.components.io.attributes.PlexusIoResourceAttributes"
		},
		"getName()":{
			"sig":"()Ljava/lang/String;",
			"args":"()",
			"isStatic":false,
			"isProtected":false,
			"name":"getName",
			"isPublic":true,
			"isPrivate":false,
			"isFinal":false,
			"type":"define",
			"isAbstract":false,
			"rtType":"java.lang.String"
		},
		"<init>(java.lang.String,org.codehaus.plexus.components.io.resources.PlexusIoResource,int,int,org.codehaus.plexus.components.io.resources.PlexusIoResourceCollection,int)":{
			"sig":"(Ljava/lang/String;Lorg/codehaus/plexus/components/io/resources/PlexusIoResource;IILorg/codehaus/plexus/components/io/resources/PlexusIoResourceCollection;I)V",
			"args":"(java.lang.String,org.codehaus.plexus.components.io.resources.PlexusIoResource,int,int,org.codehaus.plexus.components.io.resources.PlexusIoResourceCollection,int)",
			"isStatic":false,
			"isProtected":false,
			"name":"<init>",
			"isPublic":false,
			"isPrivate":true,
			"isFinal":false,
			"type":"define",
			"isAbstract":false,
			"rtType":"void"
		},
		"getType()":{
			"sig":"()I",
			"args":"()",
			"isStatic":false,
			"isProtected":false,
			"name":"getType",
			"isPublic":true,
			"isPrivate":false,
			"isFinal":false,
			"type":"define",
			"isAbstract":false,
			"rtType":"int"
		},
		"getInputStream()":{
			"sig":"()Ljava/io/InputStream;",
			"args":"()",
			"isStatic":false,
			"isProtected":false,
			"name":"getInputStream",
			"isPublic":true,
			"isPrivate":false,
			"isFinal":false,
			"type":"define",
			"isAbstract":false,
			"rtType":"java.io.InputStream"
		},
		"getMode()":{
			"sig":"()I",
			"args":"()",
			"isStatic":false,
			"isProtected":false,
			"name":"getMode",
			"isPublic":true,
			"isPrivate":false,
			"isFinal":false,
			"type":"define",
			"isAbstract":false,
			"rtType":"int"
		},
		"createDirectoryEntry(java.lang.String,org.codehaus.plexus.components.io.resources.PlexusIoResource,int,int)":{
			"sig":"(Ljava/lang/String;Lorg/codehaus/plexus/components/io/resources/PlexusIoResource;II)Lorg/codehaus/plexus/archiver/ArchiveEntry;",
			"args":"(java.lang.String,org.codehaus.plexus.components.io.resources.PlexusIoResource,int,int)",
			"isStatic":true,
			"isProtected":false,
			"name":"createDirectoryEntry",
			"isPublic":true,
			"isPrivate":false,
			"isFinal":false,
			"type":"define",
			"isAbstract":false,
			"rtType":"org.codehaus.plexus.archiver.ArchiveEntry"
		},
		"getDefaultDirMode()":{
			"sig":"()I",
			"args":"()",
			"isStatic":false,
			"isProtected":false,
			"name":"getDefaultDirMode",
			"isPublic":true,
			"isPrivate":false,
			"isFinal":false,
			"type":"define",
			"isAbstract":false,
			"rtType":"int"
		},
		"shouldAddSynchronously()":{
			"sig":"()Z",
			"args":"()",
			"isStatic":false,
			"isProtected":false,
			"name":"shouldAddSynchronously",
			"isPublic":true,
			"isPrivate":false,
			"isFinal":false,
			"type":"define",
			"isAbstract":false,
			"rtType":"boolean"
		}
	},
	"isPublic":true,
	"className":"org.codehaus.plexus.archiver.ArchiveEntry",
	"interNames":{},
	"isFinal":false,
	"isPrivate":false,
	"isAbstract":false,
	"isInterface":false,
	"superClassName":"java.lang.Object"
}