{
	"isProtected":false,
	"finishedSearch":false,
	"methods":{
		"run()":{
			"sig":"()V",
			"args":"()",
			"isStatic":false,
			"isProtected":false,
			"name":"run",
			"isPublic":true,
			"isPrivate":false,
			"isFinal":false,
			"type":"define",
			"isAbstract":false,
			"rtType":"void"
		},
		"<init>(org.codehaus.plexus.archiver.dir.DirectoryArchiver,org.codehaus.plexus.archiver.ArchiveEntry,java.io.File,long)":{
			"sig":"(Lorg/codehaus/plexus/archiver/dir/DirectoryArchiver;Lorg/codehaus/plexus/archiver/ArchiveEntry;Ljava/io/File;J)V",
			"args":"(org.codehaus.plexus.archiver.dir.DirectoryArchiver,org.codehaus.plexus.archiver.ArchiveEntry,java.io.File,long)",
			"isStatic":false,
			"isProtected":false,
			"name":"<init>",
			"isPublic":false,
			"isPrivate":false,
			"isFinal":false,
			"type":"define",
			"isAbstract":false,
			"rtType":"void"
		}
	},
	"isPublic":false,
	"className":"org.codehaus.plexus.archiver.dir.DirectoryArchiver$1",
	"interNames":{
		"java.lang.Runnable":"true"
	},
	"isFinal":false,
	"isPrivate":false,
	"isAbstract":false,
	"isInterface":false,
	"superClassName":"java.lang.Object"
}