{
	"isProtected":false,
	"finishedSearch":false,
	"methods":{
		"getInputStream(org.apache.commons.compress.archivers.ArchiveEntry)":{
			"sig":"(Lorg/apache/commons/compress/archivers/ArchiveEntry;)Ljava/io/InputStream;",
			"args":"(org.apache.commons.compress.archivers.ArchiveEntry)",
			"isStatic":false,
			"isProtected":false,
			"name":"getInputStream",
			"isPublic":true,
			"isPrivate":false,
			"isFinal":false,
			"type":"define",
			"isAbstract":false,
			"rtType":"java.io.InputStream"
		},
		"access$002(org.codehaus.plexus.archiver.tar.TarFile,org.apache.commons.compress.archivers.tar.TarArchiveEntry)":{
			"sig":"(Lorg/codehaus/plexus/archiver/tar/TarFile;Lorg/apache/commons/compress/archivers/tar/TarArchiveEntry;)Lorg/apache/commons/compress/archivers/tar/TarArchiveEntry;",
			"args":"(org.codehaus.plexus.archiver.tar.TarFile,org.apache.commons.compress.archivers.tar.TarArchiveEntry)",
			"isStatic":true,
			"isProtected":false,
			"name":"access$002",
			"isPublic":false,
			"isPrivate":false,
			"isFinal":false,
			"type":"define",
			"isAbstract":false,
			"rtType":"org.apache.commons.compress.archivers.tar.TarArchiveEntry"
		},
		"getInputStream(org.apache.commons.compress.archivers.tar.TarArchiveEntry,org.apache.commons.compress.archivers.tar.TarArchiveEntry)":{
			"sig":"(Lorg/apache/commons/compress/archivers/tar/TarArchiveEntry;Lorg/apache/commons/compress/archivers/tar/TarArchiveEntry;)Ljava/io/InputStream;",
			"args":"(org.apache.commons.compress.archivers.tar.TarArchiveEntry,org.apache.commons.compress.archivers.tar.TarArchiveEntry)",
			"isStatic":false,
			"isProtected":false,
			"name":"getInputStream",
			"isPublic":false,
			"isPrivate":true,
			"isFinal":false,
			"type":"define",
			"isAbstract":false,
			"rtType":"java.io.InputStream"
		},
		"<init>(java.io.File)":{
			"sig":"(Ljava/io/File;)V",
			"args":"(java.io.File)",
			"isStatic":false,
			"isProtected":false,
			"name":"<init>",
			"isPublic":true,
			"isPrivate":false,
			"isFinal":false,
			"type":"define",
			"isAbstract":false,
			"rtType":"void"
		},
		"open()":{
			"sig":"()V",
			"args":"()",
			"isStatic":false,
			"isProtected":false,
			"name":"open",
			"isPublic":false,
			"isPrivate":true,
			"isFinal":false,
			"type":"define",
			"isAbstract":false,
			"rtType":"void"
		},
		"getEntries()":{
			"sig":"()Ljava/util/Enumeration;",
			"args":"()",
			"isStatic":false,
			"isProtected":false,
			"name":"getEntries",
			"isPublic":true,
			"isPrivate":false,
			"isFinal":false,
			"type":"define",
			"isAbstract":false,
			"rtType":"java.util.Enumeration"
		},
		"findEntry(org.apache.commons.compress.archivers.tar.TarArchiveEntry,org.apache.commons.compress.archivers.tar.TarArchiveEntry)":{
			"sig":"(Lorg/apache/commons/compress/archivers/tar/TarArchiveEntry;Lorg/apache/commons/compress/archivers/tar/TarArchiveEntry;)Z",
			"args":"(org.apache.commons.compress.archivers.tar.TarArchiveEntry,org.apache.commons.compress.archivers.tar.TarArchiveEntry)",
			"isStatic":false,
			"isProtected":false,
			"name":"findEntry",
			"isPublic":false,
			"isPrivate":true,
			"isFinal":false,
			"type":"define",
			"isAbstract":false,
			"rtType":"boolean"
		},
		"getInputStream(java.io.File)":{
			"sig":"(Ljava/io/File;)Ljava/io/InputStream;",
			"args":"(java.io.File)",
			"isStatic":false,
			"isProtected":true,
			"name":"getInputStream",
			"isPublic":false,
			"isPrivate":false,
			"isFinal":false,
			"type":"define",
			"isAbstract":false,
			"rtType":"java.io.InputStream"
		},
		"getInputStream(org.apache.commons.compress.archivers.tar.TarArchiveEntry)":{
			"sig":"(Lorg/apache/commons/compress/archivers/tar/TarArchiveEntry;)Ljava/io/InputStream;",
			"args":"(org.apache.commons.compress.archivers.tar.TarArchiveEntry)",
			"isStatic":false,
			"isProtected":false,
			"name":"getInputStream",
			"isPublic":true,
			"isPrivate":false,
			"isFinal":false,
			"type":"define",
			"isAbstract":false,
			"rtType":"java.io.InputStream"
		},
		"access$100(org.codehaus.plexus.archiver.tar.TarFile)":{
			"sig":"(Lorg/codehaus/plexus/archiver/tar/TarFile;)Lorg/apache/commons/compress/archivers/tar/TarArchiveInputStream;",
			"args":"(org.codehaus.plexus.archiver.tar.TarFile)",
			"isStatic":true,
			"isProtected":false,
			"name":"access$100",
			"isPublic":false,
			"isPrivate":false,
			"isFinal":false,
			"type":"define",
			"isAbstract":false,
			"rtType":"org.apache.commons.compress.archivers.tar.TarArchiveInputStream"
		},
		"close()":{
			"sig":"()V",
			"args":"()",
			"isStatic":false,
			"isProtected":false,
			"name":"close",
			"isPublic":true,
			"isPrivate":false,
			"isFinal":false,
			"type":"define",
			"isAbstract":false,
			"rtType":"void"
		},
		"access$000(org.codehaus.plexus.archiver.tar.TarFile)":{
			"sig":"(Lorg/codehaus/plexus/archiver/tar/TarFile;)Lorg/apache/commons/compress/archivers/tar/TarArchiveEntry;",
			"args":"(org.codehaus.plexus.archiver.tar.TarFile)",
			"isStatic":true,
			"isProtected":false,
			"name":"access$000",
			"isPublic":false,
			"isPrivate":false,
			"isFinal":false,
			"type":"define",
			"isAbstract":false,
			"rtType":"org.apache.commons.compress.archivers.tar.TarArchiveEntry"
		}
	},
	"isPublic":true,
	"className":"org.codehaus.plexus.archiver.tar.TarFile",
	"interNames":{
		"org.codehaus.plexus.archiver.ArchiveFile":"true"
	},
	"isFinal":false,
	"isPrivate":false,
	"isAbstract":false,
	"isInterface":false,
	"superClassName":"java.lang.Object"
}