{
	"isProtected":false,
	"finishedSearch":false,
	"methods":{
		"copyFile(org.codehaus.plexus.components.io.resources.PlexusIoResource,java.io.File)":{
			"sig":"(Lorg/codehaus/plexus/components/io/resources/PlexusIoResource;Ljava/io/File;)V",
			"args":"(org.codehaus.plexus.components.io.resources.PlexusIoResource,java.io.File)",
			"isStatic":true,
			"isProtected":false,
			"name":"copyFile",
			"isPublic":true,
			"isPrivate":false,
			"isFinal":false,
			"type":"define",
			"isAbstract":false,
			"rtType":"void"
		},
		"isUptodate(org.codehaus.plexus.components.io.resources.PlexusIoResource,java.io.File)":{
			"sig":"(Lorg/codehaus/plexus/components/io/resources/PlexusIoResource;Ljava/io/File;)Z",
			"args":"(org.codehaus.plexus.components.io.resources.PlexusIoResource,java.io.File)",
			"isStatic":true,
			"isProtected":false,
			"name":"isUptodate",
			"isPublic":true,
			"isPrivate":false,
			"isFinal":false,
			"type":"define",
			"isAbstract":false,
			"rtType":"boolean"
		},
		"<init>()":{
			"sig":"()V",
			"args":"()",
			"isStatic":false,
			"isProtected":false,
			"name":"<init>",
			"isPublic":false,
			"isPrivate":true,
			"isFinal":false,
			"type":"define",
			"isAbstract":false,
			"rtType":"void"
		},
		"isUptodate(long,long)":{
			"sig":"(JJ)Z",
			"args":"(long,long)",
			"isStatic":true,
			"isProtected":false,
			"name":"isUptodate",
			"isPublic":true,
			"isPrivate":false,
			"isFinal":false,
			"type":"define",
			"isAbstract":false,
			"rtType":"boolean"
		},
		"isCanonicalizedSame(org.codehaus.plexus.components.io.resources.PlexusIoResource,java.io.File)":{
			"sig":"(Lorg/codehaus/plexus/components/io/resources/PlexusIoResource;Ljava/io/File;)Z",
			"args":"(org.codehaus.plexus.components.io.resources.PlexusIoResource,java.io.File)",
			"isStatic":true,
			"isProtected":false,
			"name":"isCanonicalizedSame",
			"isPublic":true,
			"isPrivate":false,
			"isFinal":false,
			"type":"define",
			"isAbstract":false,
			"rtType":"boolean"
		},
		"copyFile(java.io.InputStream,java.io.File)":{
			"sig":"(Ljava/io/InputStream;Ljava/io/File;)V",
			"args":"(java.io.InputStream,java.io.File)",
			"isStatic":true,
			"isProtected":false,
			"name":"copyFile",
			"isPublic":true,
			"isPrivate":false,
			"isFinal":false,
			"type":"define",
			"isAbstract":false,
			"rtType":"void"
		},
		"isUptodate(org.codehaus.plexus.components.io.resources.PlexusIoResource,long)":{
			"sig":"(Lorg/codehaus/plexus/components/io/resources/PlexusIoResource;J)Z",
			"args":"(org.codehaus.plexus.components.io.resources.PlexusIoResource,long)",
			"isStatic":true,
			"isProtected":false,
			"name":"isUptodate",
			"isPublic":true,
			"isPrivate":false,
			"isFinal":false,
			"type":"define",
			"isAbstract":false,
			"rtType":"boolean"
		},
		"isSame(org.codehaus.plexus.components.io.resources.PlexusIoResource,java.io.File)":{
			"sig":"(Lorg/codehaus/plexus/components/io/resources/PlexusIoResource;Ljava/io/File;)Z",
			"args":"(org.codehaus.plexus.components.io.resources.PlexusIoResource,java.io.File)",
			"isStatic":true,
			"isProtected":false,
			"name":"isSame",
			"isPublic":true,
			"isPrivate":false,
			"isFinal":false,
			"type":"define",
			"isAbstract":false,
			"rtType":"boolean"
		}
	},
	"isPublic":true,
	"className":"org.codehaus.plexus.archiver.util.ResourceUtils",
	"interNames":{},
	"isFinal":false,
	"isPrivate":false,
	"isAbstract":false,
	"isInterface":false,
	"superClassName":"java.lang.Object"
}