{
	"isProtected":false,
	"finishedSearch":false,
	"methods":{
		"<init>()":{
			"sig":"()V",
			"args":"()",
			"isStatic":false,
			"isProtected":false,
			"name":"<init>",
			"isPublic":true,
			"isPrivate":false,
			"isFinal":false,
			"type":"define",
			"isAbstract":false,
			"rtType":"void"
		},
		"<init>(java.io.File)":{
			"sig":"(Ljava/io/File;)V",
			"args":"(java.io.File)",
			"isStatic":false,
			"isProtected":false,
			"name":"<init>",
			"isPublic":true,
			"isPrivate":false,
			"isFinal":false,
			"type":"define",
			"isAbstract":false,
			"rtType":"void"
		},
		"decompress(org.codehaus.plexus.archiver.tar.TarUnArchiver$UntarCompressionMethod,java.io.File,java.io.InputStream)":{
			"sig":"(Lorg/codehaus/plexus/archiver/tar/TarUnArchiver$UntarCompressionMethod;Ljava/io/File;Ljava/io/InputStream;)Ljava/io/InputStream;",
			"args":"(org.codehaus.plexus.archiver.tar.TarUnArchiver$UntarCompressionMethod,java.io.File,java.io.InputStream)",
			"isStatic":false,
			"isProtected":false,
			"name":"decompress",
			"isPublic":false,
			"isPrivate":true,
			"isFinal":false,
			"type":"define",
			"isAbstract":false,
			"rtType":"java.io.InputStream"
		},
		"setEncoding(java.lang.String)":{
			"sig":"(Ljava/lang/String;)V",
			"args":"(java.lang.String)",
			"isStatic":false,
			"isProtected":false,
			"name":"setEncoding",
			"isPublic":true,
			"isPrivate":false,
			"isFinal":false,
			"type":"define",
			"isAbstract":false,
			"rtType":"void"
		},
		"execute(java.lang.String,java.io.File)":{
			"sig":"(Ljava/lang/String;Ljava/io/File;)V",
			"args":"(java.lang.String,java.io.File)",
			"isStatic":false,
			"isProtected":true,
			"name":"execute",
			"isPublic":false,
			"isPrivate":false,
			"isFinal":false,
			"type":"define",
			"isAbstract":false,
			"rtType":"void"
		},
		"execute()":{
			"sig":"()V",
			"args":"()",
			"isStatic":false,
			"isProtected":true,
			"name":"execute",
			"isPublic":false,
			"isPrivate":false,
			"isFinal":false,
			"type":"define",
			"isAbstract":false,
			"rtType":"void"
		},
		"setCompression(org.codehaus.plexus.archiver.tar.TarUnArchiver$UntarCompressionMethod)":{
			"sig":"(Lorg/codehaus/plexus/archiver/tar/TarUnArchiver$UntarCompressionMethod;)V",
			"args":"(org.codehaus.plexus.archiver.tar.TarUnArchiver$UntarCompressionMethod)",
			"isStatic":false,
			"isProtected":false,
			"name":"setCompression",
			"isPublic":true,
			"isPrivate":false,
			"isFinal":false,
			"type":"define",
			"isAbstract":false,
			"rtType":"void"
		},
		"execute(java.io.File,java.io.File)":{
			"sig":"(Ljava/io/File;Ljava/io/File;)V",
			"args":"(java.io.File,java.io.File)",
			"isStatic":false,
			"isProtected":true,
			"name":"execute",
			"isPublic":false,
			"isPrivate":false,
			"isFinal":false,
			"type":"define",
			"isAbstract":false,
			"rtType":"void"
		}
	},
	"isPublic":true,
	"className":"org.codehaus.plexus.archiver.tar.TarUnArchiver",
	"interNames":{},
	"isFinal":false,
	"isPrivate":false,
	"isAbstract":false,
	"isInterface":false,
	"superClassName":"org.codehaus.plexus.archiver.AbstractUnArchiver"
}