{
	"isProtected":false,
	"finishedSearch":false,
	"methods":{
		"archivedFileSet(java.io.File)":{
			"sig":"(Ljava/io/File;)Lorg/codehaus/plexus/archiver/util/DefaultArchivedFileSet;",
			"args":"(java.io.File)",
			"isStatic":true,
			"isProtected":false,
			"name":"archivedFileSet",
			"isPublic":true,
			"isPrivate":false,
			"isFinal":false,
			"type":"define",
			"isAbstract":false,
			"rtType":"org.codehaus.plexus.archiver.util.DefaultArchivedFileSet"
		},
		"<init>(java.io.File)":{
			"sig":"(Ljava/io/File;)V",
			"args":"(java.io.File)",
			"isStatic":false,
			"isProtected":false,
			"name":"<init>",
			"isPublic":true,
			"isPrivate":false,
			"isFinal":false,
			"type":"define",
			"isAbstract":false,
			"rtType":"void"
		},
		"getArchive()":{
			"sig":"()Ljava/io/File;",
			"args":"()",
			"isStatic":false,
			"isProtected":false,
			"name":"getArchive",
			"isPublic":true,
			"isPrivate":false,
			"isFinal":false,
			"type":"define",
			"isAbstract":false,
			"rtType":"java.io.File"
		}
	},
	"isPublic":true,
	"className":"org.codehaus.plexus.archiver.util.DefaultArchivedFileSet",
	"interNames":{
		"org.codehaus.plexus.archiver.ArchivedFileSet":"true"
	},
	"isFinal":false,
	"isPrivate":false,
	"isAbstract":false,
	"isInterface":false,
	"superClassName":"org.codehaus.plexus.archiver.util.AbstractFileSet"
}