{
	"isProtected":false,
	"finishedSearch":false,
	"methods":{
		"bufferedInputStream(java.io.InputStream)":{
			"sig":"(Ljava/io/InputStream;)Ljava/io/BufferedInputStream;",
			"args":"(java.io.InputStream)",
			"isStatic":true,
			"isProtected":false,
			"name":"bufferedInputStream",
			"isPublic":true,
			"isPrivate":false,
			"isFinal":false,
			"type":"define",
			"isAbstract":false,
			"rtType":"java.io.BufferedInputStream"
		},
		"cacheBuffer()":{
			"sig":"()[B",
			"args":"()",
			"isStatic":true,
			"isProtected":false,
			"name":"cacheBuffer",
			"isPublic":true,
			"isPrivate":false,
			"isFinal":false,
			"type":"define",
			"isAbstract":false,
			"rtType":"byte[]"
		},
		"<init>()":{
			"sig":"()V",
			"args":"()",
			"isStatic":false,
			"isProtected":false,
			"name":"<init>",
			"isPublic":true,
			"isPrivate":false,
			"isFinal":false,
			"type":"define",
			"isAbstract":false,
			"rtType":"void"
		},
		"fileInputStream(java.io.File,java.lang.String)":{
			"sig":"(Ljava/io/File;Ljava/lang/String;)Ljava/io/FileInputStream;",
			"args":"(java.io.File,java.lang.String)",
			"isStatic":true,
			"isProtected":false,
			"name":"fileInputStream",
			"isPublic":true,
			"isPrivate":false,
			"isFinal":false,
			"type":"define",
			"isAbstract":false,
			"rtType":"java.io.FileInputStream"
		},
		"copyFully(java.io.InputStream,java.io.OutputStream,java.lang.String)":{
			"sig":"(Ljava/io/InputStream;Ljava/io/OutputStream;Ljava/lang/String;)V",
			"args":"(java.io.InputStream,java.io.OutputStream,java.lang.String)",
			"isStatic":true,
			"isProtected":false,
			"name":"copyFully",
			"isPublic":true,
			"isPrivate":false,
			"isFinal":false,
			"type":"define",
			"isAbstract":false,
			"rtType":"void"
		},
		"fileOutputStream(java.io.File,java.lang.String)":{
			"sig":"(Ljava/io/File;Ljava/lang/String;)Ljava/io/FileOutputStream;",
			"args":"(java.io.File,java.lang.String)",
			"isStatic":true,
			"isProtected":false,
			"name":"fileOutputStream",
			"isPublic":true,
			"isPrivate":false,
			"isFinal":false,
			"type":"define",
			"isAbstract":false,
			"rtType":"java.io.FileOutputStream"
		},
		"fileOutputStream(java.io.File)":{
			"sig":"(Ljava/io/File;)Ljava/io/FileOutputStream;",
			"args":"(java.io.File)",
			"isStatic":true,
			"isProtected":false,
			"name":"fileOutputStream",
			"isPublic":true,
			"isPrivate":false,
			"isFinal":false,
			"type":"define",
			"isAbstract":false,
			"rtType":"java.io.FileOutputStream"
		},
		"bufferedOutputStream(java.io.OutputStream)":{
			"sig":"(Ljava/io/OutputStream;)Ljava/io/BufferedOutputStream;",
			"args":"(java.io.OutputStream)",
			"isStatic":true,
			"isProtected":false,
			"name":"bufferedOutputStream",
			"isPublic":true,
			"isPrivate":false,
			"isFinal":false,
			"type":"define",
			"isAbstract":false,
			"rtType":"java.io.BufferedOutputStream"
		},
		"fileInputStream(java.io.File)":{
			"sig":"(Ljava/io/File;)Ljava/io/FileInputStream;",
			"args":"(java.io.File)",
			"isStatic":true,
			"isProtected":false,
			"name":"fileInputStream",
			"isPublic":true,
			"isPrivate":false,
			"isFinal":false,
			"type":"define",
			"isAbstract":false,
			"rtType":"java.io.FileInputStream"
		},
		"copyFullyDontCloseOutput(java.io.InputStream,java.io.OutputStream,java.lang.String)":{
			"sig":"(Ljava/io/InputStream;Ljava/io/OutputStream;Ljava/lang/String;)V",
			"args":"(java.io.InputStream,java.io.OutputStream,java.lang.String)",
			"isStatic":true,
			"isProtected":false,
			"name":"copyFullyDontCloseOutput",
			"isPublic":true,
			"isPrivate":false,
			"isFinal":false,
			"type":"define",
			"isAbstract":false,
			"rtType":"void"
		}
	},
	"isPublic":true,
	"className":"org.codehaus.plexus.archiver.util.Streams",
	"interNames":{},
	"isFinal":false,
	"isPrivate":false,
	"isAbstract":false,
	"isInterface":false,
	"superClassName":"java.lang.Object"
}