{
	"isProtected":false,
	"finishedSearch":false,
	"methods":{
		"<init>()":{
			"sig":"()V",
			"args":"()",
			"isStatic":false,
			"isProtected":false,
			"name":"<init>",
			"isPublic":true,
			"isPrivate":false,
			"isFinal":false,
			"type":"define",
			"isAbstract":false,
			"rtType":"void"
		},
		"getName()":{
			"sig":"()Ljava/lang/String;",
			"args":"()",
			"isStatic":false,
			"isProtected":false,
			"name":"getName",
			"isPublic":true,
			"isPrivate":false,
			"isFinal":false,
			"type":"define",
			"isAbstract":false,
			"rtType":"java.lang.String"
		},
		"iterator()":{
			"sig":"()Ljava/util/Iterator;",
			"args":"()",
			"isStatic":false,
			"isProtected":false,
			"name":"iterator",
			"isPublic":true,
			"isPrivate":false,
			"isFinal":false,
			"type":"define",
			"isAbstract":false,
			"rtType":"java.util.Iterator"
		},
		"storeAttribute(org.codehaus.plexus.archiver.jar.Manifest$Attribute)":{
			"sig":"(Lorg/codehaus/plexus/archiver/jar/Manifest$Attribute;)V",
			"args":"(org.codehaus.plexus.archiver.jar.Manifest$Attribute)",
			"isStatic":false,
			"isProtected":true,
			"name":"storeAttribute",
			"isPublic":false,
			"isPrivate":false,
			"isFinal":false,
			"type":"define",
			"isAbstract":false,
			"rtType":"void"
		},
		"setName(java.lang.String)":{
			"sig":"(Ljava/lang/String;)V",
			"args":"(java.lang.String)",
			"isStatic":false,
			"isProtected":false,
			"name":"setName",
			"isPublic":true,
			"isPrivate":false,
			"isFinal":false,
			"type":"define",
			"isAbstract":false,
			"rtType":"void"
		},
		"equals(java.lang.Object)":{
			"sig":"(Ljava/lang/Object;)Z",
			"args":"(java.lang.Object)",
			"isStatic":false,
			"isProtected":false,
			"name":"equals",
			"isPublic":true,
			"isPrivate":false,
			"isFinal":false,
			"type":"define",
			"isAbstract":false,
			"rtType":"boolean"
		},
		"addConfiguredAttribute(org.codehaus.plexus.archiver.jar.Manifest$Attribute)":{
			"sig":"(Lorg/codehaus/plexus/archiver/jar/Manifest$Attribute;)V",
			"args":"(org.codehaus.plexus.archiver.jar.Manifest$Attribute)",
			"isStatic":false,
			"isProtected":false,
			"name":"addConfiguredAttribute",
			"isPublic":true,
			"isPrivate":false,
			"isFinal":false,
			"type":"define",
			"isAbstract":false,
			"rtType":"void"
		},
		"addAttributeAndCheck(org.codehaus.plexus.archiver.jar.Manifest$Attribute)":{
			"sig":"(Lorg/codehaus/plexus/archiver/jar/Manifest$Attribute;)Ljava/lang/String;",
			"args":"(org.codehaus.plexus.archiver.jar.Manifest$Attribute)",
			"isStatic":false,
			"isProtected":false,
			"name":"addAttributeAndCheck",
			"isPublic":true,
			"isPrivate":false,
			"isFinal":false,
			"type":"define",
			"isAbstract":false,
			"rtType":"java.lang.String"
		},
		"getAttribute(java.lang.String)":{
			"sig":"(Ljava/lang/String;)Lorg/codehaus/plexus/archiver/jar/Manifest$Attribute;",
			"args":"(java.lang.String)",
			"isStatic":false,
			"isProtected":false,
			"name":"getAttribute",
			"isPublic":true,
			"isPrivate":false,
			"isFinal":false,
			"type":"define",
			"isAbstract":false,
			"rtType":"org.codehaus.plexus.archiver.jar.Manifest$Attribute"
		},
		"getWarnings()":{
			"sig":"()Ljava/util/Enumeration;",
			"args":"()",
			"isStatic":false,
			"isProtected":false,
			"name":"getWarnings",
			"isPublic":true,
			"isPrivate":false,
			"isFinal":false,
			"type":"define",
			"isAbstract":false,
			"rtType":"java.util.Enumeration"
		},
		"hashCode()":{
			"sig":"()I",
			"args":"()",
			"isStatic":false,
			"isProtected":false,
			"name":"hashCode",
			"isPublic":true,
			"isPrivate":false,
			"isFinal":false,
			"type":"define",
			"isAbstract":false,
			"rtType":"int"
		},
		"access$200(org.codehaus.plexus.archiver.jar.Manifest$Section)":{
			"sig":"(Lorg/codehaus/plexus/archiver/jar/Manifest$Section;)Ljava/util/Hashtable;",
			"args":"(org.codehaus.plexus.archiver.jar.Manifest$Section)",
			"isStatic":true,
			"isProtected":false,
			"name":"access$200",
			"isPublic":false,
			"isPrivate":false,
			"isFinal":false,
			"type":"define",
			"isAbstract":false,
			"rtType":"java.util.Hashtable"
		}
	},
	"isPublic":true,
	"className":"org.codehaus.plexus.archiver.jar.Manifest$Section",
	"interNames":{
		"java.lang.Iterable":"true"
	},
	"isFinal":false,
	"isPrivate":false,
	"isAbstract":false,
	"isInterface":false,
	"superClassName":"java.lang.Object"
}