{
	"isProtected":false,
	"finishedSearch":false,
	"methods":{
		"<init>()":{
			"sig":"()V",
			"args":"()",
			"isStatic":false,
			"isProtected":false,
			"name":"<init>",
			"isPublic":true,
			"isPrivate":false,
			"isFinal":false,
			"type":"define",
			"isAbstract":false,
			"rtType":"void"
		},
		"extractFileIfIncluded(java.io.File,java.io.File,java.io.InputStream,java.lang.String,java.util.Date,boolean,java.lang.Integer,java.lang.String)":{
			"sig":"(Ljava/io/File;Ljava/io/File;Ljava/io/InputStream;Ljava/lang/String;Ljava/util/Date;ZLjava/lang/Integer;Ljava/lang/String;)V",
			"args":"(java.io.File,java.io.File,java.io.InputStream,java.lang.String,java.util.Date,boolean,java.lang.Integer,java.lang.String)",
			"isStatic":false,
			"isProtected":false,
			"name":"extractFileIfIncluded",
			"isPublic":false,
			"isPrivate":true,
			"isFinal":false,
			"type":"define",
			"isAbstract":false,
			"rtType":"void"
		},
		"resolveSymlink(org.apache.commons.compress.archivers.zip.ZipFile,org.apache.commons.compress.archivers.zip.ZipArchiveEntry)":{
			"sig":"(Lorg/apache/commons/compress/archivers/zip/ZipFile;Lorg/apache/commons/compress/archivers/zip/ZipArchiveEntry;)Ljava/lang/String;",
			"args":"(org.apache.commons.compress.archivers.zip.ZipFile,org.apache.commons.compress.archivers.zip.ZipArchiveEntry)",
			"isStatic":false,
			"isProtected":false,
			"name":"resolveSymlink",
			"isPublic":false,
			"isPrivate":true,
			"isFinal":false,
			"type":"define",
			"isAbstract":false,
			"rtType":"java.lang.String"
		},
		"<init>(java.io.File)":{
			"sig":"(Ljava/io/File;)V",
			"args":"(java.io.File)",
			"isStatic":false,
			"isProtected":false,
			"name":"<init>",
			"isPublic":true,
			"isPrivate":false,
			"isFinal":false,
			"type":"define",
			"isAbstract":false,
			"rtType":"void"
		},
		"setEncoding(java.lang.String)":{
			"sig":"(Ljava/lang/String;)V",
			"args":"(java.lang.String)",
			"isStatic":false,
			"isProtected":false,
			"name":"setEncoding",
			"isPublic":true,
			"isPrivate":false,
			"isFinal":false,
			"type":"define",
			"isAbstract":false,
			"rtType":"void"
		},
		"execute(java.lang.String,java.io.File)":{
			"sig":"(Ljava/lang/String;Ljava/io/File;)V",
			"args":"(java.lang.String,java.io.File)",
			"isStatic":false,
			"isProtected":true,
			"name":"execute",
			"isPublic":false,
			"isPrivate":false,
			"isFinal":false,
			"type":"define",
			"isAbstract":false,
			"rtType":"void"
		},
		"execute()":{
			"sig":"()V",
			"args":"()",
			"isStatic":false,
			"isProtected":true,
			"name":"execute",
			"isPublic":false,
			"isPrivate":false,
			"isFinal":false,
			"type":"define",
			"isAbstract":false,
			"rtType":"void"
		}
	},
	"isPublic":true,
	"className":"org.codehaus.plexus.archiver.zip.AbstractZipUnArchiver",
	"interNames":{},
	"isFinal":false,
	"isPrivate":false,
	"isAbstract":true,
	"isInterface":false,
	"superClassName":"org.codehaus.plexus.archiver.AbstractUnArchiver"
}