{
	"isProtected":false,
	"finishedSearch":false,
	"methods":{
		"access$100(org.codehaus.plexus.archiver.AbstractArchiver$AddedResourceCollection,int,boolean)":{
			"sig":"(Lorg/codehaus/plexus/archiver/AbstractArchiver$AddedResourceCollection;IZ)I",
			"args":"(org.codehaus.plexus.archiver.AbstractArchiver$AddedResourceCollection,int,boolean)",
			"isStatic":true,
			"isProtected":false,
			"name":"access$100",
			"isPublic":false,
			"isPrivate":false,
			"isFinal":false,
			"type":"define",
			"isAbstract":false,
			"rtType":"int"
		},
		"access$000(org.codehaus.plexus.archiver.AbstractArchiver$AddedResourceCollection)":{
			"sig":"(Lorg/codehaus/plexus/archiver/AbstractArchiver$AddedResourceCollection;)Lorg/codehaus/plexus/components/io/resources/PlexusIoResourceCollection;",
			"args":"(org.codehaus.plexus.archiver.AbstractArchiver$AddedResourceCollection)",
			"isStatic":true,
			"isProtected":false,
			"name":"access$000",
			"isPublic":false,
			"isPrivate":false,
			"isFinal":false,
			"type":"define",
			"isAbstract":false,
			"rtType":"org.codehaus.plexus.components.io.resources.PlexusIoResourceCollection"
		},
		"<init>(org.codehaus.plexus.components.io.resources.PlexusIoResourceCollection,int,int)":{
			"sig":"(Lorg/codehaus/plexus/components/io/resources/PlexusIoResourceCollection;II)V",
			"args":"(org.codehaus.plexus.components.io.resources.PlexusIoResourceCollection,int,int)",
			"isStatic":false,
			"isProtected":false,
			"name":"<init>",
			"isPublic":true,
			"isPrivate":false,
			"isFinal":false,
			"type":"define",
			"isAbstract":false,
			"rtType":"void"
		},
		"maybeOverridden(int,boolean)":{
			"sig":"(IZ)I",
			"args":"(int,boolean)",
			"isStatic":false,
			"isProtected":false,
			"name":"maybeOverridden",
			"isPublic":false,
			"isPrivate":true,
			"isFinal":false,
			"type":"define",
			"isAbstract":false,
			"rtType":"int"
		}
	},
	"isPublic":false,
	"className":"org.codehaus.plexus.archiver.AbstractArchiver$AddedResourceCollection",
	"interNames":{},
	"isFinal":false,
	"isPrivate":false,
	"isAbstract":false,
	"isInterface":false,
	"superClassName":"java.lang.Object"
}