{
	"isProtected":false,
	"finishedSearch":false,
	"methods":{
		"getResource(java.lang.String)":{
			"sig":"(Ljava/lang/String;)Ljava/net/URL;",
			"args":"(java.lang.String)",
			"isStatic":false,
			"isProtected":false,
			"name":"getResource",
			"isPublic":true,
			"isPrivate":false,
			"isFinal":false,
			"type":"define",
			"isAbstract":false,
			"rtType":"java.net.URL"
		},
		"<init>(org.codehaus.plexus.archiver.zip.PlexusIoZipFileResourceCollection,java.net.URL[],java.lang.ClassLoader)":{
			"sig":"(Lorg/codehaus/plexus/archiver/zip/PlexusIoZipFileResourceCollection;[Ljava/net/URL;Ljava/lang/ClassLoader;)V",
			"args":"(org.codehaus.plexus.archiver.zip.PlexusIoZipFileResourceCollection,java.net.URL[],java.lang.ClassLoader)",
			"isStatic":false,
			"isProtected":false,
			"name":"<init>",
			"isPublic":false,
			"isPrivate":false,
			"isFinal":false,
			"type":"define",
			"isAbstract":false,
			"rtType":"void"
		}
	},
	"isPublic":false,
	"className":"org.codehaus.plexus.archiver.zip.PlexusIoZipFileResourceCollection$1",
	"interNames":{},
	"isFinal":false,
	"isPrivate":false,
	"isAbstract":false,
	"isInterface":false,
	"superClassName":"java.net.URLClassLoader"
}