{
	"isProtected":false,
	"finishedSearch":false,
	"methods":{
		"include(java.io.InputStream,java.lang.String)":{
			"sig":"(Ljava/io/InputStream;Ljava/lang/String;)Z",
			"args":"(java.io.InputStream,java.lang.String)",
			"isStatic":false,
			"isProtected":false,
			"name":"include",
			"isPublic":true,
			"isPrivate":false,
			"isFinal":false,
			"type":"define",
			"isAbstract":true,
			"rtType":"boolean"
		}
	},
	"isPublic":true,
	"className":"org.codehaus.plexus.archiver.ArchiveFileFilter",
	"interNames":{},
	"isFinal":false,
	"isPrivate":false,
	"isAbstract":true,
	"isInterface":true,
	"superClassName":"java.lang.Object"
}