{
	"isProtected":false,
	"finishedSearch":false,
	"methods":{
		"addLibs(java.io.File,java.lang.String[],java.lang.String[])":{
			"sig":"(Ljava/io/File;[Ljava/lang/String;[Ljava/lang/String;)V",
			"args":"(java.io.File,java.lang.String[],java.lang.String[])",
			"isStatic":false,
			"isProtected":false,
			"name":"addLibs",
			"isPublic":true,
			"isPrivate":false,
			"isFinal":false,
			"type":"define",
			"isAbstract":false,
			"rtType":"void"
		},
		"cleanUp()":{
			"sig":"()V",
			"args":"()",
			"isStatic":false,
			"isProtected":true,
			"name":"cleanUp",
			"isPublic":false,
			"isPrivate":false,
			"isFinal":false,
			"type":"define",
			"isAbstract":false,
			"rtType":"void"
		},
		"<init>()":{
			"sig":"()V",
			"args":"()",
			"isStatic":false,
			"isProtected":false,
			"name":"<init>",
			"isPublic":true,
			"isPrivate":false,
			"isFinal":false,
			"type":"define",
			"isAbstract":false,
			"rtType":"void"
		},
		"addLib(java.io.File)":{
			"sig":"(Ljava/io/File;)V",
			"args":"(java.io.File)",
			"isStatic":false,
			"isProtected":false,
			"name":"addLib",
			"isPublic":true,
			"isPrivate":false,
			"isFinal":false,
			"type":"define",
			"isAbstract":false,
			"rtType":"void"
		},
		"addClass(java.io.File)":{
			"sig":"(Ljava/io/File;)V",
			"args":"(java.io.File)",
			"isStatic":false,
			"isProtected":false,
			"name":"addClass",
			"isPublic":true,
			"isPrivate":false,
			"isFinal":false,
			"type":"define",
			"isAbstract":false,
			"rtType":"void"
		},
		"initZipOutputStream(org.codehaus.plexus.archiver.zip.ConcurrentJarCreator)":{
			"sig":"(Lorg/codehaus/plexus/archiver/zip/ConcurrentJarCreator;)V",
			"args":"(org.codehaus.plexus.archiver.zip.ConcurrentJarCreator)",
			"isStatic":false,
			"isProtected":true,
			"name":"initZipOutputStream",
			"isPublic":false,
			"isPrivate":false,
			"isFinal":false,
			"type":"define",
			"isAbstract":false,
			"rtType":"void"
		},
		"zipFile(org.codehaus.plexus.archiver.ArchiveEntry,org.codehaus.plexus.archiver.zip.ConcurrentJarCreator,java.lang.String)":{
			"sig":"(Lorg/codehaus/plexus/archiver/ArchiveEntry;Lorg/codehaus/plexus/archiver/zip/ConcurrentJarCreator;Ljava/lang/String;)V",
			"args":"(org.codehaus.plexus.archiver.ArchiveEntry,org.codehaus.plexus.archiver.zip.ConcurrentJarCreator,java.lang.String)",
			"isStatic":false,
			"isProtected":true,
			"name":"zipFile",
			"isPublic":false,
			"isPrivate":false,
			"isFinal":false,
			"type":"define",
			"isAbstract":false,
			"rtType":"void"
		},
		"setExpectWebXml(boolean)":{
			"sig":"(Z)V",
			"args":"(boolean)",
			"isStatic":false,
			"isProtected":false,
			"name":"setExpectWebXml",
			"isPublic":true,
			"isPrivate":false,
			"isFinal":false,
			"type":"define",
			"isAbstract":false,
			"rtType":"void"
		},
		"setWebxml(java.io.File)":{
			"sig":"(Ljava/io/File;)V",
			"args":"(java.io.File)",
			"isStatic":false,
			"isProtected":false,
			"name":"setWebxml",
			"isPublic":true,
			"isPrivate":false,
			"isFinal":false,
			"type":"define",
			"isAbstract":false,
			"rtType":"void"
		},
		"addWebinf(java.io.File,java.lang.String[],java.lang.String[])":{
			"sig":"(Ljava/io/File;[Ljava/lang/String;[Ljava/lang/String;)V",
			"args":"(java.io.File,java.lang.String[],java.lang.String[])",
			"isStatic":false,
			"isProtected":false,
			"name":"addWebinf",
			"isPublic":true,
			"isPrivate":false,
			"isFinal":false,
			"type":"define",
			"isAbstract":false,
			"rtType":"void"
		},
		"setIgnoreWebxml(boolean)":{
			"sig":"(Z)V",
			"args":"(boolean)",
			"isStatic":false,
			"isProtected":false,
			"name":"setIgnoreWebxml",
			"isPublic":true,
			"isPrivate":false,
			"isFinal":false,
			"type":"define",
			"isAbstract":false,
			"rtType":"void"
		},
		"addClasses(java.io.File,java.lang.String[],java.lang.String[])":{
			"sig":"(Ljava/io/File;[Ljava/lang/String;[Ljava/lang/String;)V",
			"args":"(java.io.File,java.lang.String[],java.lang.String[])",
			"isStatic":false,
			"isProtected":false,
			"name":"addClasses",
			"isPublic":true,
			"isPrivate":false,
			"isFinal":false,
			"type":"define",
			"isAbstract":false,
			"rtType":"void"
		}
	},
	"isPublic":true,
	"className":"org.codehaus.plexus.archiver.war.WarArchiver",
	"interNames":{},
	"isFinal":false,
	"isPrivate":false,
	"isAbstract":false,
	"isInterface":false,
	"superClassName":"org.codehaus.plexus.archiver.jar.JarArchiver"
}