{
	"isProtected":false,
	"finishedSearch":false,
	"methods":{
		"addArchivedFileSet(org.codehaus.plexus.archiver.ArchivedFileSet,java.nio.charset.Charset)":{
			"sig":"(Lorg/codehaus/plexus/archiver/ArchivedFileSet;Ljava/nio/charset/Charset;)V",
			"args":"(org.codehaus.plexus.archiver.ArchivedFileSet,java.nio.charset.Charset)",
			"isStatic":false,
			"isProtected":false,
			"name":"addArchivedFileSet",
			"isPublic":true,
			"isPrivate":false,
			"isFinal":false,
			"type":"define",
			"isAbstract":true,
			"rtType":"void"
		},
		"setDirectoryMode(int)":{
			"sig":"(I)V",
			"args":"(int)",
			"isStatic":false,
			"isProtected":false,
			"name":"setDirectoryMode",
			"isPublic":true,
			"isPrivate":false,
			"isFinal":false,
			"type":"define",
			"isAbstract":true,
			"rtType":"void"
		},
		"addResources(org.codehaus.plexus.components.io.resources.PlexusIoResourceCollection)":{
			"sig":"(Lorg/codehaus/plexus/components/io/resources/PlexusIoResourceCollection;)V",
			"args":"(org.codehaus.plexus.components.io.resources.PlexusIoResourceCollection)",
			"isStatic":false,
			"isProtected":false,
			"name":"addResources",
			"isPublic":true,
			"isPrivate":false,
			"isFinal":false,
			"type":"define",
			"isAbstract":true,
			"rtType":"void"
		},
		"addResource(org.codehaus.plexus.components.io.resources.PlexusIoResource,java.lang.String,int)":{
			"sig":"(Lorg/codehaus/plexus/components/io/resources/PlexusIoResource;Ljava/lang/String;I)V",
			"args":"(org.codehaus.plexus.components.io.resources.PlexusIoResource,java.lang.String,int)",
			"isStatic":false,
			"isProtected":false,
			"name":"addResource",
			"isPublic":true,
			"isPrivate":false,
			"isFinal":false,
			"type":"define",
			"isAbstract":true,
			"rtType":"void"
		},
		"setFileMode(int)":{
			"sig":"(I)V",
			"args":"(int)",
			"isStatic":false,
			"isProtected":false,
			"name":"setFileMode",
			"isPublic":true,
			"isPrivate":false,
			"isFinal":false,
			"type":"define",
			"isAbstract":true,
			"rtType":"void"
		},
		"isUseJvmChmod()":{
			"sig":"()Z",
			"args":"()",
			"isStatic":false,
			"isProtected":false,
			"name":"isUseJvmChmod",
			"isPublic":true,
			"isPrivate":false,
			"isFinal":false,
			"type":"define",
			"isAbstract":true,
			"rtType":"boolean"
		},
		"getOverrideDirectoryMode()":{
			"sig":"()I",
			"args":"()",
			"isStatic":false,
			"isProtected":false,
			"name":"getOverrideDirectoryMode",
			"isPublic":true,
			"isPrivate":false,
			"isFinal":false,
			"type":"define",
			"isAbstract":true,
			"rtType":"int"
		},
		"setDotFileDirectory(java.io.File)":{
			"sig":"(Ljava/io/File;)V",
			"args":"(java.io.File)",
			"isStatic":false,
			"isProtected":false,
			"name":"setDotFileDirectory",
			"isPublic":true,
			"isPrivate":false,
			"isFinal":false,
			"type":"define",
			"isAbstract":true,
			"rtType":"void"
		},
		"isForced()":{
			"sig":"()Z",
			"args":"()",
			"isStatic":false,
			"isProtected":false,
			"name":"isForced",
			"isPublic":true,
			"isPrivate":false,
			"isFinal":false,
			"type":"define",
			"isAbstract":true,
			"rtType":"boolean"
		},
		"addDirectory(java.io.File,java.lang.String[],java.lang.String[])":{
			"sig":"(Ljava/io/File;[Ljava/lang/String;[Ljava/lang/String;)V",
			"args":"(java.io.File,java.lang.String[],java.lang.String[])",
			"isStatic":false,
			"isProtected":false,
			"name":"addDirectory",
			"isPublic":true,
			"isPrivate":false,
			"isFinal":false,
			"type":"define",
			"isAbstract":true,
			"rtType":"void"
		},
		"addDirectory(java.io.File,java.lang.String,java.lang.String[],java.lang.String[])":{
			"sig":"(Ljava/io/File;Ljava/lang/String;[Ljava/lang/String;[Ljava/lang/String;)V",
			"args":"(java.io.File,java.lang.String,java.lang.String[],java.lang.String[])",
			"isStatic":false,
			"isProtected":false,
			"name":"addDirectory",
			"isPublic":true,
			"isPrivate":false,
			"isFinal":false,
			"type":"define",
			"isAbstract":true,
			"rtType":"void"
		},
		"addSymlink(java.lang.String,int,java.lang.String)":{
			"sig":"(Ljava/lang/String;ILjava/lang/String;)V",
			"args":"(java.lang.String,int,java.lang.String)",
			"isStatic":false,
			"isProtected":false,
			"name":"addSymlink",
			"isPublic":true,
			"isPrivate":false,
			"isFinal":false,
			"type":"define",
			"isAbstract":true,
			"rtType":"void"
		},
		"getDirectoryMode()":{
			"sig":"()I",
			"args":"()",
			"isStatic":false,
			"isProtected":false,
			"name":"getDirectoryMode",
			"isPublic":true,
			"isPrivate":false,
			"isFinal":false,
			"type":"define",
			"isAbstract":true,
			"rtType":"int"
		},
		"addFileSet(org.codehaus.plexus.archiver.FileSet)":{
			"sig":"(Lorg/codehaus/plexus/archiver/FileSet;)V",
			"args":"(org.codehaus.plexus.archiver.FileSet)",
			"isStatic":false,
			"isProtected":false,
			"name":"addFileSet",
			"isPublic":true,
			"isPrivate":false,
			"isFinal":false,
			"type":"define",
			"isAbstract":true,
			"rtType":"void"
		},
		"getOverrideFileMode()":{
			"sig":"()I",
			"args":"()",
			"isStatic":false,
			"isProtected":false,
			"name":"getOverrideFileMode",
			"isPublic":true,
			"isPrivate":false,
			"isFinal":false,
			"type":"define",
			"isAbstract":true,
			"rtType":"int"
		},
		"getFiles()":{
			"sig":"()Ljava/util/Map;",
			"args":"()",
			"isStatic":false,
			"isProtected":false,
			"name":"getFiles",
			"isPublic":true,
			"isPrivate":false,
			"isFinal":false,
			"type":"define",
			"isAbstract":true,
			"rtType":"java.util.Map"
		},
		"isSupportingForced()":{
			"sig":"()Z",
			"args":"()",
			"isStatic":false,
			"isProtected":false,
			"name":"isSupportingForced",
			"isPublic":true,
			"isPrivate":false,
			"isFinal":false,
			"type":"define",
			"isAbstract":true,
			"rtType":"boolean"
		},
		"addArchivedFileSet(java.io.File,java.lang.String,java.lang.String[],java.lang.String[])":{
			"sig":"(Ljava/io/File;Ljava/lang/String;[Ljava/lang/String;[Ljava/lang/String;)V",
			"args":"(java.io.File,java.lang.String,java.lang.String[],java.lang.String[])",
			"isStatic":false,
			"isProtected":false,
			"name":"addArchivedFileSet",
			"isPublic":true,
			"isPrivate":false,
			"isFinal":false,
			"type":"define",
			"isAbstract":true,
			"rtType":"void"
		},
		"getDefaultFileMode()":{
			"sig":"()I",
			"args":"()",
			"isStatic":false,
			"isProtected":false,
			"name":"getDefaultFileMode",
			"isPublic":true,
			"isPrivate":false,
			"isFinal":false,
			"type":"define",
			"isAbstract":true,
			"rtType":"int"
		},
		"addArchivedFileSet(java.io.File,java.lang.String)":{
			"sig":"(Ljava/io/File;Ljava/lang/String;)V",
			"args":"(java.io.File,java.lang.String)",
			"isStatic":false,
			"isProtected":false,
			"name":"addArchivedFileSet",
			"isPublic":true,
			"isPrivate":false,
			"isFinal":false,
			"type":"define",
			"isAbstract":true,
			"rtType":"void"
		},
		"setDestFile(java.io.File)":{
			"sig":"(Ljava/io/File;)V",
			"args":"(java.io.File)",
			"isStatic":false,
			"isProtected":false,
			"name":"setDestFile",
			"isPublic":true,
			"isPrivate":false,
			"isFinal":false,
			"type":"define",
			"isAbstract":true,
			"rtType":"void"
		},
		"getResources()":{
			"sig":"()Lorg/codehaus/plexus/archiver/ResourceIterator;",
			"args":"()",
			"isStatic":false,
			"isProtected":false,
			"name":"getResources",
			"isPublic":true,
			"isPrivate":false,
			"isFinal":false,
			"type":"define",
			"isAbstract":true,
			"rtType":"org.codehaus.plexus.archiver.ResourceIterator"
		},
		"addSymlink(java.lang.String,java.lang.String)":{
			"sig":"(Ljava/lang/String;Ljava/lang/String;)V",
			"args":"(java.lang.String,java.lang.String)",
			"isStatic":false,
			"isProtected":false,
			"name":"addSymlink",
			"isPublic":true,
			"isPrivate":false,
			"isFinal":false,
			"type":"define",
			"isAbstract":true,
			"rtType":"void"
		},
		"setDefaultDirectoryMode(int)":{
			"sig":"(I)V",
			"args":"(int)",
			"isStatic":false,
			"isProtected":false,
			"name":"setDefaultDirectoryMode",
			"isPublic":true,
			"isPrivate":false,
			"isFinal":false,
			"type":"define",
			"isAbstract":true,
			"rtType":"void"
		},
		"getDefaultDirectoryMode()":{
			"sig":"()I",
			"args":"()",
			"isStatic":false,
			"isProtected":false,
			"name":"getDefaultDirectoryMode",
			"isPublic":true,
			"isPrivate":false,
			"isFinal":false,
			"type":"define",
			"isAbstract":true,
			"rtType":"int"
		},
		"setIgnorePermissions(boolean)":{
			"sig":"(Z)V",
			"args":"(boolean)",
			"isStatic":false,
			"isProtected":false,
			"name":"setIgnorePermissions",
			"isPublic":true,
			"isPrivate":false,
			"isFinal":false,
			"type":"define",
			"isAbstract":true,
			"rtType":"void"
		},
		"getIncludeEmptyDirs()":{
			"sig":"()Z",
			"args":"()",
			"isStatic":false,
			"isProtected":false,
			"name":"getIncludeEmptyDirs",
			"isPublic":true,
			"isPrivate":false,
			"isFinal":false,
			"type":"define",
			"isAbstract":true,
			"rtType":"boolean"
		},
		"setIncludeEmptyDirs(boolean)":{
			"sig":"(Z)V",
			"args":"(boolean)",
			"isStatic":false,
			"isProtected":false,
			"name":"setIncludeEmptyDirs",
			"isPublic":true,
			"isPrivate":false,
			"isFinal":false,
			"type":"define",
			"isAbstract":true,
			"rtType":"void"
		},
		"addArchivedFileSet(java.io.File)":{
			"sig":"(Ljava/io/File;)V",
			"args":"(java.io.File)",
			"isStatic":false,
			"isProtected":false,
			"name":"addArchivedFileSet",
			"isPublic":true,
			"isPrivate":false,
			"isFinal":false,
			"type":"define",
			"isAbstract":true,
			"rtType":"void"
		},
		"setForced(boolean)":{
			"sig":"(Z)V",
			"args":"(boolean)",
			"isStatic":false,
			"isProtected":false,
			"name":"setForced",
			"isPublic":true,
			"isPrivate":false,
			"isFinal":false,
			"type":"define",
			"isAbstract":true,
			"rtType":"void"
		},
		"<clinit>()":{
			"sig":"()V",
			"args":"()",
			"isStatic":true,
			"isProtected":false,
			"name":"<clinit>",
			"isPublic":false,
			"isPrivate":false,
			"isFinal":false,
			"type":"define",
			"isAbstract":false,
			"rtType":"void"
		},
		"addFile(java.io.File,java.lang.String,int)":{
			"sig":"(Ljava/io/File;Ljava/lang/String;I)V",
			"args":"(java.io.File,java.lang.String,int)",
			"isStatic":false,
			"isProtected":false,
			"name":"addFile",
			"isPublic":true,
			"isPrivate":false,
			"isFinal":false,
			"type":"define",
			"isAbstract":true,
			"rtType":"void"
		},
		"getDuplicateBehavior()":{
			"sig":"()Ljava/lang/String;",
			"args":"()",
			"isStatic":false,
			"isProtected":false,
			"name":"getDuplicateBehavior",
			"isPublic":true,
			"isPrivate":false,
			"isFinal":false,
			"type":"define",
			"isAbstract":true,
			"rtType":"java.lang.String"
		},
		"addFile(java.io.File,java.lang.String)":{
			"sig":"(Ljava/io/File;Ljava/lang/String;)V",
			"args":"(java.io.File,java.lang.String)",
			"isStatic":false,
			"isProtected":false,
			"name":"addFile",
			"isPublic":true,
			"isPrivate":false,
			"isFinal":false,
			"type":"define",
			"isAbstract":true,
			"rtType":"void"
		},
		"getDestFile()":{
			"sig":"()Ljava/io/File;",
			"args":"()",
			"isStatic":false,
			"isProtected":false,
			"name":"getDestFile",
			"isPublic":true,
			"isPrivate":false,
			"isFinal":false,
			"type":"define",
			"isAbstract":true,
			"rtType":"java.io.File"
		},
		"addDirectory(java.io.File)":{
			"sig":"(Ljava/io/File;)V",
			"args":"(java.io.File)",
			"isStatic":false,
			"isProtected":false,
			"name":"addDirectory",
			"isPublic":true,
			"isPrivate":false,
			"isFinal":false,
			"type":"define",
			"isAbstract":true,
			"rtType":"void"
		},
		"getFileMode()":{
			"sig":"()I",
			"args":"()",
			"isStatic":false,
			"isProtected":false,
			"name":"getFileMode",
			"isPublic":true,
			"isPrivate":false,
			"isFinal":false,
			"type":"define",
			"isAbstract":true,
			"rtType":"int"
		},
		"addDirectory(java.io.File,java.lang.String)":{
			"sig":"(Ljava/io/File;Ljava/lang/String;)V",
			"args":"(java.io.File,java.lang.String)",
			"isStatic":false,
			"isProtected":false,
			"name":"addDirectory",
			"isPublic":true,
			"isPrivate":false,
			"isFinal":false,
			"type":"define",
			"isAbstract":true,
			"rtType":"void"
		},
		"addArchivedFileSet(java.io.File,java.lang.String[],java.lang.String[])":{
			"sig":"(Ljava/io/File;[Ljava/lang/String;[Ljava/lang/String;)V",
			"args":"(java.io.File,java.lang.String[],java.lang.String[])",
			"isStatic":false,
			"isProtected":false,
			"name":"addArchivedFileSet",
			"isPublic":true,
			"isPrivate":false,
			"isFinal":false,
			"type":"define",
			"isAbstract":true,
			"rtType":"void"
		},
		"addArchivedFileSet(org.codehaus.plexus.archiver.ArchivedFileSet)":{
			"sig":"(Lorg/codehaus/plexus/archiver/ArchivedFileSet;)V",
			"args":"(org.codehaus.plexus.archiver.ArchivedFileSet)",
			"isStatic":false,
			"isProtected":false,
			"name":"addArchivedFileSet",
			"isPublic":true,
			"isPrivate":false,
			"isFinal":false,
			"type":"define",
			"isAbstract":true,
			"rtType":"void"
		},
		"setDefaultFileMode(int)":{
			"sig":"(I)V",
			"args":"(int)",
			"isStatic":false,
			"isProtected":false,
			"name":"setDefaultFileMode",
			"isPublic":true,
			"isPrivate":false,
			"isFinal":false,
			"type":"define",
			"isAbstract":true,
			"rtType":"void"
		},
		"createArchive()":{
			"sig":"()V",
			"args":"()",
			"isStatic":false,
			"isProtected":false,
			"name":"createArchive",
			"isPublic":true,
			"isPrivate":false,
			"isFinal":false,
			"type":"define",
			"isAbstract":true,
			"rtType":"void"
		},
		"isIgnorePermissions()":{
			"sig":"()Z",
			"args":"()",
			"isStatic":false,
			"isProtected":false,
			"name":"isIgnorePermissions",
			"isPublic":true,
			"isPrivate":false,
			"isFinal":false,
			"type":"define",
			"isAbstract":true,
			"rtType":"boolean"
		},
		"setDuplicateBehavior(java.lang.String)":{
			"sig":"(Ljava/lang/String;)V",
			"args":"(java.lang.String)",
			"isStatic":false,
			"isProtected":false,
			"name":"setDuplicateBehavior",
			"isPublic":true,
			"isPrivate":false,
			"isFinal":false,
			"type":"define",
			"isAbstract":true,
			"rtType":"void"
		},
		"setUseJvmChmod(boolean)":{
			"sig":"(Z)V",
			"args":"(boolean)",
			"isStatic":false,
			"isProtected":false,
			"name":"setUseJvmChmod",
			"isPublic":true,
			"isPrivate":false,
			"isFinal":false,
			"type":"define",
			"isAbstract":true,
			"rtType":"void"
		}
	},
	"isPublic":true,
	"className":"org.codehaus.plexus.archiver.Archiver",
	"interNames":{},
	"isFinal":false,
	"isPrivate":false,
	"isAbstract":true,
	"isInterface":true,
	"superClassName":"java.lang.Object"
}