{
	"isProtected":false,
	"finishedSearch":false,
	"methods":{
		"addPublicResourceRoute()":{
			"sig":"()Lro/pippo/core/route/Route;",
			"args":"()",
			"isStatic":false,
			"isProtected":false,
			"name":"addPublicResourceRoute",
			"isPublic":true,
			"isPrivate":false,
			"isFinal":false,
			"type":"define",
			"isAbstract":false,
			"rtType":"ro.pippo.core.route.Route"
		},
		"addClasspathResourceRoute(java.lang.String,java.lang.Class)":{
			"sig":"(Ljava/lang/String;Ljava/lang/Class;)Lro/pippo/core/route/Route;",
			"args":"(java.lang.String,java.lang.Class)",
			"isStatic":false,
			"isProtected":false,
			"name":"addClasspathResourceRoute",
			"isPublic":true,
			"isPrivate":false,
			"isFinal":false,
			"type":"define",
			"isAbstract":false,
			"rtType":"ro.pippo.core.route.Route"
		},
		"addWebjarsResourceRoute()":{
			"sig":"()Lro/pippo/core/route/Route;",
			"args":"()",
			"isStatic":false,
			"isProtected":false,
			"name":"addWebjarsResourceRoute",
			"isPublic":true,
			"isPrivate":false,
			"isFinal":false,
			"type":"define",
			"isAbstract":false,
			"rtType":"ro.pippo.core.route.Route"
		},
		"addWebjarsResourceRoute(java.lang.String)":{
			"sig":"(Ljava/lang/String;)Lro/pippo/core/route/Route;",
			"args":"(java.lang.String)",
			"isStatic":false,
			"isProtected":false,
			"name":"addWebjarsResourceRoute",
			"isPublic":true,
			"isPrivate":false,
			"isFinal":false,
			"type":"define",
			"isAbstract":false,
			"rtType":"ro.pippo.core.route.Route"
		},
		"addResourceRoute(ro.pippo.core.route.ResourceHandler)":{
			"sig":"(Lro/pippo/core/route/ResourceHandler;)Lro/pippo/core/route/Route;",
			"args":"(ro.pippo.core.route.ResourceHandler)",
			"isStatic":false,
			"isProtected":false,
			"name":"addResourceRoute",
			"isPublic":true,
			"isPrivate":false,
			"isFinal":false,
			"type":"define",
			"isAbstract":false,
			"rtType":"ro.pippo.core.route.Route"
		},
		"addPublicResourceRoute(java.lang.String)":{
			"sig":"(Ljava/lang/String;)Lro/pippo/core/route/Route;",
			"args":"(java.lang.String)",
			"isStatic":false,
			"isProtected":false,
			"name":"addPublicResourceRoute",
			"isPublic":true,
			"isPrivate":false,
			"isFinal":false,
			"type":"define",
			"isAbstract":false,
			"rtType":"ro.pippo.core.route.Route"
		},
		"addFileResourceRoute(java.lang.String,java.io.File)":{
			"sig":"(Ljava/lang/String;Ljava/io/File;)Lro/pippo/core/route/Route;",
			"args":"(java.lang.String,java.io.File)",
			"isStatic":false,
			"isProtected":false,
			"name":"addFileResourceRoute",
			"isPublic":true,
			"isPrivate":false,
			"isFinal":false,
			"type":"define",
			"isAbstract":false,
			"rtType":"ro.pippo.core.route.Route"
		},
		"addClasspathResourceRoute(java.lang.String,java.lang.String)":{
			"sig":"(Ljava/lang/String;Ljava/lang/String;)Lro/pippo/core/route/Route;",
			"args":"(java.lang.String,java.lang.String)",
			"isStatic":false,
			"isProtected":false,
			"name":"addClasspathResourceRoute",
			"isPublic":true,
			"isPrivate":false,
			"isFinal":false,
			"type":"define",
			"isAbstract":false,
			"rtType":"ro.pippo.core.route.Route"
		},
		"addFileResourceRoute(java.lang.String,java.lang.String)":{
			"sig":"(Ljava/lang/String;Ljava/lang/String;)Lro/pippo/core/route/Route;",
			"args":"(java.lang.String,java.lang.String)",
			"isStatic":false,
			"isProtected":false,
			"name":"addFileResourceRoute",
			"isPublic":true,
			"isPrivate":false,
			"isFinal":false,
			"type":"define",
			"isAbstract":false,
			"rtType":"ro.pippo.core.route.Route"
		}
	},
	"isPublic":true,
	"className":"ro.pippo.core.route.ResourceRouting",
	"interNames":{
		"ro.pippo.core.route.Routing":"true"
	},
	"isFinal":false,
	"isPrivate":false,
	"isAbstract":true,
	"isInterface":true,
	"superClassName":"java.lang.Object"
}