{
	"isProtected":false,
	"finishedSearch":false,
	"methods":{
		"<init>(java.util.List,ro.pippo.core.websocket.WebSocketConnection,java.util.Map)":{
			"sig":"(Ljava/util/List;Lro/pippo/core/websocket/WebSocketConnection;Ljava/util/Map;)V",
			"args":"(java.util.List,ro.pippo.core.websocket.WebSocketConnection,java.util.Map)",
			"isStatic":false,
			"isProtected":false,
			"name":"<init>",
			"isPublic":true,
			"isPrivate":false,
			"isFinal":false,
			"type":"define",
			"isAbstract":false,
			"rtType":"void"
		},
		"getConnection()":{
			"sig":"()Lro/pippo/core/websocket/WebSocketConnection;",
			"args":"()",
			"isStatic":false,
			"isProtected":false,
			"name":"getConnection",
			"isPublic":true,
			"isPrivate":false,
			"isFinal":false,
			"type":"define",
			"isAbstract":false,
			"rtType":"ro.pippo.core.websocket.WebSocketConnection"
		},
		"getPathParameters()":{
			"sig":"()Ljava/util/Map;",
			"args":"()",
			"isStatic":false,
			"isProtected":false,
			"name":"getPathParameters",
			"isPublic":true,
			"isPrivate":false,
			"isFinal":false,
			"type":"define",
			"isAbstract":false,
			"rtType":"java.util.Map"
		},
		"sendMessage(java.lang.String)":{
			"sig":"(Ljava/lang/String;)V",
			"args":"(java.lang.String)",
			"isStatic":false,
			"isProtected":false,
			"name":"sendMessage",
			"isPublic":true,
			"isPrivate":false,
			"isFinal":false,
			"type":"define",
			"isAbstract":false,
			"rtType":"void"
		},
		"getConnections()":{
			"sig":"()Ljava/util/List;",
			"args":"()",
			"isStatic":false,
			"isProtected":false,
			"name":"getConnections",
			"isPublic":true,
			"isPrivate":false,
			"isFinal":false,
			"type":"define",
			"isAbstract":false,
			"rtType":"java.util.List"
		},
		"broadcastMessage(java.lang.String)":{
			"sig":"(Ljava/lang/String;)V",
			"args":"(java.lang.String)",
			"isStatic":false,
			"isProtected":false,
			"name":"broadcastMessage",
			"isPublic":true,
			"isPrivate":false,
			"isFinal":false,
			"type":"define",
			"isAbstract":false,
			"rtType":"void"
		},
		"getPathParameter(java.lang.String)":{
			"sig":"(Ljava/lang/String;)Lro/pippo/core/ParameterValue;",
			"args":"(java.lang.String)",
			"isStatic":false,
			"isProtected":false,
			"name":"getPathParameter",
			"isPublic":true,
			"isPrivate":false,
			"isFinal":false,
			"type":"define",
			"isAbstract":false,
			"rtType":"ro.pippo.core.ParameterValue"
		}
	},
	"isPublic":true,
	"className":"ro.pippo.core.websocket.WebSocketContext",
	"interNames":{},
	"isFinal":false,
	"isPrivate":false,
	"isAbstract":false,
	"isInterface":false,
	"superClassName":"java.lang.Object"
}