{
	"isProtected":false,
	"finishedSearch":false,
	"methods":{
		"acceptsGZipEncoding(javax.servlet.http.HttpServletRequest)":{
			"sig":"(Ljavax/servlet/http/HttpServletRequest;)Z",
			"args":"(javax.servlet.http.HttpServletRequest)",
			"isStatic":false,
			"isProtected":true,
			"name":"acceptsGZipEncoding",
			"isPublic":false,
			"isPrivate":false,
			"isFinal":false,
			"type":"define",
			"isAbstract":false,
			"rtType":"boolean"
		},
		"<init>(ro.pippo.core.Application)":{
			"sig":"(Lro/pippo/core/Application;)V",
			"args":"(ro.pippo.core.Application)",
			"isStatic":false,
			"isProtected":false,
			"name":"<init>",
			"isPublic":true,
			"isPrivate":false,
			"isFinal":false,
			"type":"define",
			"isAbstract":false,
			"rtType":"void"
		},
		"createRequestResponse(javax.servlet.http.HttpServletRequest,javax.servlet.http.HttpServletResponse)":{
			"sig":"(Ljavax/servlet/http/HttpServletRequest;Ljavax/servlet/http/HttpServletResponse;)Lro/pippo/core/RequestResponse;",
			"args":"(javax.servlet.http.HttpServletRequest,javax.servlet.http.HttpServletResponse)",
			"isStatic":false,
			"isProtected":false,
			"name":"createRequestResponse",
			"isPublic":true,
			"isPrivate":false,
			"isFinal":false,
			"type":"define",
			"isAbstract":false,
			"rtType":"ro.pippo.core.RequestResponse"
		}
	},
	"isPublic":true,
	"className":"ro.pippo.core.gzip.GZipRequestResponseFactory",
	"interNames":{},
	"isFinal":false,
	"isPrivate":false,
	"isAbstract":false,
	"isInterface":false,
	"superClassName":"ro.pippo.core.RequestResponseFactory"
}