{
	"isProtected":false,
	"finishedSearch":false,
	"methods":{
		"json()":{
			"sig":"()Lro/pippo/core/route/RouteContext;",
			"args":"()",
			"isStatic":false,
			"isProtected":false,
			"name":"json",
			"isPublic":true,
			"isPrivate":false,
			"isFinal":false,
			"type":"define",
			"isAbstract":false,
			"rtType":"ro.pippo.core.route.RouteContext"
		},
		"renderToString(java.lang.String,java.util.Map)":{
			"sig":"(Ljava/lang/String;Ljava/util/Map;)Ljava/lang/String;",
			"args":"(java.lang.String,java.util.Map)",
			"isStatic":false,
			"isProtected":false,
			"name":"renderToString",
			"isPublic":true,
			"isPrivate":false,
			"isFinal":false,
			"type":"define",
			"isAbstract":false,
			"rtType":"java.lang.String"
		},
		"getRequestUri()":{
			"sig":"()Ljava/lang/String;",
			"args":"()",
			"isStatic":false,
			"isProtected":false,
			"name":"getRequestUri",
			"isPublic":true,
			"isPrivate":false,
			"isFinal":false,
			"type":"define",
			"isAbstract":false,
			"rtType":"java.lang.String"
		},
		"setLocals(java.util.Map)":{
			"sig":"(Ljava/util/Map;)V",
			"args":"(java.util.Map)",
			"isStatic":false,
			"isProtected":false,
			"name":"setLocals",
			"isPublic":true,
			"isPrivate":false,
			"isFinal":false,
			"type":"define",
			"isAbstract":false,
			"rtType":"void"
		},
		"getApplication()":{
			"sig":"()Lro/pippo/core/Application;",
			"args":"()",
			"isStatic":false,
			"isProtected":false,
			"name":"getApplication",
			"isPublic":true,
			"isPrivate":false,
			"isFinal":false,
			"type":"define",
			"isAbstract":false,
			"rtType":"ro.pippo.core.Application"
		},
		"<init>(ro.pippo.core.Application,ro.pippo.core.Request,ro.pippo.core.Response,java.util.List)":{
			"sig":"(Lro/pippo/core/Application;Lro/pippo/core/Request;Lro/pippo/core/Response;Ljava/util/List;)V",
			"args":"(ro.pippo.core.Application,ro.pippo.core.Request,ro.pippo.core.Response,java.util.List)",
			"isStatic":false,
			"isProtected":false,
			"name":"<init>",
			"isPublic":true,
			"isPrivate":false,
			"isFinal":false,
			"type":"define",
			"isAbstract":false,
			"rtType":"void"
		},
		"xml()":{
			"sig":"()Lro/pippo/core/route/RouteContext;",
			"args":"()",
			"isStatic":false,
			"isProtected":false,
			"name":"xml",
			"isPublic":true,
			"isPrivate":false,
			"isFinal":false,
			"type":"define",
			"isAbstract":false,
			"rtType":"ro.pippo.core.route.RouteContext"
		},
		"flashInfo(java.lang.String,java.lang.Object[])":{
			"sig":"(Ljava/lang/String;[Ljava/lang/Object;)V",
			"args":"(java.lang.String,java.lang.Object[])",
			"isStatic":false,
			"isProtected":false,
			"name":"flashInfo",
			"isPublic":true,
			"isPrivate":false,
			"isFinal":false,
			"type":"define",
			"isAbstract":false,
			"rtType":"void"
		},
		"send(java.io.File)":{
			"sig":"(Ljava/io/File;)V",
			"args":"(java.io.File)",
			"isStatic":false,
			"isProtected":false,
			"name":"send",
			"isPublic":true,
			"isPrivate":false,
			"isFinal":false,
			"type":"define",
			"isAbstract":false,
			"rtType":"void"
		},
		"setHeader(java.lang.String,java.lang.Object)":{
			"sig":"(Ljava/lang/String;Ljava/lang/Object;)Ljava/lang/Object;",
			"args":"(java.lang.String,java.lang.Object)",
			"isStatic":false,
			"isProtected":false,
			"name":"setHeader",
			"isPublic":true,
			"isPrivate":false,
			"isFinal":false,
			"type":"define",
			"isAbstract":false,
			"rtType":"java.lang.Object"
		},
		"getLocal(java.lang.String)":{
			"sig":"(Ljava/lang/String;)Ljava/lang/Object;",
			"args":"(java.lang.String)",
			"isStatic":false,
			"isProtected":false,
			"name":"getLocal",
			"isPublic":true,
			"isPrivate":false,
			"isFinal":false,
			"type":"define",
			"isAbstract":false,
			"rtType":"java.lang.Object"
		},
		"<clinit>()":{
			"sig":"()V",
			"args":"()",
			"isStatic":true,
			"isProtected":false,
			"name":"<clinit>",
			"isPublic":false,
			"isPrivate":false,
			"isFinal":false,
			"type":"define",
			"isAbstract":false,
			"rtType":"void"
		},
		"removeSession(java.lang.String)":{
			"sig":"(Ljava/lang/String;)Ljava/lang/Object;",
			"args":"(java.lang.String)",
			"isStatic":false,
			"isProtected":false,
			"name":"removeSession",
			"isPublic":true,
			"isPrivate":false,
			"isFinal":false,
			"type":"define",
			"isAbstract":false,
			"rtType":"java.lang.Object"
		},
		"getRoute()":{
			"sig":"()Lro/pippo/core/route/Route;",
			"args":"()",
			"isStatic":false,
			"isProtected":false,
			"name":"getRoute",
			"isPublic":true,
			"isPrivate":false,
			"isFinal":false,
			"type":"define",
			"isAbstract":false,
			"rtType":"ro.pippo.core.route.Route"
		},
		"createEntityFromBody(java.lang.Class)":{
			"sig":"(Ljava/lang/Class;)Ljava/lang/Object;",
			"args":"(java.lang.Class)",
			"isStatic":false,
			"isProtected":false,
			"name":"createEntityFromBody",
			"isPublic":true,
			"isPrivate":false,
			"isFinal":false,
			"type":"define",
			"isAbstract":false,
			"rtType":"java.lang.Object"
		},
		"runFinallyRoutes()":{
			"sig":"()V",
			"args":"()",
			"isStatic":false,
			"isProtected":false,
			"name":"runFinallyRoutes",
			"isPublic":true,
			"isPrivate":false,
			"isFinal":false,
			"type":"define",
			"isAbstract":false,
			"rtType":"void"
		},
		"getMessages()":{
			"sig":"()Lro/pippo/core/Messages;",
			"args":"()",
			"isStatic":false,
			"isProtected":false,
			"name":"getMessages",
			"isPublic":true,
			"isPrivate":false,
			"isFinal":false,
			"type":"define",
			"isAbstract":false,
			"rtType":"ro.pippo.core.Messages"
		},
		"setHeader(java.lang.String,java.util.Date)":{
			"sig":"(Ljava/lang/String;Ljava/util/Date;)Ljava/util/Date;",
			"args":"(java.lang.String,java.util.Date)",
			"isStatic":false,
			"isProtected":false,
			"name":"setHeader",
			"isPublic":true,
			"isPrivate":false,
			"isFinal":false,
			"type":"define",
			"isAbstract":false,
			"rtType":"java.util.Date"
		},
		"getMessage(java.lang.String,java.lang.Object[])":{
			"sig":"(Ljava/lang/String;[Ljava/lang/Object;)Ljava/lang/String;",
			"args":"(java.lang.String,java.lang.Object[])",
			"isStatic":false,
			"isProtected":false,
			"name":"getMessage",
			"isPublic":true,
			"isPrivate":false,
			"isFinal":false,
			"type":"define",
			"isAbstract":false,
			"rtType":"java.lang.String"
		},
		"getSession(java.lang.String)":{
			"sig":"(Ljava/lang/String;)Ljava/lang/Object;",
			"args":"(java.lang.String)",
			"isStatic":false,
			"isProtected":false,
			"name":"getSession",
			"isPublic":true,
			"isPrivate":false,
			"isFinal":false,
			"type":"define",
			"isAbstract":false,
			"rtType":"java.lang.Object"
		},
		"send(java.lang.Object)":{
			"sig":"(Ljava/lang/Object;)V",
			"args":"(java.lang.Object)",
			"isStatic":false,
			"isProtected":false,
			"name":"send",
			"isPublic":true,
			"isPrivate":false,
			"isFinal":false,
			"type":"define",
			"isAbstract":false,
			"rtType":"void"
		},
		"status(int)":{
			"sig":"(I)Lro/pippo/core/route/RouteContext;",
			"args":"(int)",
			"isStatic":false,
			"isProtected":false,
			"name":"status",
			"isPublic":true,
			"isPrivate":false,
			"isFinal":false,
			"type":"define",
			"isAbstract":false,
			"rtType":"ro.pippo.core.route.RouteContext"
		},
		"getSession()":{
			"sig":"()Lro/pippo/core/Session;",
			"args":"()",
			"isStatic":false,
			"isProtected":false,
			"name":"getSession",
			"isPublic":true,
			"isPrivate":false,
			"isFinal":false,
			"type":"define",
			"isAbstract":false,
			"rtType":"ro.pippo.core.Session"
		},
		"getHeader(java.lang.String)":{
			"sig":"(Ljava/lang/String;)Ljava/lang/String;",
			"args":"(java.lang.String)",
			"isStatic":false,
			"isProtected":false,
			"name":"getHeader",
			"isPublic":true,
			"isPrivate":false,
			"isFinal":false,
			"type":"define",
			"isAbstract":false,
			"rtType":"java.lang.String"
		},
		"next()":{
			"sig":"()V",
			"args":"()",
			"isStatic":false,
			"isProtected":false,
			"name":"next",
			"isPublic":true,
			"isPrivate":false,
			"isFinal":false,
			"type":"define",
			"isAbstract":false,
			"rtType":"void"
		},
		"removeLocal(java.lang.String)":{
			"sig":"(Ljava/lang/String;)Ljava/lang/Object;",
			"args":"(java.lang.String)",
			"isStatic":false,
			"isProtected":false,
			"name":"removeLocal",
			"isPublic":true,
			"isPrivate":false,
			"isFinal":false,
			"type":"define",
			"isAbstract":false,
			"rtType":"java.lang.Object"
		},
		"getRequest()":{
			"sig":"()Lro/pippo/core/Request;",
			"args":"()",
			"isStatic":false,
			"isProtected":false,
			"name":"getRequest",
			"isPublic":true,
			"isPrivate":false,
			"isFinal":false,
			"type":"define",
			"isAbstract":false,
			"rtType":"ro.pippo.core.Request"
		},
		"getRequestMethod()":{
			"sig":"()Ljava/lang/String;",
			"args":"()",
			"isStatic":false,
			"isProtected":false,
			"name":"getRequestMethod",
			"isPublic":true,
			"isPrivate":false,
			"isFinal":false,
			"type":"define",
			"isAbstract":false,
			"rtType":"java.lang.String"
		},
		"render(java.lang.String)":{
			"sig":"(Ljava/lang/String;)V",
			"args":"(java.lang.String)",
			"isStatic":false,
			"isProtected":false,
			"name":"render",
			"isPublic":true,
			"isPrivate":false,
			"isFinal":false,
			"type":"define",
			"isAbstract":false,
			"rtType":"void"
		},
		"render(java.lang.String,java.util.Map)":{
			"sig":"(Ljava/lang/String;Ljava/util/Map;)V",
			"args":"(java.lang.String,java.util.Map)",
			"isStatic":false,
			"isProtected":false,
			"name":"render",
			"isPublic":true,
			"isPrivate":false,
			"isFinal":false,
			"type":"define",
			"isAbstract":false,
			"rtType":"void"
		},
		"redirect(java.lang.String)":{
			"sig":"(Ljava/lang/String;)V",
			"args":"(java.lang.String)",
			"isStatic":false,
			"isProtected":false,
			"name":"redirect",
			"isPublic":true,
			"isPrivate":false,
			"isFinal":false,
			"type":"define",
			"isAbstract":false,
			"rtType":"void"
		},
		"getParameter(java.lang.String)":{
			"sig":"(Ljava/lang/String;)Lro/pippo/core/ParameterValue;",
			"args":"(java.lang.String)",
			"isStatic":false,
			"isProtected":false,
			"name":"getParameter",
			"isPublic":true,
			"isPrivate":false,
			"isFinal":false,
			"type":"define",
			"isAbstract":false,
			"rtType":"ro.pippo.core.ParameterValue"
		},
		"text()":{
			"sig":"()Lro/pippo/core/route/RouteContext;",
			"args":"()",
			"isStatic":false,
			"isProtected":false,
			"name":"text",
			"isPublic":true,
			"isPrivate":false,
			"isFinal":false,
			"type":"define",
			"isAbstract":false,
			"rtType":"ro.pippo.core.route.RouteContext"
		},
		"uriFor(java.lang.String,java.util.Map)":{
			"sig":"(Ljava/lang/String;Ljava/util/Map;)Ljava/lang/String;",
			"args":"(java.lang.String,java.util.Map)",
			"isStatic":false,
			"isProtected":false,
			"name":"uriFor",
			"isPublic":true,
			"isPrivate":false,
			"isFinal":false,
			"type":"define",
			"isAbstract":false,
			"rtType":"java.lang.String"
		},
		"negotiateContentType()":{
			"sig":"()Lro/pippo/core/route/RouteContext;",
			"args":"()",
			"isStatic":false,
			"isProtected":false,
			"name":"negotiateContentType",
			"isPublic":true,
			"isPrivate":false,
			"isFinal":false,
			"type":"define",
			"isAbstract":false,
			"rtType":"ro.pippo.core.route.RouteContext"
		},
		"flashSuccess(java.lang.String,java.lang.Object[])":{
			"sig":"(Ljava/lang/String;[Ljava/lang/Object;)V",
			"args":"(java.lang.String,java.lang.Object[])",
			"isStatic":false,
			"isProtected":false,
			"name":"flashSuccess",
			"isPublic":true,
			"isPrivate":false,
			"isFinal":false,
			"type":"define",
			"isAbstract":false,
			"rtType":"void"
		},
		"flashWarning(java.lang.String,java.lang.Object[])":{
			"sig":"(Ljava/lang/String;[Ljava/lang/Object;)V",
			"args":"(java.lang.String,java.lang.Object[])",
			"isStatic":false,
			"isProtected":false,
			"name":"flashWarning",
			"isPublic":true,
			"isPrivate":false,
			"isFinal":false,
			"type":"define",
			"isAbstract":false,
			"rtType":"void"
		},
		"getSettings()":{
			"sig":"()Lro/pippo/core/PippoSettings;",
			"args":"()",
			"isStatic":false,
			"isProtected":false,
			"name":"getSettings",
			"isPublic":true,
			"isPrivate":false,
			"isFinal":false,
			"type":"define",
			"isAbstract":false,
			"rtType":"ro.pippo.core.PippoSettings"
		},
		"hasSession()":{
			"sig":"()Z",
			"args":"()",
			"isStatic":false,
			"isProtected":false,
			"name":"hasSession",
			"isPublic":true,
			"isPrivate":false,
			"isFinal":false,
			"type":"define",
			"isAbstract":false,
			"rtType":"boolean"
		},
		"setSession(java.lang.String,java.lang.Object)":{
			"sig":"(Ljava/lang/String;Ljava/lang/Object;)Ljava/lang/Object;",
			"args":"(java.lang.String,java.lang.Object)",
			"isStatic":false,
			"isProtected":false,
			"name":"setSession",
			"isPublic":true,
			"isPrivate":false,
			"isFinal":false,
			"type":"define",
			"isAbstract":false,
			"rtType":"java.lang.Object"
		},
		"html()":{
			"sig":"()Lro/pippo/core/route/RouteContext;",
			"args":"()",
			"isStatic":false,
			"isProtected":false,
			"name":"html",
			"isPublic":true,
			"isPrivate":false,
			"isFinal":false,
			"type":"define",
			"isAbstract":false,
			"rtType":"ro.pippo.core.route.RouteContext"
		},
		"renderToString(java.lang.String)":{
			"sig":"(Ljava/lang/String;)Ljava/lang/String;",
			"args":"(java.lang.String)",
			"isStatic":false,
			"isProtected":false,
			"name":"renderToString",
			"isPublic":true,
			"isPrivate":false,
			"isFinal":false,
			"type":"define",
			"isAbstract":false,
			"rtType":"java.lang.String"
		},
		"redirect(java.lang.String,java.util.Map)":{
			"sig":"(Ljava/lang/String;Ljava/util/Map;)V",
			"args":"(java.lang.String,java.util.Map)",
			"isStatic":false,
			"isProtected":false,
			"name":"redirect",
			"isPublic":true,
			"isPrivate":false,
			"isFinal":false,
			"type":"define",
			"isAbstract":false,
			"rtType":"void"
		},
		"flashError(java.lang.String,java.lang.Object[])":{
			"sig":"(Ljava/lang/String;[Ljava/lang/Object;)V",
			"args":"(java.lang.String,java.lang.Object[])",
			"isStatic":false,
			"isProtected":false,
			"name":"flashError",
			"isPublic":true,
			"isPrivate":false,
			"isFinal":false,
			"type":"define",
			"isAbstract":false,
			"rtType":"void"
		},
		"touchSession()":{
			"sig":"()V",
			"args":"()",
			"isStatic":false,
			"isProtected":false,
			"name":"touchSession",
			"isPublic":true,
			"isPrivate":false,
			"isFinal":false,
			"type":"define",
			"isAbstract":false,
			"rtType":"void"
		},
		"invalidateSession()":{
			"sig":"()V",
			"args":"()",
			"isStatic":false,
			"isProtected":false,
			"name":"invalidateSession",
			"isPublic":true,
			"isPrivate":false,
			"isFinal":false,
			"type":"define",
			"isAbstract":false,
			"rtType":"void"
		},
		"yaml()":{
			"sig":"()Lro/pippo/core/route/RouteContext;",
			"args":"()",
			"isStatic":false,
			"isProtected":false,
			"name":"yaml",
			"isPublic":true,
			"isPrivate":false,
			"isFinal":false,
			"type":"define",
			"isAbstract":false,
			"rtType":"ro.pippo.core.route.RouteContext"
		},
		"handleRoute(ro.pippo.core.route.Route)":{
			"sig":"(Lro/pippo/core/route/Route;)V",
			"args":"(ro.pippo.core.route.Route)",
			"isStatic":false,
			"isProtected":true,
			"name":"handleRoute",
			"isPublic":false,
			"isPrivate":false,
			"isFinal":false,
			"type":"define",
			"isAbstract":false,
			"rtType":"void"
		},
		"getMessage(java.lang.String,java.lang.String,java.lang.Object[])":{
			"sig":"(Ljava/lang/String;Ljava/lang/String;[Ljava/lang/Object;)Ljava/lang/String;",
			"args":"(java.lang.String,java.lang.String,java.lang.Object[])",
			"isStatic":false,
			"isProtected":false,
			"name":"getMessage",
			"isPublic":true,
			"isPrivate":false,
			"isFinal":false,
			"type":"define",
			"isAbstract":false,
			"rtType":"java.lang.String"
		},
		"createEntityFromParameters(java.lang.Class)":{
			"sig":"(Ljava/lang/Class;)Ljava/lang/Object;",
			"args":"(java.lang.Class)",
			"isStatic":false,
			"isProtected":false,
			"name":"createEntityFromParameters",
			"isPublic":true,
			"isPrivate":false,
			"isFinal":false,
			"type":"define",
			"isAbstract":false,
			"rtType":"java.lang.Object"
		},
		"isRequestMethod(java.lang.String)":{
			"sig":"(Ljava/lang/String;)Z",
			"args":"(java.lang.String)",
			"isStatic":false,
			"isProtected":false,
			"name":"isRequestMethod",
			"isPublic":true,
			"isPrivate":false,
			"isFinal":false,
			"type":"define",
			"isAbstract":false,
			"rtType":"boolean"
		},
		"resetSession()":{
			"sig":"()V",
			"args":"()",
			"isStatic":false,
			"isProtected":false,
			"name":"resetSession",
			"isPublic":true,
			"isPrivate":false,
			"isFinal":false,
			"type":"define",
			"isAbstract":false,
			"rtType":"void"
		},
		"setLocal(java.lang.String,java.lang.Object)":{
			"sig":"(Ljava/lang/String;Ljava/lang/Object;)Ljava/lang/Object;",
			"args":"(java.lang.String,java.lang.Object)",
			"isStatic":false,
			"isProtected":false,
			"name":"setLocal",
			"isPublic":true,
			"isPrivate":false,
			"isFinal":false,
			"type":"define",
			"isAbstract":false,
			"rtType":"java.lang.Object"
		},
		"getResponse()":{
			"sig":"()Lro/pippo/core/Response;",
			"args":"()",
			"isStatic":false,
			"isProtected":false,
			"name":"getResponse",
			"isPublic":true,
			"isPrivate":false,
			"isFinal":false,
			"type":"define",
			"isAbstract":false,
			"rtType":"ro.pippo.core.Response"
		},
		"send(java.lang.CharSequence)":{
			"sig":"(Ljava/lang/CharSequence;)V",
			"args":"(java.lang.CharSequence)",
			"isStatic":false,
			"isProtected":false,
			"name":"send",
			"isPublic":true,
			"isPrivate":false,
			"isFinal":false,
			"type":"define",
			"isAbstract":false,
			"rtType":"void"
		},
		"recreateSession()":{
			"sig":"()V",
			"args":"()",
			"isStatic":false,
			"isProtected":false,
			"name":"recreateSession",
			"isPublic":true,
			"isPrivate":false,
			"isFinal":false,
			"type":"define",
			"isAbstract":false,
			"rtType":"void"
		}
	},
	"isPublic":true,
	"className":"ro.pippo.core.route.DefaultRouteContext",
	"interNames":{
		"ro.pippo.core.route.RouteContext":"true"
	},
	"isFinal":false,
	"isPrivate":false,
	"isAbstract":false,
	"isInterface":false,
	"superClassName":"java.lang.Object"
}