{
	"isProtected":false,
	"finishedSearch":false,
	"methods":{
		"POST(java.lang.String,ro.pippo.core.route.RouteHandler)":{
			"sig":"(Ljava/lang/String;Lro/pippo/core/route/RouteHandler;)Lro/pippo/core/route/Route;",
			"args":"(java.lang.String,ro.pippo.core.route.RouteHandler)",
			"isStatic":false,
			"isProtected":false,
			"name":"POST",
			"isPublic":true,
			"isPrivate":false,
			"isFinal":false,
			"type":"define",
			"isAbstract":false,
			"rtType":"ro.pippo.core.route.Route"
		},
		"HEAD(java.lang.String,ro.pippo.core.route.RouteHandler)":{
			"sig":"(Ljava/lang/String;Lro/pippo/core/route/RouteHandler;)Lro/pippo/core/route/Route;",
			"args":"(java.lang.String,ro.pippo.core.route.RouteHandler)",
			"isStatic":false,
			"isProtected":false,
			"name":"HEAD",
			"isPublic":true,
			"isPrivate":false,
			"isFinal":false,
			"type":"define",
			"isAbstract":false,
			"rtType":"ro.pippo.core.route.Route"
		},
		"OPTIONS(java.lang.String,ro.pippo.core.route.RouteHandler)":{
			"sig":"(Ljava/lang/String;Lro/pippo/core/route/RouteHandler;)Lro/pippo/core/route/Route;",
			"args":"(java.lang.String,ro.pippo.core.route.RouteHandler)",
			"isStatic":false,
			"isProtected":false,
			"name":"OPTIONS",
			"isPublic":true,
			"isPrivate":false,
			"isFinal":false,
			"type":"define",
			"isAbstract":false,
			"rtType":"ro.pippo.core.route.Route"
		},
		"addRoute(ro.pippo.core.route.Route)":{
			"sig":"(Lro/pippo/core/route/Route;)V",
			"args":"(ro.pippo.core.route.Route)",
			"isStatic":false,
			"isProtected":false,
			"name":"addRoute",
			"isPublic":true,
			"isPrivate":false,
			"isFinal":false,
			"type":"define",
			"isAbstract":true,
			"rtType":"void"
		},
		"CONNECT(java.lang.String,ro.pippo.core.route.RouteHandler)":{
			"sig":"(Ljava/lang/String;Lro/pippo/core/route/RouteHandler;)Lro/pippo/core/route/Route;",
			"args":"(java.lang.String,ro.pippo.core.route.RouteHandler)",
			"isStatic":false,
			"isProtected":false,
			"name":"CONNECT",
			"isPublic":true,
			"isPrivate":false,
			"isFinal":false,
			"type":"define",
			"isAbstract":false,
			"rtType":"ro.pippo.core.route.Route"
		},
		"PATCH(java.lang.String,ro.pippo.core.route.RouteHandler)":{
			"sig":"(Ljava/lang/String;Lro/pippo/core/route/RouteHandler;)Lro/pippo/core/route/Route;",
			"args":"(java.lang.String,ro.pippo.core.route.RouteHandler)",
			"isStatic":false,
			"isProtected":false,
			"name":"PATCH",
			"isPublic":true,
			"isPrivate":false,
			"isFinal":false,
			"type":"define",
			"isAbstract":false,
			"rtType":"ro.pippo.core.route.Route"
		},
		"DELETE(java.lang.String,ro.pippo.core.route.RouteHandler)":{
			"sig":"(Ljava/lang/String;Lro/pippo/core/route/RouteHandler;)Lro/pippo/core/route/Route;",
			"args":"(java.lang.String,ro.pippo.core.route.RouteHandler)",
			"isStatic":false,
			"isProtected":false,
			"name":"DELETE",
			"isPublic":true,
			"isPrivate":false,
			"isFinal":false,
			"type":"define",
			"isAbstract":false,
			"rtType":"ro.pippo.core.route.Route"
		},
		"GET(java.lang.String,ro.pippo.core.route.RouteHandler)":{
			"sig":"(Ljava/lang/String;Lro/pippo/core/route/RouteHandler;)Lro/pippo/core/route/Route;",
			"args":"(java.lang.String,ro.pippo.core.route.RouteHandler)",
			"isStatic":false,
			"isProtected":false,
			"name":"GET",
			"isPublic":true,
			"isPrivate":false,
			"isFinal":false,
			"type":"define",
			"isAbstract":false,
			"rtType":"ro.pippo.core.route.Route"
		},
		"ANY(java.lang.String,ro.pippo.core.route.RouteHandler)":{
			"sig":"(Ljava/lang/String;Lro/pippo/core/route/RouteHandler;)Lro/pippo/core/route/Route;",
			"args":"(java.lang.String,ro.pippo.core.route.RouteHandler)",
			"isStatic":false,
			"isProtected":false,
			"name":"ANY",
			"isPublic":true,
			"isPrivate":false,
			"isFinal":false,
			"type":"define",
			"isAbstract":false,
			"rtType":"ro.pippo.core.route.Route"
		},
		"PUT(java.lang.String,ro.pippo.core.route.RouteHandler)":{
			"sig":"(Ljava/lang/String;Lro/pippo/core/route/RouteHandler;)Lro/pippo/core/route/Route;",
			"args":"(java.lang.String,ro.pippo.core.route.RouteHandler)",
			"isStatic":false,
			"isProtected":false,
			"name":"PUT",
			"isPublic":true,
			"isPrivate":false,
			"isFinal":false,
			"type":"define",
			"isAbstract":false,
			"rtType":"ro.pippo.core.route.Route"
		},
		"addRouteGroup(ro.pippo.core.route.RouteGroup)":{
			"sig":"(Lro/pippo/core/route/RouteGroup;)V",
			"args":"(ro.pippo.core.route.RouteGroup)",
			"isStatic":false,
			"isProtected":false,
			"name":"addRouteGroup",
			"isPublic":true,
			"isPrivate":false,
			"isFinal":false,
			"type":"define",
			"isAbstract":true,
			"rtType":"void"
		},
		"ALL(java.lang.String,ro.pippo.core.route.RouteHandler)":{
			"sig":"(Ljava/lang/String;Lro/pippo/core/route/RouteHandler;)Lro/pippo/core/route/Route;",
			"args":"(java.lang.String,ro.pippo.core.route.RouteHandler)",
			"isStatic":false,
			"isProtected":false,
			"name":"ALL",
			"isPublic":true,
			"isPrivate":false,
			"isFinal":false,
			"type":"define",
			"isAbstract":false,
			"rtType":"ro.pippo.core.route.Route"
		}
	},
	"isPublic":true,
	"className":"ro.pippo.core.route.Routing",
	"interNames":{},
	"isFinal":false,
	"isPrivate":false,
	"isAbstract":true,
	"isInterface":true,
	"superClassName":"java.lang.Object"
}