{
	"isProtected":false,
	"finishedSearch":false,
	"methods":{
		"addRoute(ro.pippo.core.route.Route)":{
			"sig":"(Lro/pippo/core/route/Route;)V",
			"args":"(ro.pippo.core.route.Route)",
			"isStatic":false,
			"isProtected":false,
			"name":"addRoute",
			"isPublic":true,
			"isPrivate":false,
			"isFinal":false,
			"type":"define",
			"isAbstract":false,
			"rtType":"void"
		},
		"setErrorHandler(ro.pippo.core.ErrorHandler)":{
			"sig":"(Lro/pippo/core/ErrorHandler;)V",
			"args":"(ro.pippo.core.ErrorHandler)",
			"isStatic":false,
			"isProtected":false,
			"name":"setErrorHandler",
			"isPublic":true,
			"isPrivate":false,
			"isFinal":false,
			"type":"define",
			"isAbstract":false,
			"rtType":"void"
		},
		"setServletContext(javax.servlet.ServletContext)":{
			"sig":"(Ljavax/servlet/ServletContext;)V",
			"args":"(javax.servlet.ServletContext)",
			"isStatic":false,
			"isProtected":false,
			"name":"setServletContext",
			"isPublic":false,
			"isPrivate":false,
			"isFinal":false,
			"type":"define",
			"isAbstract":false,
			"rtType":"void"
		},
		"getPippoSettings()":{
			"sig":"()Lro/pippo/core/PippoSettings;",
			"args":"()",
			"isStatic":false,
			"isProtected":false,
			"name":"getPippoSettings",
			"isPublic":true,
			"isPrivate":false,
			"isFinal":false,
			"type":"define",
			"isAbstract":false,
			"rtType":"ro.pippo.core.PippoSettings"
		},
		"onDestroy()":{
			"sig":"()V",
			"args":"()",
			"isStatic":false,
			"isProtected":true,
			"name":"onDestroy",
			"isPublic":false,
			"isPrivate":false,
			"isFinal":false,
			"type":"define",
			"isAbstract":false,
			"rtType":"void"
		},
		"getRuntimeMode()":{
			"sig":"()Lro/pippo/core/RuntimeMode;",
			"args":"()",
			"isStatic":false,
			"isProtected":false,
			"name":"getRuntimeMode",
			"isPublic":true,
			"isPrivate":false,
			"isFinal":false,
			"type":"define",
			"isAbstract":false,
			"rtType":"ro.pippo.core.RuntimeMode"
		},
		"getRequestResponseFactory()":{
			"sig":"()Lro/pippo/core/RequestResponseFactory;",
			"args":"()",
			"isStatic":false,
			"isProtected":false,
			"name":"getRequestResponseFactory",
			"isPublic":true,
			"isPrivate":false,
			"isFinal":true,
			"type":"define",
			"isAbstract":false,
			"rtType":"ro.pippo.core.RequestResponseFactory"
		},
		"registerTemplateEngine(java.lang.Class)":{
			"sig":"(Ljava/lang/Class;)V",
			"args":"(java.lang.Class)",
			"isStatic":false,
			"isProtected":false,
			"name":"registerTemplateEngine",
			"isPublic":true,
			"isPrivate":false,
			"isFinal":false,
			"type":"define",
			"isAbstract":false,
			"rtType":"void"
		},
		"get()":{
			"sig":"()Lro/pippo/core/Application;",
			"args":"()",
			"isStatic":true,
			"isProtected":false,
			"name":"get",
			"isPublic":true,
			"isPrivate":false,
			"isFinal":false,
			"type":"define",
			"isAbstract":false,
			"rtType":"ro.pippo.core.Application"
		},
		"addRouteGroup(ro.pippo.core.route.RouteGroup)":{
			"sig":"(Lro/pippo/core/route/RouteGroup;)V",
			"args":"(ro.pippo.core.route.RouteGroup)",
			"isStatic":false,
			"isProtected":false,
			"name":"addRouteGroup",
			"isPublic":true,
			"isPrivate":false,
			"isFinal":false,
			"type":"define",
			"isAbstract":false,
			"rtType":"void"
		},
		"getUploadLocation()":{
			"sig":"()Ljava/lang/String;",
			"args":"()",
			"isStatic":false,
			"isProtected":false,
			"name":"getUploadLocation",
			"isPublic":true,
			"isPrivate":false,
			"isFinal":false,
			"type":"define",
			"isAbstract":false,
			"rtType":"java.lang.String"
		},
		"destroy()":{
			"sig":"()V",
			"args":"()",
			"isStatic":false,
			"isProtected":false,
			"name":"destroy",
			"isPublic":true,
			"isPrivate":false,
			"isFinal":true,
			"type":"define",
			"isAbstract":false,
			"rtType":"void"
		},
		"getApplicationName()":{
			"sig":"()Ljava/lang/String;",
			"args":"()",
			"isStatic":false,
			"isProtected":false,
			"name":"getApplicationName",
			"isPublic":true,
			"isPrivate":false,
			"isFinal":false,
			"type":"define",
			"isAbstract":false,
			"rtType":"java.lang.String"
		},
		"setUploadLocation(java.lang.String)":{
			"sig":"(Ljava/lang/String;)V",
			"args":"(java.lang.String)",
			"isStatic":false,
			"isProtected":false,
			"name":"setUploadLocation",
			"isPublic":true,
			"isPrivate":false,
			"isFinal":false,
			"type":"define",
			"isAbstract":false,
			"rtType":"void"
		},
		"getTemplateEngine()":{
			"sig":"()Lro/pippo/core/TemplateEngine;",
			"args":"()",
			"isStatic":false,
			"isProtected":false,
			"name":"getTemplateEngine",
			"isPublic":true,
			"isPrivate":false,
			"isFinal":false,
			"type":"define",
			"isAbstract":false,
			"rtType":"ro.pippo.core.TemplateEngine"
		},
		"<init>()":{
			"sig":"()V",
			"args":"()",
			"isStatic":false,
			"isProtected":false,
			"name":"<init>",
			"isPublic":true,
			"isPrivate":false,
			"isFinal":false,
			"type":"define",
			"isAbstract":false,
			"rtType":"void"
		},
		"<init>(ro.pippo.core.PippoSettings)":{
			"sig":"(Lro/pippo/core/PippoSettings;)V",
			"args":"(ro.pippo.core.PippoSettings)",
			"isStatic":false,
			"isProtected":false,
			"name":"<init>",
			"isPublic":true,
			"isPrivate":false,
			"isFinal":false,
			"type":"define",
			"isAbstract":false,
			"rtType":"void"
		},
		"createRequestResponseFactory()":{
			"sig":"()Lro/pippo/core/RequestResponseFactory;",
			"args":"()",
			"isStatic":false,
			"isProtected":true,
			"name":"createRequestResponseFactory",
			"isPublic":false,
			"isPrivate":false,
			"isFinal":false,
			"type":"define",
			"isAbstract":false,
			"rtType":"ro.pippo.core.RequestResponseFactory"
		},
		"setMaximumUploadSize(long)":{
			"sig":"(J)V",
			"args":"(long)",
			"isStatic":false,
			"isProtected":false,
			"name":"setMaximumUploadSize",
			"isPublic":true,
			"isPrivate":false,
			"isFinal":false,
			"type":"define",
			"isAbstract":false,
			"rtType":"void"
		},
		"getMimeTypes()":{
			"sig":"()Lro/pippo/core/util/MimeTypes;",
			"args":"()",
			"isStatic":false,
			"isProtected":false,
			"name":"getMimeTypes",
			"isPublic":true,
			"isPrivate":false,
			"isFinal":false,
			"type":"define",
			"isAbstract":false,
			"rtType":"ro.pippo.core.util.MimeTypes"
		},
		"getServletContext()":{
			"sig":"()Ljavax/servlet/ServletContext;",
			"args":"()",
			"isStatic":false,
			"isProtected":false,
			"name":"getServletContext",
			"isPublic":true,
			"isPrivate":false,
			"isFinal":false,
			"type":"define",
			"isAbstract":false,
			"rtType":"javax.servlet.ServletContext"
		},
		"getLanguages()":{
			"sig":"()Lro/pippo/core/Languages;",
			"args":"()",
			"isStatic":false,
			"isProtected":false,
			"name":"getLanguages",
			"isPublic":true,
			"isPrivate":false,
			"isFinal":false,
			"type":"define",
			"isAbstract":false,
			"rtType":"ro.pippo.core.Languages"
		},
		"toString()":{
			"sig":"()Ljava/lang/String;",
			"args":"()",
			"isStatic":false,
			"isProtected":false,
			"name":"toString",
			"isPublic":true,
			"isPrivate":false,
			"isFinal":false,
			"type":"define",
			"isAbstract":false,
			"rtType":"java.lang.String"
		},
		"<clinit>()":{
			"sig":"()V",
			"args":"()",
			"isStatic":true,
			"isProtected":false,
			"name":"<clinit>",
			"isPublic":false,
			"isPrivate":false,
			"isFinal":false,
			"type":"define",
			"isAbstract":false,
			"rtType":"void"
		},
		"getRoutePostDispatchListeners()":{
			"sig":"()Lro/pippo/core/route/RoutePostDispatchListenerList;",
			"args":"()",
			"isStatic":false,
			"isProtected":false,
			"name":"getRoutePostDispatchListeners",
			"isPublic":true,
			"isPrivate":false,
			"isFinal":false,
			"type":"define",
			"isAbstract":false,
			"rtType":"ro.pippo.core.route.RoutePostDispatchListenerList"
		},
		"getRouter()":{
			"sig":"()Lro/pippo/core/route/Router;",
			"args":"()",
			"isStatic":false,
			"isProtected":false,
			"name":"getRouter",
			"isPublic":true,
			"isPrivate":false,
			"isFinal":false,
			"type":"define",
			"isAbstract":false,
			"rtType":"ro.pippo.core.route.Router"
		},
		"addRouteTransformer(ro.pippo.core.route.RouteTransformer)":{
			"sig":"(Lro/pippo/core/route/RouteTransformer;)V",
			"args":"(ro.pippo.core.route.RouteTransformer)",
			"isStatic":false,
			"isProtected":false,
			"name":"addRouteTransformer",
			"isPublic":true,
			"isPrivate":false,
			"isFinal":false,
			"type":"define",
			"isAbstract":false,
			"rtType":"void"
		},
		"setNotFoundRouteHandler(ro.pippo.core.route.RouteHandler)":{
			"sig":"(Lro/pippo/core/route/RouteHandler;)V",
			"args":"(ro.pippo.core.route.RouteHandler)",
			"isStatic":false,
			"isProtected":false,
			"name":"setNotFoundRouteHandler",
			"isPublic":true,
			"isPrivate":false,
			"isFinal":false,
			"type":"define",
			"isAbstract":false,
			"rtType":"void"
		},
		"getContentTypeEngines()":{
			"sig":"()Lro/pippo/core/ContentTypeEngines;",
			"args":"()",
			"isStatic":false,
			"isProtected":false,
			"name":"getContentTypeEngines",
			"isPublic":true,
			"isPrivate":false,
			"isFinal":false,
			"type":"define",
			"isAbstract":false,
			"rtType":"ro.pippo.core.ContentTypeEngines"
		},
		"onInit()":{
			"sig":"()V",
			"args":"()",
			"isStatic":false,
			"isProtected":true,
			"name":"onInit",
			"isPublic":false,
			"isPrivate":false,
			"isFinal":false,
			"type":"define",
			"isAbstract":false,
			"rtType":"void"
		},
		"getMaximumUploadSize()":{
			"sig":"()J",
			"args":"()",
			"isStatic":false,
			"isProtected":false,
			"name":"getMaximumUploadSize",
			"isPublic":true,
			"isPrivate":false,
			"isFinal":false,
			"type":"define",
			"isAbstract":false,
			"rtType":"long"
		},
		"setRouter(ro.pippo.core.route.Router)":{
			"sig":"(Lro/pippo/core/route/Router;)V",
			"args":"(ro.pippo.core.route.Router)",
			"isStatic":false,
			"isProtected":false,
			"name":"setRouter",
			"isPublic":true,
			"isPrivate":false,
			"isFinal":false,
			"type":"define",
			"isAbstract":false,
			"rtType":"void"
		},
		"getNotFoundRouteHandler()":{
			"sig":"()Lro/pippo/core/route/RouteHandler;",
			"args":"()",
			"isStatic":false,
			"isProtected":false,
			"name":"getNotFoundRouteHandler",
			"isPublic":true,
			"isPrivate":false,
			"isFinal":false,
			"type":"define",
			"isAbstract":false,
			"rtType":"ro.pippo.core.route.RouteHandler"
		},
		"setTemplateEngine(ro.pippo.core.TemplateEngine)":{
			"sig":"(Lro/pippo/core/TemplateEngine;)V",
			"args":"(ro.pippo.core.TemplateEngine)",
			"isStatic":false,
			"isProtected":false,
			"name":"setTemplateEngine",
			"isPublic":true,
			"isPrivate":false,
			"isFinal":false,
			"type":"define",
			"isAbstract":false,
			"rtType":"void"
		},
		"getErrorHandler()":{
			"sig":"()Lro/pippo/core/ErrorHandler;",
			"args":"()",
			"isStatic":false,
			"isProtected":false,
			"name":"getErrorHandler",
			"isPublic":true,
			"isPrivate":false,
			"isFinal":false,
			"type":"define",
			"isAbstract":false,
			"rtType":"ro.pippo.core.ErrorHandler"
		},
		"addWebSocket(java.lang.String,ro.pippo.core.websocket.WebSocketHandler)":{
			"sig":"(Ljava/lang/String;Lro/pippo/core/websocket/WebSocketHandler;)V",
			"args":"(java.lang.String,ro.pippo.core.websocket.WebSocketHandler)",
			"isStatic":false,
			"isProtected":false,
			"name":"addWebSocket",
			"isPublic":true,
			"isPrivate":false,
			"isFinal":false,
			"type":"define",
			"isAbstract":false,
			"rtType":"void"
		},
		"hasContentTypeEngine(java.lang.String)":{
			"sig":"(Ljava/lang/String;)Z",
			"args":"(java.lang.String)",
			"isStatic":false,
			"isProtected":false,
			"name":"hasContentTypeEngine",
			"isPublic":true,
			"isPrivate":false,
			"isFinal":false,
			"type":"define",
			"isAbstract":false,
			"rtType":"boolean"
		},
		"getContentTypeEngine(java.lang.String)":{
			"sig":"(Ljava/lang/String;)Lro/pippo/core/ContentTypeEngine;",
			"args":"(java.lang.String)",
			"isStatic":false,
			"isProtected":false,
			"name":"getContentTypeEngine",
			"isPublic":true,
			"isPrivate":false,
			"isFinal":false,
			"type":"define",
			"isAbstract":false,
			"rtType":"ro.pippo.core.ContentTypeEngine"
		},
		"getMessages()":{
			"sig":"()Lro/pippo/core/Messages;",
			"args":"()",
			"isStatic":false,
			"isProtected":false,
			"name":"getMessages",
			"isPublic":true,
			"isPrivate":false,
			"isFinal":false,
			"type":"define",
			"isAbstract":false,
			"rtType":"ro.pippo.core.Messages"
		},
		"getLocals()":{
			"sig":"()Ljava/util/Map;",
			"args":"()",
			"isStatic":false,
			"isProtected":false,
			"name":"getLocals",
			"isPublic":true,
			"isPrivate":false,
			"isFinal":false,
			"type":"define",
			"isAbstract":false,
			"rtType":"java.util.Map"
		},
		"getHttpCacheToolkit()":{
			"sig":"()Lro/pippo/core/util/HttpCacheToolkit;",
			"args":"()",
			"isStatic":false,
			"isProtected":false,
			"name":"getHttpCacheToolkit",
			"isPublic":true,
			"isPrivate":false,
			"isFinal":false,
			"type":"define",
			"isAbstract":false,
			"rtType":"ro.pippo.core.util.HttpCacheToolkit"
		},
		"getWebSocketRouter()":{
			"sig":"()Lro/pippo/core/websocket/WebSocketRouter;",
			"args":"()",
			"isStatic":false,
			"isProtected":false,
			"name":"getWebSocketRouter",
			"isPublic":true,
			"isPrivate":false,
			"isFinal":false,
			"type":"define",
			"isAbstract":false,
			"rtType":"ro.pippo.core.websocket.WebSocketRouter"
		},
		"getApplicationVersion()":{
			"sig":"()Ljava/lang/String;",
			"args":"()",
			"isStatic":false,
			"isProtected":false,
			"name":"getApplicationVersion",
			"isPublic":true,
			"isPrivate":false,
			"isFinal":false,
			"type":"define",
			"isAbstract":false,
			"rtType":"java.lang.String"
		},
		"setRouter(ro.pippo.core.route.Router,boolean)":{
			"sig":"(Lro/pippo/core/route/Router;Z)V",
			"args":"(ro.pippo.core.route.Router,boolean)",
			"isStatic":false,
			"isProtected":false,
			"name":"setRouter",
			"isPublic":true,
			"isPrivate":false,
			"isFinal":false,
			"type":"define",
			"isAbstract":false,
			"rtType":"void"
		},
		"getRoutePreDispatchListeners()":{
			"sig":"()Lro/pippo/core/route/RoutePreDispatchListenerList;",
			"args":"()",
			"isStatic":false,
			"isProtected":false,
			"name":"getRoutePreDispatchListeners",
			"isPublic":true,
			"isPrivate":false,
			"isFinal":false,
			"type":"define",
			"isAbstract":false,
			"rtType":"ro.pippo.core.route.RoutePreDispatchListenerList"
		},
		"registerContentTypeEngine(java.lang.Class)":{
			"sig":"(Ljava/lang/Class;)V",
			"args":"(java.lang.Class)",
			"isStatic":false,
			"isProtected":false,
			"name":"registerContentTypeEngine",
			"isPublic":true,
			"isPrivate":false,
			"isFinal":false,
			"type":"define",
			"isAbstract":false,
			"rtType":"void"
		},
		"init()":{
			"sig":"()V",
			"args":"()",
			"isStatic":false,
			"isProtected":false,
			"name":"init",
			"isPublic":true,
			"isPrivate":false,
			"isFinal":true,
			"type":"define",
			"isAbstract":false,
			"rtType":"void"
		}
	},
	"isPublic":true,
	"className":"ro.pippo.core.Application",
	"interNames":{
		"ro.pippo.core.route.ResourceRouting":"true"
	},
	"isFinal":false,
	"isPrivate":false,
	"isAbstract":false,
	"isInterface":false,
	"superClassName":"java.lang.Object"
}