{
	"isProtected":false,
	"finishedSearch":false,
	"methods":{
		"setResponseHeaders(java.net.URL,ro.pippo.core.route.RouteContext)":{
			"sig":"(Ljava/net/URL;Lro/pippo/core/route/RouteContext;)V",
			"args":"(java.net.URL,ro.pippo.core.route.RouteContext)",
			"isStatic":false,
			"isProtected":true,
			"name":"setResponseHeaders",
			"isPublic":false,
			"isPrivate":false,
			"isFinal":false,
			"type":"define",
			"isAbstract":false,
			"rtType":"void"
		},
		"getFiles(java.io.File)":{
			"sig":"(Ljava/io/File;)[Ljava/io/File;",
			"args":"(java.io.File)",
			"isStatic":false,
			"isProtected":true,
			"name":"getFiles",
			"isPublic":false,
			"isPrivate":false,
			"isFinal":false,
			"type":"define",
			"isAbstract":false,
			"rtType":"java.io.File[]"
		},
		"setTimestampPattern(java.lang.String)":{
			"sig":"(Ljava/lang/String;)Lro/pippo/core/route/DirectoryHandler;",
			"args":"(java.lang.String)",
			"isStatic":false,
			"isProtected":false,
			"name":"setTimestampPattern",
			"isPublic":true,
			"isPrivate":false,
			"isFinal":false,
			"type":"define",
			"isAbstract":false,
			"rtType":"ro.pippo.core.route.DirectoryHandler"
		},
		"setComparator(java.util.Comparator)":{
			"sig":"(Ljava/util/Comparator;)Lro/pippo/core/route/DirectoryHandler;",
			"args":"(java.util.Comparator)",
			"isStatic":false,
			"isProtected":false,
			"name":"setComparator",
			"isPublic":true,
			"isPrivate":false,
			"isFinal":false,
			"type":"define",
			"isAbstract":false,
			"rtType":"ro.pippo.core.route.DirectoryHandler"
		},
		"getResourcePath(ro.pippo.core.route.RouteContext)":{
			"sig":"(Lro/pippo/core/route/RouteContext;)Ljava/lang/String;",
			"args":"(ro.pippo.core.route.RouteContext)",
			"isStatic":false,
			"isProtected":true,
			"name":"getResourcePath",
			"isPublic":false,
			"isPrivate":false,
			"isFinal":false,
			"type":"define",
			"isAbstract":false,
			"rtType":"java.lang.String"
		},
		"handle(ro.pippo.core.route.RouteContext,java.lang.String)":{
			"sig":"(Lro/pippo/core/route/RouteContext;Ljava/lang/String;)V",
			"args":"(ro.pippo.core.route.RouteContext,java.lang.String)",
			"isStatic":false,
			"isProtected":true,
			"name":"handle",
			"isPublic":false,
			"isPrivate":false,
			"isFinal":false,
			"type":"define",
			"isAbstract":false,
			"rtType":"void"
		},
		"getIndexFile(java.io.File)":{
			"sig":"(Ljava/io/File;)Ljava/io/File;",
			"args":"(java.io.File)",
			"isStatic":false,
			"isProtected":true,
			"name":"getIndexFile",
			"isPublic":false,
			"isPrivate":false,
			"isFinal":false,
			"type":"define",
			"isAbstract":false,
			"rtType":"java.io.File"
		},
		"getTimestampPattern()":{
			"sig":"()Ljava/lang/String;",
			"args":"()",
			"isStatic":false,
			"isProtected":false,
			"name":"getTimestampPattern",
			"isPublic":true,
			"isPrivate":false,
			"isFinal":false,
			"type":"define",
			"isAbstract":false,
			"rtType":"java.lang.String"
		},
		"setFileSizePattern(java.lang.String)":{
			"sig":"(Ljava/lang/String;)Lro/pippo/core/route/DirectoryHandler;",
			"args":"(java.lang.String)",
			"isStatic":false,
			"isProtected":false,
			"name":"setFileSizePattern",
			"isPublic":true,
			"isPrivate":false,
			"isFinal":false,
			"type":"define",
			"isAbstract":false,
			"rtType":"ro.pippo.core.route.DirectoryHandler"
		},
		"getDirEntries(ro.pippo.core.route.RouteContext,java.io.File,java.lang.String)":{
			"sig":"(Lro/pippo/core/route/RouteContext;Ljava/io/File;Ljava/lang/String;)Ljava/util/List;",
			"args":"(ro.pippo.core.route.RouteContext,java.io.File,java.lang.String)",
			"isStatic":false,
			"isProtected":true,
			"name":"getDirEntries",
			"isPublic":false,
			"isPrivate":false,
			"isFinal":false,
			"type":"define",
			"isAbstract":false,
			"rtType":"java.util.List"
		},
		"sendDirectoryListing(ro.pippo.core.route.RouteContext,java.io.File)":{
			"sig":"(Lro/pippo/core/route/RouteContext;Ljava/io/File;)V",
			"args":"(ro.pippo.core.route.RouteContext,java.io.File)",
			"isStatic":false,
			"isProtected":false,
			"name":"sendDirectoryListing",
			"isPublic":false,
			"isPrivate":true,
			"isFinal":false,
			"type":"define",
			"isAbstract":false,
			"rtType":"void"
		},
		"getUrlPath()":{
			"sig":"()Ljava/lang/String;",
			"args":"()",
			"isStatic":false,
			"isProtected":false,
			"name":"getUrlPath",
			"isPublic":true,
			"isPrivate":false,
			"isFinal":false,
			"type":"define",
			"isAbstract":false,
			"rtType":"java.lang.String"
		},
		"sendResource(java.net.URL,ro.pippo.core.route.RouteContext)":{
			"sig":"(Ljava/net/URL;Lro/pippo/core/route/RouteContext;)V",
			"args":"(java.net.URL,ro.pippo.core.route.RouteContext)",
			"isStatic":false,
			"isProtected":true,
			"name":"sendResource",
			"isPublic":false,
			"isPrivate":false,
			"isFinal":false,
			"type":"define",
			"isAbstract":false,
			"rtType":"void"
		},
		"streamResource(java.net.URL,ro.pippo.core.route.RouteContext)":{
			"sig":"(Ljava/net/URL;Lro/pippo/core/route/RouteContext;)V",
			"args":"(java.net.URL,ro.pippo.core.route.RouteContext)",
			"isStatic":false,
			"isProtected":true,
			"name":"streamResource",
			"isPublic":false,
			"isPrivate":false,
			"isFinal":false,
			"type":"define",
			"isAbstract":false,
			"rtType":"void"
		},
		"<init>(java.lang.String,java.lang.String)":{
			"sig":"(Ljava/lang/String;Ljava/lang/String;)V",
			"args":"(java.lang.String,java.lang.String)",
			"isStatic":false,
			"isProtected":false,
			"name":"<init>",
			"isPublic":true,
			"isPrivate":false,
			"isFinal":false,
			"type":"define",
			"isAbstract":false,
			"rtType":"void"
		},
		"getNormalizedPath(java.lang.String)":{
			"sig":"(Ljava/lang/String;)Ljava/lang/String;",
			"args":"(java.lang.String)",
			"isStatic":false,
			"isProtected":true,
			"name":"getNormalizedPath",
			"isPublic":false,
			"isPrivate":false,
			"isFinal":false,
			"type":"define",
			"isAbstract":false,
			"rtType":"java.lang.String"
		},
		"getUriPattern()":{
			"sig":"()Ljava/lang/String;",
			"args":"()",
			"isStatic":false,
			"isProtected":false,
			"name":"getUriPattern",
			"isPublic":true,
			"isPrivate":false,
			"isFinal":false,
			"type":"define",
			"isAbstract":false,
			"rtType":"java.lang.String"
		},
		"getChunkedTransfer()":{
			"sig":"()Z",
			"args":"()",
			"isStatic":false,
			"isProtected":false,
			"name":"getChunkedTransfer",
			"isPublic":true,
			"isPrivate":false,
			"isFinal":false,
			"type":"define",
			"isAbstract":false,
			"rtType":"boolean"
		},
		"generateDefaultDirectoryListing(ro.pippo.core.route.RouteContext,java.io.File,java.lang.String)":{
			"sig":"(Lro/pippo/core/route/RouteContext;Ljava/io/File;Ljava/lang/String;)Ljava/lang/String;",
			"args":"(ro.pippo.core.route.RouteContext,java.io.File,java.lang.String)",
			"isStatic":false,
			"isProtected":true,
			"name":"generateDefaultDirectoryListing",
			"isPublic":false,
			"isPrivate":false,
			"isFinal":false,
			"type":"define",
			"isAbstract":false,
			"rtType":"java.lang.String"
		},
		"<clinit>()":{
			"sig":"()V",
			"args":"()",
			"isStatic":true,
			"isProtected":false,
			"name":"<clinit>",
			"isPublic":false,
			"isPrivate":false,
			"isFinal":false,
			"type":"define",
			"isAbstract":false,
			"rtType":"void"
		},
		"<init>(java.lang.String,java.io.File)":{
			"sig":"(Ljava/lang/String;Ljava/io/File;)V",
			"args":"(java.lang.String,java.io.File)",
			"isStatic":false,
			"isProtected":false,
			"name":"<init>",
			"isPublic":true,
			"isPrivate":false,
			"isFinal":false,
			"type":"define",
			"isAbstract":false,
			"rtType":"void"
		},
		"getFileSizePattern()":{
			"sig":"()Ljava/lang/String;",
			"args":"()",
			"isStatic":false,
			"isProtected":false,
			"name":"getFileSizePattern",
			"isPublic":true,
			"isPrivate":false,
			"isFinal":false,
			"type":"define",
			"isAbstract":false,
			"rtType":"java.lang.String"
		},
		"setDirectoryTemplate(java.lang.String)":{
			"sig":"(Ljava/lang/String;)Lro/pippo/core/route/DirectoryHandler;",
			"args":"(java.lang.String)",
			"isStatic":false,
			"isProtected":false,
			"name":"setDirectoryTemplate",
			"isPublic":true,
			"isPrivate":false,
			"isFinal":false,
			"type":"define",
			"isAbstract":false,
			"rtType":"ro.pippo.core.route.DirectoryHandler"
		},
		"setChunkedTransfer(boolean)":{
			"sig":"(Z)Lro/pippo/core/route/DirectoryHandler;",
			"args":"(boolean)",
			"isStatic":false,
			"isProtected":false,
			"name":"setChunkedTransfer",
			"isPublic":true,
			"isPrivate":false,
			"isFinal":false,
			"type":"define",
			"isAbstract":false,
			"rtType":"ro.pippo.core.route.DirectoryHandler"
		},
		"getComparator()":{
			"sig":"()Ljava/util/Comparator;",
			"args":"()",
			"isStatic":false,
			"isProtected":false,
			"name":"getComparator",
			"isPublic":true,
			"isPrivate":false,
			"isFinal":false,
			"type":"define",
			"isAbstract":false,
			"rtType":"java.util.Comparator"
		},
		"handle(ro.pippo.core.route.RouteContext)":{
			"sig":"(Lro/pippo/core/route/RouteContext;)V",
			"args":"(ro.pippo.core.route.RouteContext)",
			"isStatic":false,
			"isProtected":false,
			"name":"handle",
			"isPublic":true,
			"isPrivate":false,
			"isFinal":true,
			"type":"define",
			"isAbstract":false,
			"rtType":"void"
		},
		"handleDirectoryRequest(ro.pippo.core.route.RouteContext,java.io.File)":{
			"sig":"(Lro/pippo/core/route/RouteContext;Ljava/io/File;)V",
			"args":"(ro.pippo.core.route.RouteContext,java.io.File)",
			"isStatic":false,
			"isProtected":true,
			"name":"handleDirectoryRequest",
			"isPublic":false,
			"isPrivate":false,
			"isFinal":false,
			"type":"define",
			"isAbstract":false,
			"rtType":"void"
		},
		"getDirectoryTemplate()":{
			"sig":"()Ljava/lang/String;",
			"args":"()",
			"isStatic":false,
			"isProtected":false,
			"name":"getDirectoryTemplate",
			"isPublic":true,
			"isPrivate":false,
			"isFinal":false,
			"type":"define",
			"isAbstract":false,
			"rtType":"java.lang.String"
		}
	},
	"isPublic":true,
	"className":"ro.pippo.core.route.DirectoryHandler",
	"interNames":{
		"ro.pippo.core.route.RouteHandler":"true"
	},
	"isFinal":false,
	"isPrivate":false,
	"isAbstract":false,
	"isInterface":false,
	"superClassName":"java.lang.Object"
}