{
	"isProtected":false,
	"finishedSearch":false,
	"methods":{
		"defineClass(java.lang.String,boolean)":{
			"sig":"(Ljava/lang/String;Z)Ljava/lang/Class;",
			"args":"(java.lang.String,boolean)",
			"isStatic":false,
			"isProtected":true,
			"name":"defineClass",
			"isPublic":false,
			"isPrivate":false,
			"isFinal":false,
			"type":"define",
			"isAbstract":false,
			"rtType":"java.lang.Class"
		},
		"defineClass(java.lang.String,byte[])":{
			"sig":"(Ljava/lang/String;[B)Ljava/lang/Class;",
			"args":"(java.lang.String,byte[])",
			"isStatic":false,
			"isProtected":true,
			"name":"defineClass",
			"isPublic":false,
			"isPrivate":false,
			"isFinal":false,
			"type":"define",
			"isAbstract":false,
			"rtType":"java.lang.Class"
		},
		"getInputStream(java.lang.String)":{
			"sig":"(Ljava/lang/String;)Ljava/io/InputStream;",
			"args":"(java.lang.String)",
			"isStatic":false,
			"isProtected":true,
			"name":"getInputStream",
			"isPublic":false,
			"isPrivate":false,
			"isFinal":false,
			"type":"define",
			"isAbstract":true,
			"rtType":"java.io.InputStream"
		},
		"loadClass(java.lang.String,boolean)":{
			"sig":"(Ljava/lang/String;Z)Ljava/lang/Class;",
			"args":"(java.lang.String,boolean)",
			"isStatic":false,
			"isProtected":false,
			"name":"loadClass",
			"isPublic":true,
			"isPrivate":false,
			"isFinal":false,
			"type":"define",
			"isAbstract":false,
			"rtType":"java.lang.Class"
		},
		"isTarget(java.lang.String)":{
			"sig":"(Ljava/lang/String;)Z",
			"args":"(java.lang.String)",
			"isStatic":false,
			"isProtected":true,
			"name":"isTarget",
			"isPublic":false,
			"isPrivate":false,
			"isFinal":false,
			"type":"define",
			"isAbstract":false,
			"rtType":"boolean"
		},
		"defineClass(java.lang.String,java.io.InputStream)":{
			"sig":"(Ljava/lang/String;Ljava/io/InputStream;)Ljava/lang/Class;",
			"args":"(java.lang.String,java.io.InputStream)",
			"isStatic":false,
			"isProtected":true,
			"name":"defineClass",
			"isPublic":false,
			"isPrivate":false,
			"isFinal":false,
			"type":"define",
			"isAbstract":false,
			"rtType":"java.lang.Class"
		},
		"<init>(java.lang.ClassLoader,java.lang.String)":{
			"sig":"(Ljava/lang/ClassLoader;Ljava/lang/String;)V",
			"args":"(java.lang.ClassLoader,java.lang.String)",
			"isStatic":false,
			"isProtected":false,
			"name":"<init>",
			"isPublic":true,
			"isPrivate":false,
			"isFinal":false,
			"type":"define",
			"isAbstract":false,
			"rtType":"void"
		}
	},
	"isPublic":true,
	"className":"ro.pippo.core.reload.ReloadClassLoader",
	"interNames":{},
	"isFinal":false,
	"isPrivate":false,
	"isAbstract":true,
	"isInterface":false,
	"superClassName":"java.lang.ClassLoader"
}