{
	"isProtected":false,
	"finishedSearch":false,
	"methods":{
		"destroy()":{
			"sig":"()V",
			"args":"()",
			"isStatic":false,
			"isProtected":false,
			"name":"destroy",
			"isPublic":true,
			"isPrivate":false,
			"isFinal":false,
			"type":"define",
			"isAbstract":false,
			"rtType":"void"
		},
		"createApplication(javax.servlet.ServletConfig)":{
			"sig":"(Ljavax/servlet/ServletConfig;)V",
			"args":"(javax.servlet.ServletConfig)",
			"isStatic":false,
			"isProtected":false,
			"name":"createApplication",
			"isPublic":false,
			"isPrivate":true,
			"isFinal":false,
			"type":"define",
			"isAbstract":false,
			"rtType":"void"
		},
		"<init>()":{
			"sig":"()V",
			"args":"()",
			"isStatic":false,
			"isProtected":false,
			"name":"<init>",
			"isPublic":true,
			"isPrivate":false,
			"isFinal":false,
			"type":"define",
			"isAbstract":false,
			"rtType":"void"
		},
		"<clinit>()":{
			"sig":"()V",
			"args":"()",
			"isStatic":true,
			"isProtected":false,
			"name":"<clinit>",
			"isPublic":false,
			"isPrivate":false,
			"isFinal":false,
			"type":"define",
			"isAbstract":false,
			"rtType":"void"
		},
		"setApplication(ro.pippo.core.Application)":{
			"sig":"(Lro/pippo/core/Application;)V",
			"args":"(ro.pippo.core.Application)",
			"isStatic":false,
			"isProtected":false,
			"name":"setApplication",
			"isPublic":true,
			"isPrivate":false,
			"isFinal":false,
			"type":"define",
			"isAbstract":false,
			"rtType":"void"
		},
		"getApplication()":{
			"sig":"()Lro/pippo/core/Application;",
			"args":"()",
			"isStatic":false,
			"isProtected":false,
			"name":"getApplication",
			"isPublic":true,
			"isPrivate":false,
			"isFinal":false,
			"type":"define",
			"isAbstract":false,
			"rtType":"ro.pippo.core.Application"
		},
		"init(javax.servlet.ServletConfig)":{
			"sig":"(Ljavax/servlet/ServletConfig;)V",
			"args":"(javax.servlet.ServletConfig)",
			"isStatic":false,
			"isProtected":false,
			"name":"init",
			"isPublic":true,
			"isPrivate":false,
			"isFinal":false,
			"type":"define",
			"isAbstract":false,
			"rtType":"void"
		},
		"service(javax.servlet.ServletRequest,javax.servlet.ServletResponse)":{
			"sig":"(Ljavax/servlet/ServletRequest;Ljavax/servlet/ServletResponse;)V",
			"args":"(javax.servlet.ServletRequest,javax.servlet.ServletResponse)",
			"isStatic":false,
			"isProtected":false,
			"name":"service",
			"isPublic":true,
			"isPrivate":false,
			"isFinal":false,
			"type":"define",
			"isAbstract":false,
			"rtType":"void"
		}
	},
	"isPublic":true,
	"className":"ro.pippo.core.PippoServlet",
	"interNames":{},
	"isFinal":false,
	"isPrivate":false,
	"isAbstract":false,
	"isInterface":false,
	"superClassName":"javax.servlet.http.HttpServlet"
}