{
	"isProtected":false,
	"finishedSearch":false,
	"methods":{
		"addRoute(ro.pippo.core.route.Route)":{
			"sig":"(Lro/pippo/core/route/Route;)V",
			"args":"(ro.pippo.core.route.Route)",
			"isStatic":false,
			"isProtected":false,
			"name":"addRoute",
			"isPublic":true,
			"isPrivate":false,
			"isFinal":false,
			"type":"define",
			"isAbstract":false,
			"rtType":"void"
		},
		"removeRoute(ro.pippo.core.route.Route)":{
			"sig":"(Lro/pippo/core/route/Route;)V",
			"args":"(ro.pippo.core.route.Route)",
			"isStatic":false,
			"isProtected":false,
			"name":"removeRoute",
			"isPublic":true,
			"isPrivate":false,
			"isFinal":false,
			"type":"define",
			"isAbstract":false,
			"rtType":"void"
		},
		"addRouteGroup(ro.pippo.core.route.RouteGroup)":{
			"sig":"(Lro/pippo/core/route/RouteGroup;)V",
			"args":"(ro.pippo.core.route.RouteGroup)",
			"isStatic":false,
			"isProtected":false,
			"name":"addRouteGroup",
			"isPublic":true,
			"isPrivate":false,
			"isFinal":false,
			"type":"define",
			"isAbstract":false,
			"rtType":"void"
		},
		"lambda$addRouteGroup$1(ro.pippo.core.route.RouteGroup,ro.pippo.core.route.Route)":{
			"sig":"(Lro/pippo/core/route/RouteGroup;Lro/pippo/core/route/Route;)V",
			"args":"(ro.pippo.core.route.RouteGroup,ro.pippo.core.route.Route)",
			"isStatic":false,
			"isProtected":false,
			"name":"lambda$addRouteGroup$1",
			"isPublic":false,
			"isPrivate":true,
			"isFinal":false,
			"type":"define",
			"isAbstract":false,
			"rtType":"void"
		},
		"removeCompiledRoute(ro.pippo.core.route.Route)":{
			"sig":"(Lro/pippo/core/route/Route;)V",
			"args":"(ro.pippo.core.route.Route)",
			"isStatic":false,
			"isProtected":false,
			"name":"removeCompiledRoute",
			"isPublic":false,
			"isPrivate":true,
			"isFinal":false,
			"type":"define",
			"isAbstract":false,
			"rtType":"void"
		},
		"setContextPath(java.lang.String)":{
			"sig":"(Ljava/lang/String;)V",
			"args":"(java.lang.String)",
			"isStatic":false,
			"isProtected":false,
			"name":"setContextPath",
			"isPublic":true,
			"isPrivate":false,
			"isFinal":false,
			"type":"define",
			"isAbstract":false,
			"rtType":"void"
		},
		"getRoute(java.lang.Class)":{
			"sig":"(Ljava/lang/Class;)Lro/pippo/core/route/Route;",
			"args":"(java.lang.Class)",
			"isStatic":false,
			"isProtected":false,
			"name":"getRoute",
			"isPublic":false,
			"isPrivate":true,
			"isFinal":false,
			"type":"define",
			"isAbstract":false,
			"rtType":"ro.pippo.core.route.Route"
		},
		"getRouteTransformers()":{
			"sig":"()Ljava/util/List;",
			"args":"()",
			"isStatic":false,
			"isProtected":false,
			"name":"getRouteTransformers",
			"isPublic":true,
			"isPrivate":false,
			"isFinal":false,
			"type":"define",
			"isAbstract":false,
			"rtType":"java.util.List"
		},
		"<init>()":{
			"sig":"()V",
			"args":"()",
			"isStatic":false,
			"isProtected":false,
			"name":"<init>",
			"isPublic":true,
			"isPrivate":false,
			"isFinal":false,
			"type":"define",
			"isAbstract":false,
			"rtType":"void"
		},
		"getCompiledRoutes(java.lang.String)":{
			"sig":"(Ljava/lang/String;)Ljava/util/List;",
			"args":"(java.lang.String)",
			"isStatic":false,
			"isProtected":false,
			"name":"getCompiledRoutes",
			"isPublic":false,
			"isPrivate":true,
			"isFinal":false,
			"type":"define",
			"isAbstract":false,
			"rtType":"java.util.List"
		},
		"setApplicationPath(java.lang.String)":{
			"sig":"(Ljava/lang/String;)V",
			"args":"(java.lang.String)",
			"isStatic":false,
			"isProtected":false,
			"name":"setApplicationPath",
			"isPublic":true,
			"isPrivate":false,
			"isFinal":false,
			"type":"define",
			"isAbstract":false,
			"rtType":"void"
		},
		"getIgnorePaths()":{
			"sig":"()Ljava/util/Set;",
			"args":"()",
			"isStatic":false,
			"isProtected":false,
			"name":"getIgnorePaths",
			"isPublic":true,
			"isPrivate":false,
			"isFinal":false,
			"type":"define",
			"isAbstract":false,
			"rtType":"java.util.Set"
		},
		"addCompiledRoute(ro.pippo.core.route.Route)":{
			"sig":"(Lro/pippo/core/route/Route;)V",
			"args":"(ro.pippo.core.route.Route)",
			"isStatic":false,
			"isProtected":false,
			"name":"addCompiledRoute",
			"isPublic":false,
			"isPrivate":true,
			"isFinal":false,
			"type":"define",
			"isAbstract":false,
			"rtType":"void"
		},
		"getRoutes(java.lang.String)":{
			"sig":"(Ljava/lang/String;)Ljava/util/List;",
			"args":"(java.lang.String)",
			"isStatic":false,
			"isProtected":false,
			"name":"getRoutes",
			"isPublic":true,
			"isPrivate":false,
			"isFinal":false,
			"type":"define",
			"isAbstract":false,
			"rtType":"java.util.List"
		},
		"uriFor(java.lang.String,java.util.Map)":{
			"sig":"(Ljava/lang/String;Ljava/util/Map;)Ljava/lang/String;",
			"args":"(java.lang.String,java.util.Map)",
			"isStatic":false,
			"isProtected":false,
			"name":"uriFor",
			"isPublic":true,
			"isPrivate":false,
			"isFinal":false,
			"type":"define",
			"isAbstract":false,
			"rtType":"java.lang.String"
		},
		"uriPatternFor(java.lang.Class)":{
			"sig":"(Ljava/lang/Class;)Ljava/lang/String;",
			"args":"(java.lang.Class)",
			"isStatic":false,
			"isProtected":false,
			"name":"uriPatternFor",
			"isPublic":true,
			"isPrivate":false,
			"isFinal":false,
			"type":"define",
			"isAbstract":false,
			"rtType":"java.lang.String"
		},
		"removeRouteGroup(ro.pippo.core.route.RouteGroup)":{
			"sig":"(Lro/pippo/core/route/RouteGroup;)V",
			"args":"(ro.pippo.core.route.RouteGroup)",
			"isStatic":false,
			"isProtected":false,
			"name":"removeRouteGroup",
			"isPublic":true,
			"isPrivate":false,
			"isFinal":false,
			"type":"define",
			"isAbstract":false,
			"rtType":"void"
		},
		"uriFor(java.lang.String)":{
			"sig":"(Ljava/lang/String;)Ljava/lang/String;",
			"args":"(java.lang.String)",
			"isStatic":false,
			"isProtected":false,
			"name":"uriFor",
			"isPublic":true,
			"isPrivate":false,
			"isFinal":false,
			"type":"define",
			"isAbstract":false,
			"rtType":"java.lang.String"
		},
		"compileRoutes()":{
			"sig":"()V",
			"args":"()",
			"isStatic":false,
			"isProtected":false,
			"name":"compileRoutes",
			"isPublic":true,
			"isPrivate":false,
			"isFinal":false,
			"type":"define",
			"isAbstract":false,
			"rtType":"void"
		},
		"getApplicationPath()":{
			"sig":"()Ljava/lang/String;",
			"args":"()",
			"isStatic":false,
			"isProtected":false,
			"name":"getApplicationPath",
			"isPublic":true,
			"isPrivate":false,
			"isFinal":false,
			"type":"define",
			"isAbstract":false,
			"rtType":"java.lang.String"
		},
		"compileRoute(ro.pippo.core.route.Route)":{
			"sig":"(Lro/pippo/core/route/Route;)Lro/pippo/core/route/Route;",
			"args":"(ro.pippo.core.route.Route)",
			"isStatic":false,
			"isProtected":false,
			"name":"compileRoute",
			"isPublic":false,
			"isPrivate":true,
			"isFinal":false,
			"type":"define",
			"isAbstract":false,
			"rtType":"ro.pippo.core.route.Route"
		},
		"concatUriPattern(java.lang.String,java.lang.String)":{
			"sig":"(Ljava/lang/String;Ljava/lang/String;)Ljava/lang/String;",
			"args":"(java.lang.String,java.lang.String)",
			"isStatic":false,
			"isProtected":false,
			"name":"concatUriPattern",
			"isPublic":false,
			"isPrivate":true,
			"isFinal":false,
			"type":"define",
			"isAbstract":false,
			"rtType":"java.lang.String"
		},
		"<clinit>()":{
			"sig":"()V",
			"args":"()",
			"isStatic":true,
			"isProtected":false,
			"name":"<clinit>",
			"isPublic":false,
			"isPrivate":false,
			"isFinal":false,
			"type":"define",
			"isAbstract":false,
			"rtType":"void"
		},
		"ignorePaths(java.lang.String[])":{
			"sig":"([Ljava/lang/String;)V",
			"args":"(java.lang.String[])",
			"isStatic":false,
			"isProtected":false,
			"name":"ignorePaths",
			"isPublic":true,
			"isPrivate":false,
			"isFinal":false,
			"type":"define",
			"isAbstract":false,
			"rtType":"void"
		},
		"getRoutes()":{
			"sig":"()Ljava/util/List;",
			"args":"()",
			"isStatic":false,
			"isProtected":false,
			"name":"getRoutes",
			"isPublic":true,
			"isPrivate":false,
			"isFinal":true,
			"type":"define",
			"isAbstract":false,
			"rtType":"java.util.List"
		},
		"lambda$lambda$addRouteGroup$1$0(java.util.Map)":{
			"sig":"(Ljava/util/Map;)Ljava/util/stream/Stream;",
			"args":"(java.util.Map)",
			"isStatic":true,
			"isProtected":false,
			"name":"lambda$lambda$addRouteGroup$1$0",
			"isPublic":false,
			"isPrivate":true,
			"isFinal":false,
			"type":"define",
			"isAbstract":false,
			"rtType":"java.util.stream.Stream"
		},
		"prefixApplicationPath(java.lang.String)":{
			"sig":"(Ljava/lang/String;)Ljava/lang/String;",
			"args":"(java.lang.String)",
			"isStatic":false,
			"isProtected":true,
			"name":"prefixApplicationPath",
			"isPublic":false,
			"isPrivate":false,
			"isFinal":false,
			"type":"define",
			"isAbstract":false,
			"rtType":"java.lang.String"
		},
		"addRouteTransformer(ro.pippo.core.route.RouteTransformer)":{
			"sig":"(Lro/pippo/core/route/RouteTransformer;)V",
			"args":"(ro.pippo.core.route.RouteTransformer)",
			"isStatic":false,
			"isProtected":false,
			"name":"addRouteTransformer",
			"isPublic":true,
			"isPrivate":false,
			"isFinal":false,
			"type":"define",
			"isAbstract":false,
			"rtType":"void"
		},
		"validateRoute(ro.pippo.core.route.Route)":{
			"sig":"(Lro/pippo/core/route/Route;)V",
			"args":"(ro.pippo.core.route.Route)",
			"isStatic":false,
			"isProtected":true,
			"name":"validateRoute",
			"isPublic":false,
			"isPrivate":false,
			"isFinal":false,
			"type":"define",
			"isAbstract":false,
			"rtType":"void"
		},
		"getContextPath()":{
			"sig":"()Ljava/lang/String;",
			"args":"()",
			"isStatic":false,
			"isProtected":false,
			"name":"getContextPath",
			"isPublic":true,
			"isPrivate":false,
			"isFinal":false,
			"type":"define",
			"isAbstract":false,
			"rtType":"java.lang.String"
		},
		"getCompiledRoute(java.lang.String)":{
			"sig":"(Ljava/lang/String;)Lro/pippo/core/route/Route;",
			"args":"(java.lang.String)",
			"isStatic":false,
			"isProtected":false,
			"name":"getCompiledRoute",
			"isPublic":false,
			"isPrivate":true,
			"isFinal":false,
			"type":"define",
			"isAbstract":false,
			"rtType":"ro.pippo.core.route.Route"
		},
		"access$000(ro.pippo.core.route.DefaultRouter)":{
			"sig":"(Lro/pippo/core/route/DefaultRouter;)Ljava/util/List;",
			"args":"(ro.pippo.core.route.DefaultRouter)",
			"isStatic":true,
			"isProtected":false,
			"name":"access$000",
			"isPublic":false,
			"isPrivate":false,
			"isFinal":false,
			"type":"define",
			"isAbstract":false,
			"rtType":"java.util.List"
		},
		"findRoutes(java.lang.String,java.lang.String)":{
			"sig":"(Ljava/lang/String;Ljava/lang/String;)Ljava/util/List;",
			"args":"(java.lang.String,java.lang.String)",
			"isStatic":false,
			"isProtected":false,
			"name":"findRoutes",
			"isPublic":true,
			"isPrivate":false,
			"isFinal":false,
			"type":"define",
			"isAbstract":false,
			"rtType":"java.util.List"
		}
	},
	"isPublic":true,
	"className":"ro.pippo.core.route.DefaultRouter",
	"interNames":{
		"ro.pippo.core.route.Router":"true"
	},
	"isFinal":false,
	"isPrivate":false,
	"isAbstract":false,
	"isInterface":false,
	"superClassName":"java.lang.Object"
}