{
	"isProtected":false,
	"finishedSearch":false,
	"methods":{
		"init(javax.servlet.ServletContext)":{
			"sig":"(Ljavax/servlet/ServletContext;)V",
			"args":"(javax.servlet.ServletContext)",
			"isStatic":false,
			"isProtected":false,
			"name":"init",
			"isPublic":true,
			"isPrivate":false,
			"isFinal":false,
			"type":"define",
			"isAbstract":true,
			"rtType":"void"
		},
		"destroy(javax.servlet.ServletContext)":{
			"sig":"(Ljavax/servlet/ServletContext;)V",
			"args":"(javax.servlet.ServletContext)",
			"isStatic":false,
			"isProtected":false,
			"name":"destroy",
			"isPublic":true,
			"isPrivate":false,
			"isFinal":false,
			"type":"define",
			"isAbstract":true,
			"rtType":"void"
		}
	},
	"isPublic":true,
	"className":"ro.pippo.core.WebServerInitializer",
	"interNames":{},
	"isFinal":false,
	"isPrivate":false,
	"isAbstract":true,
	"isInterface":true,
	"superClassName":"java.lang.Object"
}