{
	"isProtected":false,
	"finishedSearch":false,
	"methods":{
		"<init>()":{
			"sig":"()V",
			"args":"()",
			"isStatic":false,
			"isProtected":false,
			"name":"<init>",
			"isPublic":true,
			"isPrivate":false,
			"isFinal":false,
			"type":"define",
			"isAbstract":false,
			"rtType":"void"
		},
		"match(java.lang.String)":{
			"sig":"(Ljava/lang/String;)Lro/pippo/core/websocket/WebSocketRouter$WebSocketMatch;",
			"args":"(java.lang.String)",
			"isStatic":false,
			"isProtected":false,
			"name":"match",
			"isPublic":true,
			"isPrivate":false,
			"isFinal":false,
			"type":"define",
			"isAbstract":false,
			"rtType":"ro.pippo.core.websocket.WebSocketRouter$WebSocketMatch"
		},
		"addRoute(java.lang.String,ro.pippo.core.websocket.WebSocketHandler)":{
			"sig":"(Ljava/lang/String;Lro/pippo/core/websocket/WebSocketHandler;)V",
			"args":"(java.lang.String,ro.pippo.core.websocket.WebSocketHandler)",
			"isStatic":false,
			"isProtected":false,
			"name":"addRoute",
			"isPublic":true,
			"isPrivate":false,
			"isFinal":false,
			"type":"define",
			"isAbstract":false,
			"rtType":"void"
		}
	},
	"isPublic":true,
	"className":"ro.pippo.core.websocket.WebSocketRouter",
	"interNames":{},
	"isFinal":false,
	"isPrivate":false,
	"isAbstract":false,
	"isInterface":false,
	"superClassName":"java.lang.Object"
}