{
	"isProtected":false,
	"finishedSearch":false,
	"methods":{
		"onFinalize(ro.pippo.core.Response)":{
			"sig":"(Lro/pippo/core/Response;)V",
			"args":"(ro.pippo.core.Response)",
			"isStatic":false,
			"isProtected":false,
			"name":"onFinalize",
			"isPublic":true,
			"isPrivate":false,
			"isFinal":false,
			"type":"define",
			"isAbstract":true,
			"rtType":"void"
		}
	},
	"isPublic":true,
	"className":"ro.pippo.core.ResponseFinalizeListener",
	"interNames":{},
	"isFinal":false,
	"isPrivate":false,
	"isAbstract":true,
	"isInterface":true,
	"superClassName":"java.lang.Object"
}