{
	"isProtected":false,
	"finishedSearch":false,
	"methods":{
		"<init>(ro.pippo.core.PippoSettings)":{
			"sig":"(Lro/pippo/core/PippoSettings;)V",
			"args":"(ro.pippo.core.PippoSettings)",
			"isStatic":false,
			"isProtected":false,
			"name":"<init>",
			"isPublic":true,
			"isPrivate":false,
			"isFinal":false,
			"type":"define",
			"isAbstract":false,
			"rtType":"void"
		},
		"addEtag(ro.pippo.core.route.RouteContext,long)":{
			"sig":"(Lro/pippo/core/route/RouteContext;J)V",
			"args":"(ro.pippo.core.route.RouteContext,long)",
			"isStatic":false,
			"isProtected":false,
			"name":"addEtag",
			"isPublic":true,
			"isPrivate":false,
			"isFinal":false,
			"type":"define",
			"isAbstract":false,
			"rtType":"void"
		},
		"<clinit>()":{
			"sig":"()V",
			"args":"()",
			"isStatic":true,
			"isProtected":false,
			"name":"<clinit>",
			"isPublic":false,
			"isPrivate":false,
			"isFinal":false,
			"type":"define",
			"isAbstract":false,
			"rtType":"void"
		},
		"isModified(java.lang.String,long,ro.pippo.core.route.RouteContext)":{
			"sig":"(Ljava/lang/String;JLro/pippo/core/route/RouteContext;)Z",
			"args":"(java.lang.String,long,ro.pippo.core.route.RouteContext)",
			"isStatic":false,
			"isProtected":false,
			"name":"isModified",
			"isPublic":true,
			"isPrivate":false,
			"isFinal":false,
			"type":"define",
			"isAbstract":false,
			"rtType":"boolean"
		}
	},
	"isPublic":true,
	"className":"ro.pippo.core.util.HttpCacheToolkit",
	"interNames":{},
	"isFinal":false,
	"isPrivate":false,
	"isAbstract":false,
	"isInterface":false,
	"superClassName":"java.lang.Object"
}