{
	"isProtected":false,
	"finishedSearch":false,
	"methods":{
		"setExecutorService(java.util.concurrent.ExecutorService)":{
			"sig":"(Ljava/util/concurrent/ExecutorService;)Lro/pippo/core/reload/ReloadWatcher$Builder;",
			"args":"(java.util.concurrent.ExecutorService)",
			"isStatic":false,
			"isProtected":false,
			"name":"setExecutorService",
			"isPublic":true,
			"isPrivate":false,
			"isFinal":false,
			"type":"define",
			"isAbstract":false,
			"rtType":"ro.pippo.core.reload.ReloadWatcher$Builder"
		},
		"addDirectory(java.lang.String)":{
			"sig":"(Ljava/lang/String;)Lro/pippo/core/reload/ReloadWatcher$Builder;",
			"args":"(java.lang.String)",
			"isStatic":false,
			"isProtected":false,
			"name":"addDirectory",
			"isPublic":true,
			"isPrivate":false,
			"isFinal":false,
			"type":"define",
			"isAbstract":false,
			"rtType":"ro.pippo.core.reload.ReloadWatcher$Builder"
		},
		"<init>()":{
			"sig":"()V",
			"args":"()",
			"isStatic":false,
			"isProtected":false,
			"name":"<init>",
			"isPublic":true,
			"isPrivate":false,
			"isFinal":false,
			"type":"define",
			"isAbstract":false,
			"rtType":"void"
		},
		"addDirectory(java.nio.file.Path)":{
			"sig":"(Ljava/nio/file/Path;)Lro/pippo/core/reload/ReloadWatcher$Builder;",
			"args":"(java.nio.file.Path)",
			"isStatic":false,
			"isProtected":false,
			"name":"addDirectory",
			"isPublic":true,
			"isPrivate":false,
			"isFinal":false,
			"type":"define",
			"isAbstract":false,
			"rtType":"ro.pippo.core.reload.ReloadWatcher$Builder"
		},
		"build(ro.pippo.core.reload.ReloadWatcher$Listener)":{
			"sig":"(Lro/pippo/core/reload/ReloadWatcher$Listener;)Lro/pippo/core/reload/ReloadWatcher;",
			"args":"(ro.pippo.core.reload.ReloadWatcher$Listener)",
			"isStatic":false,
			"isProtected":false,
			"name":"build",
			"isPublic":true,
			"isPrivate":false,
			"isFinal":false,
			"type":"define",
			"isAbstract":false,
			"rtType":"ro.pippo.core.reload.ReloadWatcher"
		}
	},
	"isPublic":true,
	"className":"ro.pippo.core.reload.ReloadWatcher$Builder",
	"interNames":{},
	"isFinal":false,
	"isPrivate":false,
	"isAbstract":false,
	"isInterface":false,
	"superClassName":"java.lang.Object"
}