{
	"isProtected":false,
	"finishedSearch":false,
	"methods":{
		"createRouteContext(ro.pippo.core.Application,ro.pippo.core.Request,ro.pippo.core.Response,java.util.List)":{
			"sig":"(Lro/pippo/core/Application;Lro/pippo/core/Request;Lro/pippo/core/Response;Ljava/util/List;)Lro/pippo/core/route/RouteContext;",
			"args":"(ro.pippo.core.Application,ro.pippo.core.Request,ro.pippo.core.Response,java.util.List)",
			"isStatic":false,
			"isProtected":false,
			"name":"createRouteContext",
			"isPublic":true,
			"isPrivate":false,
			"isFinal":false,
			"type":"define",
			"isAbstract":true,
			"rtType":"ro.pippo.core.route.RouteContext"
		}
	},
	"isPublic":true,
	"className":"ro.pippo.core.route.RouteContextFactory",
	"interNames":{
		"ro.pippo.core.Initializer":"true"
	},
	"isFinal":false,
	"isPrivate":false,
	"isAbstract":true,
	"isInterface":true,
	"superClassName":"java.lang.Object"
}