{
	"isProtected":false,
	"finishedSearch":false,
	"methods":{
		"write(byte[])":{
			"sig":"([B)V",
			"args":"(byte[])",
			"isStatic":false,
			"isProtected":false,
			"name":"write",
			"isPublic":true,
			"isPrivate":false,
			"isFinal":false,
			"type":"define",
			"isAbstract":false,
			"rtType":"void"
		},
		"write(byte[],int,int)":{
			"sig":"([BII)V",
			"args":"(byte[],int,int)",
			"isStatic":false,
			"isProtected":false,
			"name":"write",
			"isPublic":true,
			"isPrivate":false,
			"isFinal":false,
			"type":"define",
			"isAbstract":false,
			"rtType":"void"
		},
		"flush()":{
			"sig":"()V",
			"args":"()",
			"isStatic":false,
			"isProtected":false,
			"name":"flush",
			"isPublic":true,
			"isPrivate":false,
			"isFinal":false,
			"type":"define",
			"isAbstract":false,
			"rtType":"void"
		},
		"write(int)":{
			"sig":"(I)V",
			"args":"(int)",
			"isStatic":false,
			"isProtected":false,
			"name":"write",
			"isPublic":true,
			"isPrivate":false,
			"isFinal":false,
			"type":"define",
			"isAbstract":false,
			"rtType":"void"
		},
		"<init>(javax.servlet.http.HttpServletResponse)":{
			"sig":"(Ljavax/servlet/http/HttpServletResponse;)V",
			"args":"(javax.servlet.http.HttpServletResponse)",
			"isStatic":false,
			"isProtected":false,
			"name":"<init>",
			"isPublic":true,
			"isPrivate":false,
			"isFinal":false,
			"type":"define",
			"isAbstract":false,
			"rtType":"void"
		},
		"close()":{
			"sig":"()V",
			"args":"()",
			"isStatic":false,
			"isProtected":false,
			"name":"close",
			"isPublic":true,
			"isPrivate":false,
			"isFinal":false,
			"type":"define",
			"isAbstract":false,
			"rtType":"void"
		}
	},
	"isPublic":true,
	"className":"ro.pippo.core.gzip.GZipResponseStream",
	"interNames":{},
	"isFinal":false,
	"isPrivate":false,
	"isAbstract":false,
	"isInterface":false,
	"superClassName":"javax.servlet.ServletOutputStream"
}