{
	"isProtected":false,
	"finishedSearch":false,
	"methods":{
		"onMessage(ro.pippo.core.websocket.WebSocketContext,java.lang.String)":{
			"sig":"(Lro/pippo/core/websocket/WebSocketContext;Ljava/lang/String;)V",
			"args":"(ro.pippo.core.websocket.WebSocketContext,java.lang.String)",
			"isStatic":false,
			"isProtected":false,
			"name":"onMessage",
			"isPublic":true,
			"isPrivate":false,
			"isFinal":false,
			"type":"define",
			"isAbstract":true,
			"rtType":"void"
		},
		"<clinit>()":{
			"sig":"()V",
			"args":"()",
			"isStatic":true,
			"isProtected":false,
			"name":"<clinit>",
			"isPublic":false,
			"isPrivate":false,
			"isFinal":false,
			"type":"define",
			"isAbstract":false,
			"rtType":"void"
		},
		"onClose(ro.pippo.core.websocket.WebSocketContext,int,java.lang.String)":{
			"sig":"(Lro/pippo/core/websocket/WebSocketContext;ILjava/lang/String;)V",
			"args":"(ro.pippo.core.websocket.WebSocketContext,int,java.lang.String)",
			"isStatic":false,
			"isProtected":false,
			"name":"onClose",
			"isPublic":true,
			"isPrivate":false,
			"isFinal":false,
			"type":"define",
			"isAbstract":false,
			"rtType":"void"
		},
		"onOpen(ro.pippo.core.websocket.WebSocketContext)":{
			"sig":"(Lro/pippo/core/websocket/WebSocketContext;)V",
			"args":"(ro.pippo.core.websocket.WebSocketContext)",
			"isStatic":false,
			"isProtected":false,
			"name":"onOpen",
			"isPublic":true,
			"isPrivate":false,
			"isFinal":false,
			"type":"define",
			"isAbstract":false,
			"rtType":"void"
		},
		"onError(ro.pippo.core.websocket.WebSocketContext,java.lang.Throwable)":{
			"sig":"(Lro/pippo/core/websocket/WebSocketContext;Ljava/lang/Throwable;)V",
			"args":"(ro.pippo.core.websocket.WebSocketContext,java.lang.Throwable)",
			"isStatic":false,
			"isProtected":false,
			"name":"onError",
			"isPublic":true,
			"isPrivate":false,
			"isFinal":false,
			"type":"define",
			"isAbstract":false,
			"rtType":"void"
		},
		"onTimeout(ro.pippo.core.websocket.WebSocketContext)":{
			"sig":"(Lro/pippo/core/websocket/WebSocketContext;)V",
			"args":"(ro.pippo.core.websocket.WebSocketContext)",
			"isStatic":false,
			"isProtected":false,
			"name":"onTimeout",
			"isPublic":true,
			"isPrivate":false,
			"isFinal":false,
			"type":"define",
			"isAbstract":false,
			"rtType":"void"
		},
		"onMessage(ro.pippo.core.websocket.WebSocketContext,byte[])":{
			"sig":"(Lro/pippo/core/websocket/WebSocketContext;[B)V",
			"args":"(ro.pippo.core.websocket.WebSocketContext,byte[])",
			"isStatic":false,
			"isProtected":false,
			"name":"onMessage",
			"isPublic":true,
			"isPrivate":false,
			"isFinal":false,
			"type":"define",
			"isAbstract":false,
			"rtType":"void"
		}
	},
	"isPublic":true,
	"className":"ro.pippo.core.websocket.WebSocketHandler",
	"interNames":{},
	"isFinal":false,
	"isPrivate":false,
	"isAbstract":true,
	"isInterface":true,
	"superClassName":"java.lang.Object"
}