{
	"isProtected":false,
	"finishedSearch":false,
	"methods":{
		"processRequest(ro.pippo.core.Request,ro.pippo.core.Response)":{
			"sig":"(Lro/pippo/core/Request;Lro/pippo/core/Response;)V",
			"args":"(ro.pippo.core.Request,ro.pippo.core.Response)",
			"isStatic":false,
			"isProtected":true,
			"name":"processRequest",
			"isPublic":false,
			"isPrivate":false,
			"isFinal":false,
			"type":"define",
			"isAbstract":false,
			"rtType":"void"
		},
		"init(javax.servlet.FilterConfig)":{
			"sig":"(Ljavax/servlet/FilterConfig;)V",
			"args":"(javax.servlet.FilterConfig)",
			"isStatic":false,
			"isProtected":false,
			"name":"init",
			"isPublic":true,
			"isPrivate":false,
			"isFinal":false,
			"type":"define",
			"isAbstract":false,
			"rtType":"void"
		},
		"initFilterPath(javax.servlet.FilterConfig)":{
			"sig":"(Ljavax/servlet/FilterConfig;)V",
			"args":"(javax.servlet.FilterConfig)",
			"isStatic":false,
			"isProtected":false,
			"name":"initFilterPath",
			"isPublic":false,
			"isPrivate":true,
			"isFinal":false,
			"type":"define",
			"isAbstract":false,
			"rtType":"void"
		},
		"initFilterPathFromConfig(javax.servlet.FilterConfig)":{
			"sig":"(Ljavax/servlet/FilterConfig;)V",
			"args":"(javax.servlet.FilterConfig)",
			"isStatic":false,
			"isProtected":false,
			"name":"initFilterPathFromConfig",
			"isPublic":false,
			"isPrivate":true,
			"isFinal":false,
			"type":"define",
			"isAbstract":false,
			"rtType":"void"
		},
		"<clinit>()":{
			"sig":"()V",
			"args":"()",
			"isStatic":true,
			"isProtected":false,
			"name":"<clinit>",
			"isPublic":false,
			"isPrivate":false,
			"isFinal":false,
			"type":"define",
			"isAbstract":false,
			"rtType":"void"
		},
		"setFilterPath(java.lang.String)":{
			"sig":"(Ljava/lang/String;)V",
			"args":"(java.lang.String)",
			"isStatic":false,
			"isProtected":true,
			"name":"setFilterPath",
			"isPublic":false,
			"isPrivate":false,
			"isFinal":false,
			"type":"define",
			"isAbstract":false,
			"rtType":"void"
		},
		"createApplication(javax.servlet.FilterConfig)":{
			"sig":"(Ljavax/servlet/FilterConfig;)V",
			"args":"(javax.servlet.FilterConfig)",
			"isStatic":false,
			"isProtected":false,
			"name":"createApplication",
			"isPublic":false,
			"isPrivate":true,
			"isFinal":false,
			"type":"define",
			"isAbstract":false,
			"rtType":"void"
		},
		"setApplication(ro.pippo.core.Application)":{
			"sig":"(Lro/pippo/core/Application;)V",
			"args":"(ro.pippo.core.Application)",
			"isStatic":false,
			"isProtected":false,
			"name":"setApplication",
			"isPublic":true,
			"isPrivate":false,
			"isFinal":false,
			"type":"define",
			"isAbstract":false,
			"rtType":"void"
		},
		"initFilterPath(java.lang.String)":{
			"sig":"(Ljava/lang/String;)V",
			"args":"(java.lang.String)",
			"isStatic":false,
			"isProtected":false,
			"name":"initFilterPath",
			"isPublic":false,
			"isPrivate":true,
			"isFinal":false,
			"type":"define",
			"isAbstract":false,
			"rtType":"void"
		},
		"getApplication()":{
			"sig":"()Lro/pippo/core/Application;",
			"args":"()",
			"isStatic":false,
			"isProtected":false,
			"name":"getApplication",
			"isPublic":true,
			"isPrivate":false,
			"isFinal":false,
			"type":"define",
			"isAbstract":false,
			"rtType":"ro.pippo.core.Application"
		},
		"initFilterPathFromWebXml(javax.servlet.FilterConfig)":{
			"sig":"(Ljavax/servlet/FilterConfig;)V",
			"args":"(javax.servlet.FilterConfig)",
			"isStatic":false,
			"isProtected":false,
			"name":"initFilterPathFromWebXml",
			"isPublic":false,
			"isPrivate":true,
			"isFinal":false,
			"type":"define",
			"isAbstract":false,
			"rtType":"void"
		},
		"destroy()":{
			"sig":"()V",
			"args":"()",
			"isStatic":false,
			"isProtected":false,
			"name":"destroy",
			"isPublic":true,
			"isPrivate":false,
			"isFinal":false,
			"type":"define",
			"isAbstract":false,
			"rtType":"void"
		},
		"shouldIgnorePath(java.lang.String)":{
			"sig":"(Ljava/lang/String;)Z",
			"args":"(java.lang.String)",
			"isStatic":false,
			"isProtected":false,
			"name":"shouldIgnorePath",
			"isPublic":false,
			"isPrivate":true,
			"isFinal":false,
			"type":"define",
			"isAbstract":false,
			"rtType":"boolean"
		},
		"<init>()":{
			"sig":"()V",
			"args":"()",
			"isStatic":false,
			"isProtected":false,
			"name":"<init>",
			"isPublic":true,
			"isPrivate":false,
			"isFinal":false,
			"type":"define",
			"isAbstract":false,
			"rtType":"void"
		},
		"validateFilterUrlPattern(java.lang.String)":{
			"sig":"(Ljava/lang/String;)V",
			"args":"(java.lang.String)",
			"isStatic":true,
			"isProtected":false,
			"name":"validateFilterUrlPattern",
			"isPublic":false,
			"isPrivate":false,
			"isFinal":false,
			"type":"define",
			"isAbstract":false,
			"rtType":"void"
		},
		"doFilter(javax.servlet.ServletRequest,javax.servlet.ServletResponse,javax.servlet.FilterChain)":{
			"sig":"(Ljavax/servlet/ServletRequest;Ljavax/servlet/ServletResponse;Ljavax/servlet/FilterChain;)V",
			"args":"(javax.servlet.ServletRequest,javax.servlet.ServletResponse,javax.servlet.FilterChain)",
			"isStatic":false,
			"isProtected":false,
			"name":"doFilter",
			"isPublic":true,
			"isPrivate":false,
			"isFinal":false,
			"type":"define",
			"isAbstract":false,
			"rtType":"void"
		}
	},
	"isPublic":true,
	"className":"ro.pippo.core.PippoFilter",
	"interNames":{
		"javax.servlet.Filter":"true"
	},
	"isFinal":false,
	"isPrivate":false,
	"isAbstract":false,
	"isInterface":false,
	"superClassName":"java.lang.Object"
}