{
	"isProtected":false,
	"finishedSearch":false,
	"methods":{
		"<init>(ro.pippo.core.Application)":{
			"sig":"(Lro/pippo/core/Application;)V",
			"args":"(ro.pippo.core.Application)",
			"isStatic":false,
			"isProtected":false,
			"name":"<init>",
			"isPublic":true,
			"isPrivate":false,
			"isFinal":false,
			"type":"define",
			"isAbstract":false,
			"rtType":"void"
		},
		"shouldIgnorePath(java.lang.String)":{
			"sig":"(Ljava/lang/String;)Z",
			"args":"(java.lang.String)",
			"isStatic":false,
			"isProtected":true,
			"name":"shouldIgnorePath",
			"isPublic":false,
			"isPrivate":false,
			"isFinal":false,
			"type":"define",
			"isAbstract":false,
			"rtType":"boolean"
		},
		"getRouteContext()":{
			"sig":"()Lro/pippo/core/route/RouteContext;",
			"args":"()",
			"isStatic":true,
			"isProtected":false,
			"name":"getRouteContext",
			"isPublic":true,
			"isPrivate":false,
			"isFinal":false,
			"type":"define",
			"isAbstract":false,
			"rtType":"ro.pippo.core.route.RouteContext"
		},
		"onPostDispatch(ro.pippo.core.Request,ro.pippo.core.Response)":{
			"sig":"(Lro/pippo/core/Request;Lro/pippo/core/Response;)V",
			"args":"(ro.pippo.core.Request,ro.pippo.core.Response)",
			"isStatic":false,
			"isProtected":true,
			"name":"onPostDispatch",
			"isPublic":false,
			"isPrivate":false,
			"isFinal":false,
			"type":"define",
			"isAbstract":false,
			"rtType":"void"
		},
		"<clinit>()":{
			"sig":"()V",
			"args":"()",
			"isStatic":true,
			"isProtected":false,
			"name":"<clinit>",
			"isPublic":false,
			"isPrivate":false,
			"isFinal":false,
			"type":"define",
			"isAbstract":false,
			"rtType":"void"
		},
		"getRouteContextFactory()":{
			"sig":"()Lro/pippo/core/route/RouteContextFactory;",
			"args":"()",
			"isStatic":false,
			"isProtected":true,
			"name":"getRouteContextFactory",
			"isPublic":false,
			"isPrivate":false,
			"isFinal":false,
			"type":"define",
			"isAbstract":false,
			"rtType":"ro.pippo.core.route.RouteContextFactory"
		},
		"getApplication()":{
			"sig":"()Lro/pippo/core/Application;",
			"args":"()",
			"isStatic":false,
			"isProtected":false,
			"name":"getApplication",
			"isPublic":true,
			"isPrivate":false,
			"isFinal":false,
			"type":"define",
			"isAbstract":false,
			"rtType":"ro.pippo.core.Application"
		},
		"dispatch(ro.pippo.core.Request,ro.pippo.core.Response)":{
			"sig":"(Lro/pippo/core/Request;Lro/pippo/core/Response;)V",
			"args":"(ro.pippo.core.Request,ro.pippo.core.Response)",
			"isStatic":false,
			"isProtected":false,
			"name":"dispatch",
			"isPublic":true,
			"isPrivate":false,
			"isFinal":false,
			"type":"define",
			"isAbstract":false,
			"rtType":"void"
		},
		"init()":{
			"sig":"()V",
			"args":"()",
			"isStatic":false,
			"isProtected":false,
			"name":"init",
			"isPublic":true,
			"isPrivate":false,
			"isFinal":false,
			"type":"define",
			"isAbstract":false,
			"rtType":"void"
		},
		"onPreDispatch(ro.pippo.core.Request,ro.pippo.core.Response)":{
			"sig":"(Lro/pippo/core/Request;Lro/pippo/core/Response;)V",
			"args":"(ro.pippo.core.Request,ro.pippo.core.Response)",
			"isStatic":false,
			"isProtected":true,
			"name":"onPreDispatch",
			"isPublic":false,
			"isPrivate":false,
			"isFinal":false,
			"type":"define",
			"isAbstract":false,
			"rtType":"void"
		},
		"processFlash(ro.pippo.core.route.RouteContext)":{
			"sig":"(Lro/pippo/core/route/RouteContext;)V",
			"args":"(ro.pippo.core.route.RouteContext)",
			"isStatic":false,
			"isProtected":false,
			"name":"processFlash",
			"isPublic":false,
			"isPrivate":true,
			"isFinal":false,
			"type":"define",
			"isAbstract":false,
			"rtType":"void"
		},
		"onRouteDispatch(ro.pippo.core.Request,ro.pippo.core.Response)":{
			"sig":"(Lro/pippo/core/Request;Lro/pippo/core/Response;)V",
			"args":"(ro.pippo.core.Request,ro.pippo.core.Response)",
			"isStatic":false,
			"isProtected":true,
			"name":"onRouteDispatch",
			"isPublic":false,
			"isPrivate":false,
			"isFinal":false,
			"type":"define",
			"isAbstract":false,
			"rtType":"void"
		}
	},
	"isPublic":true,
	"className":"ro.pippo.core.route.RouteDispatcher",
	"interNames":{},
	"isFinal":false,
	"isPrivate":false,
	"isAbstract":false,
	"isInterface":false,
	"superClassName":"java.lang.Object"
}