{
	"isProtected":false,
	"finishedSearch":false,
	"methods":{
		"<init>()":{
			"sig":"()V",
			"args":"()",
			"isStatic":false,
			"isProtected":false,
			"name":"<init>",
			"isPublic":true,
			"isPrivate":false,
			"isFinal":false,
			"type":"define",
			"isAbstract":false,
			"rtType":"void"
		},
		"lambda$onPostDispatch$0(ro.pippo.core.Request,ro.pippo.core.Response,ro.pippo.core.route.RoutePostDispatchListener)":{
			"sig":"(Lro/pippo/core/Request;Lro/pippo/core/Response;Lro/pippo/core/route/RoutePostDispatchListener;)V",
			"args":"(ro.pippo.core.Request,ro.pippo.core.Response,ro.pippo.core.route.RoutePostDispatchListener)",
			"isStatic":true,
			"isProtected":false,
			"name":"lambda$onPostDispatch$0",
			"isPublic":false,
			"isPrivate":true,
			"isFinal":false,
			"type":"define",
			"isAbstract":false,
			"rtType":"void"
		},
		"onPostDispatch(ro.pippo.core.Request,ro.pippo.core.Response)":{
			"sig":"(Lro/pippo/core/Request;Lro/pippo/core/Response;)V",
			"args":"(ro.pippo.core.Request,ro.pippo.core.Response)",
			"isStatic":false,
			"isProtected":false,
			"name":"onPostDispatch",
			"isPublic":true,
			"isPrivate":false,
			"isFinal":false,
			"type":"define",
			"isAbstract":false,
			"rtType":"void"
		}
	},
	"isPublic":true,
	"className":"ro.pippo.core.route.RoutePostDispatchListenerList",
	"interNames":{
		"ro.pippo.core.route.RoutePostDispatchListener":"true"
	},
	"isFinal":false,
	"isPrivate":false,
	"isAbstract":false,
	"isInterface":false,
	"superClassName":"ro.pippo.core.util.ListenerList"
}