{
	"isProtected":false,
	"finishedSearch":false,
	"methods":{
		"getDefaultLanguage(java.util.List)":{
			"sig":"(Ljava/util/List;)Ljava/lang/String;",
			"args":"(java.util.List)",
			"isStatic":false,
			"isProtected":false,
			"name":"getDefaultLanguage",
			"isPublic":false,
			"isPrivate":true,
			"isFinal":false,
			"type":"define",
			"isAbstract":false,
			"rtType":"java.lang.String"
		},
		"isSupportedLanguage(java.lang.String)":{
			"sig":"(Ljava/lang/String;)Z",
			"args":"(java.lang.String)",
			"isStatic":false,
			"isProtected":false,
			"name":"isSupportedLanguage",
			"isPublic":true,
			"isPrivate":false,
			"isFinal":false,
			"type":"define",
			"isAbstract":false,
			"rtType":"boolean"
		},
		"setLanguageCookie(java.lang.String,ro.pippo.core.route.RouteContext)":{
			"sig":"(Ljava/lang/String;Lro/pippo/core/route/RouteContext;)V",
			"args":"(java.lang.String,ro.pippo.core.route.RouteContext)",
			"isStatic":false,
			"isProtected":false,
			"name":"setLanguageCookie",
			"isPublic":true,
			"isPrivate":false,
			"isFinal":false,
			"type":"define",
			"isAbstract":false,
			"rtType":"void"
		},
		"generateLanguageCookie(java.lang.String)":{
			"sig":"(Ljava/lang/String;)Ljavax/servlet/http/Cookie;",
			"args":"(java.lang.String)",
			"isStatic":false,
			"isProtected":false,
			"name":"generateLanguageCookie",
			"isPublic":false,
			"isPrivate":true,
			"isFinal":false,
			"type":"define",
			"isAbstract":false,
			"rtType":"javax.servlet.http.Cookie"
		},
		"<clinit>()":{
			"sig":"()V",
			"args":"()",
			"isStatic":true,
			"isProtected":false,
			"name":"<clinit>",
			"isPublic":false,
			"isPrivate":false,
			"isFinal":false,
			"type":"define",
			"isAbstract":false,
			"rtType":"void"
		},
		"clearLanguageCookie(ro.pippo.core.Response)":{
			"sig":"(Lro/pippo/core/Response;)V",
			"args":"(ro.pippo.core.Response)",
			"isStatic":false,
			"isProtected":false,
			"name":"clearLanguageCookie",
			"isPublic":true,
			"isPrivate":false,
			"isFinal":false,
			"type":"define",
			"isAbstract":false,
			"rtType":"void"
		},
		"getLanguageOrDefault(java.lang.String)":{
			"sig":"(Ljava/lang/String;)Ljava/lang/String;",
			"args":"(java.lang.String)",
			"isStatic":false,
			"isProtected":false,
			"name":"getLanguageOrDefault",
			"isPublic":true,
			"isPrivate":false,
			"isFinal":false,
			"type":"define",
			"isAbstract":false,
			"rtType":"java.lang.String"
		},
		"getRegisteredLanguages()":{
			"sig":"()Ljava/util/List;",
			"args":"()",
			"isStatic":false,
			"isProtected":false,
			"name":"getRegisteredLanguages",
			"isPublic":true,
			"isPrivate":false,
			"isFinal":false,
			"type":"define",
			"isAbstract":false,
			"rtType":"java.util.List"
		},
		"getLanguageOrDefault(ro.pippo.core.route.RouteContext)":{
			"sig":"(Lro/pippo/core/route/RouteContext;)Ljava/lang/String;",
			"args":"(ro.pippo.core.route.RouteContext)",
			"isStatic":false,
			"isProtected":false,
			"name":"getLanguageOrDefault",
			"isPublic":true,
			"isPrivate":false,
			"isFinal":false,
			"type":"define",
			"isAbstract":false,
			"rtType":"java.lang.String"
		},
		"getLanguageComponent(java.lang.String)":{
			"sig":"(Ljava/lang/String;)Ljava/lang/String;",
			"args":"(java.lang.String)",
			"isStatic":false,
			"isProtected":false,
			"name":"getLanguageComponent",
			"isPublic":true,
			"isPrivate":false,
			"isFinal":false,
			"type":"define",
			"isAbstract":false,
			"rtType":"java.lang.String"
		},
		"<init>(ro.pippo.core.PippoSettings)":{
			"sig":"(Lro/pippo/core/PippoSettings;)V",
			"args":"(ro.pippo.core.PippoSettings)",
			"isStatic":false,
			"isProtected":false,
			"name":"<init>",
			"isPublic":true,
			"isPrivate":false,
			"isFinal":false,
			"type":"define",
			"isAbstract":false,
			"rtType":"void"
		},
		"isRegisteredLanguage(java.lang.String)":{
			"sig":"(Ljava/lang/String;)Z",
			"args":"(java.lang.String)",
			"isStatic":false,
			"isProtected":false,
			"name":"isRegisteredLanguage",
			"isPublic":true,
			"isPrivate":false,
			"isFinal":false,
			"type":"define",
			"isAbstract":false,
			"rtType":"boolean"
		},
		"getLocaleOrDefault(java.lang.String)":{
			"sig":"(Ljava/lang/String;)Ljava/util/Locale;",
			"args":"(java.lang.String)",
			"isStatic":false,
			"isProtected":false,
			"name":"getLocaleOrDefault",
			"isPublic":true,
			"isPrivate":false,
			"isFinal":false,
			"type":"define",
			"isAbstract":false,
			"rtType":"java.util.Locale"
		},
		"getLocaleOrDefault(ro.pippo.core.route.RouteContext)":{
			"sig":"(Lro/pippo/core/route/RouteContext;)Ljava/util/Locale;",
			"args":"(ro.pippo.core.route.RouteContext)",
			"isStatic":false,
			"isProtected":false,
			"name":"getLocaleOrDefault",
			"isPublic":true,
			"isPrivate":false,
			"isFinal":false,
			"type":"define",
			"isAbstract":false,
			"rtType":"java.util.Locale"
		}
	},
	"isPublic":true,
	"className":"ro.pippo.core.Languages",
	"interNames":{},
	"isFinal":false,
	"isPrivate":false,
	"isAbstract":false,
	"isInterface":false,
	"superClassName":"java.lang.Object"
}