{
	"isProtected":false,
	"finishedSearch":false,
	"methods":{
		"isVersioned()":{
			"sig":"()Z",
			"args":"()",
			"isStatic":false,
			"isProtected":false,
			"name":"isVersioned",
			"isPublic":true,
			"isPrivate":false,
			"isFinal":false,
			"type":"define",
			"isAbstract":false,
			"rtType":"boolean"
		},
		"getUriPattern()":{
			"sig":"()Ljava/lang/String;",
			"args":"()",
			"isStatic":false,
			"isProtected":false,
			"name":"getUriPattern",
			"isPublic":true,
			"isPrivate":false,
			"isFinal":false,
			"type":"define",
			"isAbstract":false,
			"rtType":"java.lang.String"
		},
		"<clinit>()":{
			"sig":"()V",
			"args":"()",
			"isStatic":true,
			"isProtected":false,
			"name":"<clinit>",
			"isPublic":false,
			"isPrivate":false,
			"isFinal":false,
			"type":"define",
			"isAbstract":false,
			"rtType":"void"
		},
		"handleResource(java.lang.String,ro.pippo.core.route.RouteContext)":{
			"sig":"(Ljava/lang/String;Lro/pippo/core/route/RouteContext;)V",
			"args":"(java.lang.String,ro.pippo.core.route.RouteContext)",
			"isStatic":false,
			"isProtected":false,
			"name":"handleResource",
			"isPublic":true,
			"isPrivate":false,
			"isFinal":false,
			"type":"define",
			"isAbstract":true,
			"rtType":"void"
		},
		"<init>(java.lang.String)":{
			"sig":"(Ljava/lang/String;)V",
			"args":"(java.lang.String)",
			"isStatic":false,
			"isProtected":false,
			"name":"<init>",
			"isPublic":true,
			"isPrivate":false,
			"isFinal":false,
			"type":"define",
			"isAbstract":false,
			"rtType":"void"
		},
		"handle(ro.pippo.core.route.RouteContext)":{
			"sig":"(Lro/pippo/core/route/RouteContext;)V",
			"args":"(ro.pippo.core.route.RouteContext)",
			"isStatic":false,
			"isProtected":false,
			"name":"handle",
			"isPublic":true,
			"isPrivate":false,
			"isFinal":true,
			"type":"define",
			"isAbstract":false,
			"rtType":"void"
		},
		"getNormalizedPath(java.lang.String)":{
			"sig":"(Ljava/lang/String;)Ljava/lang/String;",
			"args":"(java.lang.String)",
			"isStatic":false,
			"isProtected":true,
			"name":"getNormalizedPath",
			"isPublic":false,
			"isPrivate":false,
			"isFinal":false,
			"type":"define",
			"isAbstract":false,
			"rtType":"java.lang.String"
		},
		"getResourcePath(ro.pippo.core.route.RouteContext)":{
			"sig":"(Lro/pippo/core/route/RouteContext;)Ljava/lang/String;",
			"args":"(ro.pippo.core.route.RouteContext)",
			"isStatic":false,
			"isProtected":true,
			"name":"getResourcePath",
			"isPublic":false,
			"isPrivate":false,
			"isFinal":false,
			"type":"define",
			"isAbstract":false,
			"rtType":"java.lang.String"
		},
		"injectVersion(java.lang.String)":{
			"sig":"(Ljava/lang/String;)Ljava/lang/String;",
			"args":"(java.lang.String)",
			"isStatic":false,
			"isProtected":false,
			"name":"injectVersion",
			"isPublic":true,
			"isPrivate":false,
			"isFinal":false,
			"type":"define",
			"isAbstract":true,
			"rtType":"java.lang.String"
		},
		"removeVersion(java.lang.String)":{
			"sig":"(Ljava/lang/String;)Ljava/lang/String;",
			"args":"(java.lang.String)",
			"isStatic":false,
			"isProtected":false,
			"name":"removeVersion",
			"isPublic":true,
			"isPrivate":false,
			"isFinal":false,
			"type":"define",
			"isAbstract":true,
			"rtType":"java.lang.String"
		},
		"setVersioned(boolean)":{
			"sig":"(Z)Lro/pippo/core/route/ResourceHandler;",
			"args":"(boolean)",
			"isStatic":false,
			"isProtected":false,
			"name":"setVersioned",
			"isPublic":true,
			"isPrivate":false,
			"isFinal":false,
			"type":"define",
			"isAbstract":false,
			"rtType":"ro.pippo.core.route.ResourceHandler"
		}
	},
	"isPublic":true,
	"className":"ro.pippo.core.route.ResourceHandler",
	"interNames":{
		"ro.pippo.core.route.RouteHandler":"true"
	},
	"isFinal":false,
	"isPrivate":false,
	"isAbstract":true,
	"isInterface":false,
	"superClassName":"java.lang.Object"
}