{
	"isProtected":false,
	"finishedSearch":false,
	"methods":{
		"<init>()":{
			"sig":"()V",
			"args":"()",
			"isStatic":false,
			"isProtected":false,
			"name":"<init>",
			"isPublic":true,
			"isPrivate":false,
			"isFinal":false,
			"type":"define",
			"isAbstract":false,
			"rtType":"void"
		},
		"toString()":{
			"sig":"()Ljava/lang/String;",
			"args":"()",
			"isStatic":false,
			"isProtected":false,
			"name":"toString",
			"isPublic":true,
			"isPrivate":false,
			"isFinal":false,
			"type":"define",
			"isAbstract":false,
			"rtType":"java.lang.String"
		},
		"includes(java.lang.String[])":{
			"sig":"([Ljava/lang/String;)Lro/pippo/core/util/PathRegexBuilder;",
			"args":"(java.lang.String[])",
			"isStatic":false,
			"isProtected":false,
			"name":"includes",
			"isPublic":true,
			"isPrivate":false,
			"isFinal":false,
			"type":"define",
			"isAbstract":false,
			"rtType":"ro.pippo.core.util.PathRegexBuilder"
		},
		"excludes(java.lang.String[])":{
			"sig":"([Ljava/lang/String;)Lro/pippo/core/util/PathRegexBuilder;",
			"args":"(java.lang.String[])",
			"isStatic":false,
			"isProtected":false,
			"name":"excludes",
			"isPublic":true,
			"isPrivate":false,
			"isFinal":false,
			"type":"define",
			"isAbstract":false,
			"rtType":"ro.pippo.core.util.PathRegexBuilder"
		},
		"build()":{
			"sig":"()Ljava/lang/String;",
			"args":"()",
			"isStatic":false,
			"isProtected":false,
			"name":"build",
			"isPublic":true,
			"isPrivate":false,
			"isFinal":false,
			"type":"define",
			"isAbstract":false,
			"rtType":"java.lang.String"
		}
	},
	"isPublic":true,
	"className":"ro.pippo.core.util.PathRegexBuilder",
	"interNames":{},
	"isFinal":false,
	"isPrivate":false,
	"isAbstract":false,
	"isInterface":false,
	"superClassName":"java.lang.Object"
}