{
	"isProtected":false,
	"finishedSearch":false,
	"methods":{
		"maxAge(int)":{
			"sig":"(I)Lro/pippo/core/route/CorsHandler;",
			"args":"(int)",
			"isStatic":false,
			"isProtected":false,
			"name":"maxAge",
			"isPublic":true,
			"isPrivate":false,
			"isFinal":false,
			"type":"define",
			"isAbstract":false,
			"rtType":"ro.pippo.core.route.CorsHandler"
		},
		"allowMethods(java.lang.String)":{
			"sig":"(Ljava/lang/String;)Lro/pippo/core/route/CorsHandler;",
			"args":"(java.lang.String)",
			"isStatic":false,
			"isProtected":false,
			"name":"allowMethods",
			"isPublic":true,
			"isPrivate":false,
			"isFinal":false,
			"type":"define",
			"isAbstract":false,
			"rtType":"ro.pippo.core.route.CorsHandler"
		},
		"allowHeaders(java.lang.String)":{
			"sig":"(Ljava/lang/String;)Lro/pippo/core/route/CorsHandler;",
			"args":"(java.lang.String)",
			"isStatic":false,
			"isProtected":false,
			"name":"allowHeaders",
			"isPublic":true,
			"isPrivate":false,
			"isFinal":false,
			"type":"define",
			"isAbstract":false,
			"rtType":"ro.pippo.core.route.CorsHandler"
		},
		"exposeHeaders(java.lang.String)":{
			"sig":"(Ljava/lang/String;)Lro/pippo/core/route/CorsHandler;",
			"args":"(java.lang.String)",
			"isStatic":false,
			"isProtected":false,
			"name":"exposeHeaders",
			"isPublic":true,
			"isPrivate":false,
			"isFinal":false,
			"type":"define",
			"isAbstract":false,
			"rtType":"ro.pippo.core.route.CorsHandler"
		},
		"<init>(java.lang.String)":{
			"sig":"(Ljava/lang/String;)V",
			"args":"(java.lang.String)",
			"isStatic":false,
			"isProtected":false,
			"name":"<init>",
			"isPublic":true,
			"isPrivate":false,
			"isFinal":false,
			"type":"define",
			"isAbstract":false,
			"rtType":"void"
		},
		"handle(ro.pippo.core.route.RouteContext)":{
			"sig":"(Lro/pippo/core/route/RouteContext;)V",
			"args":"(ro.pippo.core.route.RouteContext)",
			"isStatic":false,
			"isProtected":false,
			"name":"handle",
			"isPublic":true,
			"isPrivate":false,
			"isFinal":false,
			"type":"define",
			"isAbstract":false,
			"rtType":"void"
		},
		"allowCredentials(boolean)":{
			"sig":"(Z)Lro/pippo/core/route/CorsHandler;",
			"args":"(boolean)",
			"isStatic":false,
			"isProtected":false,
			"name":"allowCredentials",
			"isPublic":true,
			"isPrivate":false,
			"isFinal":false,
			"type":"define",
			"isAbstract":false,
			"rtType":"ro.pippo.core.route.CorsHandler"
		}
	},
	"isPublic":true,
	"className":"ro.pippo.core.route.CorsHandler",
	"interNames":{
		"ro.pippo.core.route.RouteHandler":"true"
	},
	"isFinal":false,
	"isPrivate":false,
	"isAbstract":false,
	"isInterface":false,
	"superClassName":"java.lang.Object"
}