{
	"isProtected":false,
	"finishedSearch":false,
	"methods":{
		"getPathParameterValue(java.lang.String,java.lang.String,java.lang.Object)":{
			"sig":"(Ljava/lang/String;Ljava/lang/String;Ljava/lang/Object;)Ljava/lang/String;",
			"args":"(java.lang.String,java.lang.String,java.lang.Object)",
			"isStatic":false,
			"isProtected":true,
			"name":"getPathParameterValue",
			"isPublic":false,
			"isPrivate":false,
			"isFinal":false,
			"type":"define",
			"isAbstract":false,
			"rtType":"java.lang.String"
		},
		"lambda$getPathParameterValue$0(java.lang.String,ro.pippo.core.route.Route)":{
			"sig":"(Ljava/lang/String;Lro/pippo/core/route/Route;)Z",
			"args":"(java.lang.String,ro.pippo.core.route.Route)",
			"isStatic":true,
			"isProtected":false,
			"name":"lambda$getPathParameterValue$0",
			"isPublic":false,
			"isPrivate":true,
			"isFinal":false,
			"type":"define",
			"isAbstract":false,
			"rtType":"boolean"
		},
		"lambda$getPathParameterValue$1(java.lang.String)":{
			"sig":"(Ljava/lang/String;)Lro/pippo/core/PippoRuntimeException;",
			"args":"(java.lang.String)",
			"isStatic":true,
			"isProtected":false,
			"name":"lambda$getPathParameterValue$1",
			"isPublic":false,
			"isPrivate":true,
			"isFinal":false,
			"type":"define",
			"isAbstract":false,
			"rtType":"ro.pippo.core.PippoRuntimeException"
		},
		"<init>(ro.pippo.core.route.DefaultRouter)":{
			"sig":"(Lro/pippo/core/route/DefaultRouter;)V",
			"args":"(ro.pippo.core.route.DefaultRouter)",
			"isStatic":false,
			"isProtected":false,
			"name":"<init>",
			"isPublic":false,
			"isPrivate":false,
			"isFinal":false,
			"type":"define",
			"isAbstract":false,
			"rtType":"void"
		}
	},
	"isPublic":false,
	"className":"ro.pippo.core.route.DefaultRouter$1",
	"interNames":{},
	"isFinal":false,
	"isPrivate":false,
	"isAbstract":false,
	"isInterface":false,
	"superClassName":"ro.pippo.core.DefaultUriMatcher"
}