{
	"isProtected":false,
	"finishedSearch":false,
	"methods":{
		"toInt()":{
			"sig":"()I",
			"args":"()",
			"isStatic":false,
			"isProtected":false,
			"name":"toInt",
			"isPublic":true,
			"isPrivate":false,
			"isFinal":false,
			"type":"define",
			"isAbstract":false,
			"rtType":"int"
		},
		"toUUID()":{
			"sig":"()Ljava/util/UUID;",
			"args":"()",
			"isStatic":false,
			"isProtected":false,
			"name":"toUUID",
			"isPublic":true,
			"isPrivate":false,
			"isFinal":false,
			"type":"define",
			"isAbstract":false,
			"rtType":"java.util.UUID"
		},
		"toSqlTimestamp(java.sql.Timestamp)":{
			"sig":"(Ljava/sql/Timestamp;)Ljava/sql/Timestamp;",
			"args":"(java.sql.Timestamp)",
			"isStatic":false,
			"isProtected":false,
			"name":"toSqlTimestamp",
			"isPublic":true,
			"isPrivate":false,
			"isFinal":false,
			"type":"define",
			"isAbstract":false,
			"rtType":"java.sql.Timestamp"
		},
		"toLong()":{
			"sig":"()J",
			"args":"()",
			"isStatic":false,
			"isProtected":false,
			"name":"toLong",
			"isPublic":true,
			"isPrivate":false,
			"isFinal":false,
			"type":"define",
			"isAbstract":false,
			"rtType":"long"
		},
		"toCharacter(java.lang.Character)":{
			"sig":"(Ljava/lang/Character;)Ljava/lang/Character;",
			"args":"(java.lang.Character)",
			"isStatic":false,
			"isProtected":false,
			"name":"toCharacter",
			"isPublic":true,
			"isPrivate":false,
			"isFinal":false,
			"type":"define",
			"isAbstract":false,
			"rtType":"java.lang.Character"
		},
		"toEnum(java.lang.Class,java.lang.Enum,boolean)":{
			"sig":"(Ljava/lang/Class;Ljava/lang/Enum;Z)Ljava/lang/Enum;",
			"args":"(java.lang.Class,java.lang.Enum,boolean)",
			"isStatic":false,
			"isProtected":false,
			"name":"toEnum",
			"isPublic":true,
			"isPrivate":false,
			"isFinal":false,
			"type":"define",
			"isAbstract":false,
			"rtType":"java.lang.Enum"
		},
		"toSqlDate(java.sql.Date)":{
			"sig":"(Ljava/sql/Date;)Ljava/sql/Date;",
			"args":"(java.sql.Date)",
			"isStatic":false,
			"isProtected":false,
			"name":"toSqlDate",
			"isPublic":true,
			"isPrivate":false,
			"isFinal":false,
			"type":"define",
			"isAbstract":false,
			"rtType":"java.sql.Date"
		},
		"toShort()":{
			"sig":"()S",
			"args":"()",
			"isStatic":false,
			"isProtected":false,
			"name":"toShort",
			"isPublic":true,
			"isPrivate":false,
			"isFinal":false,
			"type":"define",
			"isAbstract":false,
			"rtType":"short"
		},
		"to(java.lang.Class,java.lang.String)":{
			"sig":"(Ljava/lang/Class;Ljava/lang/String;)Ljava/lang/Object;",
			"args":"(java.lang.Class,java.lang.String)",
			"isStatic":false,
			"isProtected":false,
			"name":"to",
			"isPublic":true,
			"isPrivate":false,
			"isFinal":false,
			"type":"define",
			"isAbstract":false,
			"rtType":"java.lang.Object"
		},
		"toObject(java.lang.Class,java.lang.String)":{
			"sig":"(Ljava/lang/Class;Ljava/lang/String;)Ljava/lang/Object;",
			"args":"(java.lang.Class,java.lang.String)",
			"isStatic":false,
			"isProtected":false,
			"name":"toObject",
			"isPublic":false,
			"isPrivate":true,
			"isFinal":false,
			"type":"define",
			"isAbstract":false,
			"rtType":"java.lang.Object"
		},
		"isNull()":{
			"sig":"()Z",
			"args":"()",
			"isStatic":false,
			"isProtected":false,
			"name":"isNull",
			"isPublic":true,
			"isPrivate":false,
			"isFinal":false,
			"type":"define",
			"isAbstract":false,
			"rtType":"boolean"
		},
		"toBoolean(boolean)":{
			"sig":"(Z)Z",
			"args":"(boolean)",
			"isStatic":false,
			"isProtected":false,
			"name":"toBoolean",
			"isPublic":true,
			"isPrivate":false,
			"isFinal":false,
			"type":"define",
			"isAbstract":false,
			"rtType":"boolean"
		},
		"toSet(java.lang.Class)":{
			"sig":"(Ljava/lang/Class;)Ljava/util/Set;",
			"args":"(java.lang.Class)",
			"isStatic":false,
			"isProtected":false,
			"name":"toSet",
			"isPublic":true,
			"isPrivate":false,
			"isFinal":false,
			"type":"define",
			"isAbstract":false,
			"rtType":"java.util.Set"
		},
		"<init>(java.lang.String[])":{
			"sig":"([Ljava/lang/String;)V",
			"args":"(java.lang.String[])",
			"isStatic":false,
			"isProtected":false,
			"name":"<init>",
			"isPublic":true,
			"isPrivate":false,
			"isFinal":false,
			"type":"define",
			"isAbstract":false,
			"rtType":"void"
		},
		"toInt(int)":{
			"sig":"(I)I",
			"args":"(int)",
			"isStatic":false,
			"isProtected":false,
			"name":"toInt",
			"isPublic":true,
			"isPrivate":false,
			"isFinal":false,
			"type":"define",
			"isAbstract":false,
			"rtType":"int"
		},
		"isEmpty()":{
			"sig":"()Z",
			"args":"()",
			"isStatic":false,
			"isProtected":false,
			"name":"isEmpty",
			"isPublic":true,
			"isPrivate":false,
			"isFinal":false,
			"type":"define",
			"isAbstract":false,
			"rtType":"boolean"
		},
		"toString()":{
			"sig":"()Ljava/lang/String;",
			"args":"()",
			"isStatic":false,
			"isProtected":false,
			"name":"toString",
			"isPublic":true,
			"isPrivate":false,
			"isFinal":false,
			"type":"define",
			"isAbstract":false,
			"rtType":"java.lang.String"
		},
		"toSqlDate()":{
			"sig":"()Ljava/sql/Date;",
			"args":"()",
			"isStatic":false,
			"isProtected":false,
			"name":"toSqlDate",
			"isPublic":true,
			"isPrivate":false,
			"isFinal":false,
			"type":"define",
			"isAbstract":false,
			"rtType":"java.sql.Date"
		},
		"toCollection(java.lang.Class,java.lang.Class,java.lang.String)":{
			"sig":"(Ljava/lang/Class;Ljava/lang/Class;Ljava/lang/String;)Ljava/util/Collection;",
			"args":"(java.lang.Class,java.lang.Class,java.lang.String)",
			"isStatic":false,
			"isProtected":false,
			"name":"toCollection",
			"isPublic":true,
			"isPrivate":false,
			"isFinal":false,
			"type":"define",
			"isAbstract":false,
			"rtType":"java.util.Collection"
		},
		"toDouble(double)":{
			"sig":"(D)D",
			"args":"(double)",
			"isStatic":false,
			"isProtected":false,
			"name":"toDouble",
			"isPublic":true,
			"isPrivate":false,
			"isFinal":false,
			"type":"define",
			"isAbstract":false,
			"rtType":"double"
		},
		"toEnum(java.lang.Class)":{
			"sig":"(Ljava/lang/Class;)Ljava/lang/Enum;",
			"args":"(java.lang.Class)",
			"isStatic":false,
			"isProtected":false,
			"name":"toEnum",
			"isPublic":true,
			"isPrivate":false,
			"isFinal":false,
			"type":"define",
			"isAbstract":false,
			"rtType":"java.lang.Enum"
		},
		"<init>(java.util.Locale,java.lang.String[])":{
			"sig":"(Ljava/util/Locale;[Ljava/lang/String;)V",
			"args":"(java.util.Locale,java.lang.String[])",
			"isStatic":false,
			"isProtected":false,
			"name":"<init>",
			"isPublic":true,
			"isPrivate":false,
			"isFinal":false,
			"type":"define",
			"isAbstract":false,
			"rtType":"void"
		},
		"toLong(long)":{
			"sig":"(J)J",
			"args":"(long)",
			"isStatic":false,
			"isProtected":false,
			"name":"toLong",
			"isPublic":true,
			"isPrivate":false,
			"isFinal":false,
			"type":"define",
			"isAbstract":false,
			"rtType":"long"
		},
		"toString(java.lang.String)":{
			"sig":"(Ljava/lang/String;)Ljava/lang/String;",
			"args":"(java.lang.String)",
			"isStatic":false,
			"isProtected":false,
			"name":"toString",
			"isPublic":true,
			"isPrivate":false,
			"isFinal":false,
			"type":"define",
			"isAbstract":false,
			"rtType":"java.lang.String"
		},
		"toShort(short)":{
			"sig":"(S)S",
			"args":"(short)",
			"isStatic":false,
			"isProtected":false,
			"name":"toShort",
			"isPublic":true,
			"isPrivate":false,
			"isFinal":false,
			"type":"define",
			"isAbstract":false,
			"rtType":"short"
		},
		"toSqlTimestamp()":{
			"sig":"()Ljava/sql/Timestamp;",
			"args":"()",
			"isStatic":false,
			"isProtected":false,
			"name":"toSqlTimestamp",
			"isPublic":true,
			"isPrivate":false,
			"isFinal":false,
			"type":"define",
			"isAbstract":false,
			"rtType":"java.sql.Timestamp"
		},
		"getDecimalFormat()":{
			"sig":"()Ljava/text/DecimalFormat;",
			"args":"()",
			"isStatic":false,
			"isProtected":false,
			"name":"getDecimalFormat",
			"isPublic":false,
			"isPrivate":true,
			"isFinal":false,
			"type":"define",
			"isAbstract":false,
			"rtType":"java.text.DecimalFormat"
		},
		"toByte()":{
			"sig":"()B",
			"args":"()",
			"isStatic":false,
			"isProtected":false,
			"name":"toByte",
			"isPublic":true,
			"isPrivate":false,
			"isFinal":false,
			"type":"define",
			"isAbstract":false,
			"rtType":"byte"
		},
		"toDate(java.util.Date,java.lang.String)":{
			"sig":"(Ljava/util/Date;Ljava/lang/String;)Ljava/util/Date;",
			"args":"(java.util.Date,java.lang.String)",
			"isStatic":false,
			"isProtected":false,
			"name":"toDate",
			"isPublic":true,
			"isPrivate":false,
			"isFinal":false,
			"type":"define",
			"isAbstract":false,
			"rtType":"java.util.Date"
		},
		"toSqlTime()":{
			"sig":"()Ljava/sql/Time;",
			"args":"()",
			"isStatic":false,
			"isProtected":false,
			"name":"toSqlTime",
			"isPublic":true,
			"isPrivate":false,
			"isFinal":false,
			"type":"define",
			"isAbstract":false,
			"rtType":"java.sql.Time"
		},
		"toBigDecimal(java.math.BigDecimal)":{
			"sig":"(Ljava/math/BigDecimal;)Ljava/math/BigDecimal;",
			"args":"(java.math.BigDecimal)",
			"isStatic":false,
			"isProtected":false,
			"name":"toBigDecimal",
			"isPublic":true,
			"isPrivate":false,
			"isFinal":false,
			"type":"define",
			"isAbstract":false,
			"rtType":"java.math.BigDecimal"
		},
		"toFloat()":{
			"sig":"()F",
			"args":"()",
			"isStatic":false,
			"isProtected":false,
			"name":"toFloat",
			"isPublic":true,
			"isPrivate":false,
			"isFinal":false,
			"type":"define",
			"isAbstract":false,
			"rtType":"float"
		},
		"toBigDecimal()":{
			"sig":"()Ljava/math/BigDecimal;",
			"args":"()",
			"isStatic":false,
			"isProtected":false,
			"name":"toBigDecimal",
			"isPublic":true,
			"isPrivate":false,
			"isFinal":false,
			"type":"define",
			"isAbstract":false,
			"rtType":"java.math.BigDecimal"
		},
		"getValues()":{
			"sig":"()[Ljava/lang/String;",
			"args":"()",
			"isStatic":false,
			"isProtected":false,
			"name":"getValues",
			"isPublic":true,
			"isPrivate":false,
			"isFinal":false,
			"type":"define",
			"isAbstract":false,
			"rtType":"java.lang.String[]"
		},
		"toSqlTime(java.sql.Time)":{
			"sig":"(Ljava/sql/Time;)Ljava/sql/Time;",
			"args":"(java.sql.Time)",
			"isStatic":false,
			"isProtected":false,
			"name":"toSqlTime",
			"isPublic":true,
			"isPrivate":false,
			"isFinal":false,
			"type":"define",
			"isAbstract":false,
			"rtType":"java.sql.Time"
		},
		"toSet()":{
			"sig":"()Ljava/util/Set;",
			"args":"()",
			"isStatic":false,
			"isProtected":false,
			"name":"toSet",
			"isPublic":true,
			"isPrivate":false,
			"isFinal":false,
			"type":"define",
			"isAbstract":false,
			"rtType":"java.util.Set"
		},
		"toDate(java.lang.String)":{
			"sig":"(Ljava/lang/String;)Ljava/util/Date;",
			"args":"(java.lang.String)",
			"isStatic":false,
			"isProtected":false,
			"name":"toDate",
			"isPublic":true,
			"isPrivate":false,
			"isFinal":false,
			"type":"define",
			"isAbstract":false,
			"rtType":"java.util.Date"
		},
		"toList(java.util.List)":{
			"sig":"(Ljava/util/List;)Ljava/util/List;",
			"args":"(java.util.List)",
			"isStatic":false,
			"isProtected":false,
			"name":"toList",
			"isPublic":true,
			"isPrivate":false,
			"isFinal":false,
			"type":"define",
			"isAbstract":false,
			"rtType":"java.util.List"
		},
		"toList(java.lang.Class,java.lang.String)":{
			"sig":"(Ljava/lang/Class;Ljava/lang/String;)Ljava/util/List;",
			"args":"(java.lang.Class,java.lang.String)",
			"isStatic":false,
			"isProtected":false,
			"name":"toList",
			"isPublic":true,
			"isPrivate":false,
			"isFinal":false,
			"type":"define",
			"isAbstract":false,
			"rtType":"java.util.List"
		},
		"toCharacter()":{
			"sig":"()Ljava/lang/Character;",
			"args":"()",
			"isStatic":false,
			"isProtected":false,
			"name":"toCharacter",
			"isPublic":true,
			"isPrivate":false,
			"isFinal":false,
			"type":"define",
			"isAbstract":false,
			"rtType":"java.lang.Character"
		},
		"to(java.lang.Class)":{
			"sig":"(Ljava/lang/Class;)Ljava/lang/Object;",
			"args":"(java.lang.Class)",
			"isStatic":false,
			"isProtected":false,
			"name":"to",
			"isPublic":true,
			"isPrivate":false,
			"isFinal":false,
			"type":"define",
			"isAbstract":false,
			"rtType":"java.lang.Object"
		},
		"toUUID(java.util.UUID)":{
			"sig":"(Ljava/util/UUID;)Ljava/util/UUID;",
			"args":"(java.util.UUID)",
			"isStatic":false,
			"isProtected":false,
			"name":"toUUID",
			"isPublic":true,
			"isPrivate":false,
			"isFinal":false,
			"type":"define",
			"isAbstract":false,
			"rtType":"java.util.UUID"
		},
		"toFloat(float)":{
			"sig":"(F)F",
			"args":"(float)",
			"isStatic":false,
			"isProtected":false,
			"name":"toFloat",
			"isPublic":true,
			"isPrivate":false,
			"isFinal":false,
			"type":"define",
			"isAbstract":false,
			"rtType":"float"
		},
		"toByte(byte)":{
			"sig":"(B)B",
			"args":"(byte)",
			"isStatic":false,
			"isProtected":false,
			"name":"toByte",
			"isPublic":true,
			"isPrivate":false,
			"isFinal":false,
			"type":"define",
			"isAbstract":false,
			"rtType":"byte"
		},
		"toBoolean()":{
			"sig":"()Z",
			"args":"()",
			"isStatic":false,
			"isProtected":false,
			"name":"toBoolean",
			"isPublic":true,
			"isPrivate":false,
			"isFinal":false,
			"type":"define",
			"isAbstract":false,
			"rtType":"boolean"
		},
		"toList(java.lang.Class)":{
			"sig":"(Ljava/lang/Class;)Ljava/util/List;",
			"args":"(java.lang.Class)",
			"isStatic":false,
			"isProtected":false,
			"name":"toList",
			"isPublic":true,
			"isPrivate":false,
			"isFinal":false,
			"type":"define",
			"isAbstract":false,
			"rtType":"java.util.List"
		},
		"toList()":{
			"sig":"()Ljava/util/List;",
			"args":"()",
			"isStatic":false,
			"isProtected":false,
			"name":"toList",
			"isPublic":true,
			"isPrivate":false,
			"isFinal":false,
			"type":"define",
			"isAbstract":false,
			"rtType":"java.util.List"
		},
		"newParameterValuePlaceHolder()":{
			"sig":"()Lro/pippo/core/ParameterValue;",
			"args":"()",
			"isStatic":false,
			"isProtected":false,
			"name":"newParameterValuePlaceHolder",
			"isPublic":false,
			"isPrivate":true,
			"isFinal":false,
			"type":"define",
			"isAbstract":false,
			"rtType":"ro.pippo.core.ParameterValue"
		},
		"toSet(java.lang.Class,java.lang.String)":{
			"sig":"(Ljava/lang/Class;Ljava/lang/String;)Ljava/util/Set;",
			"args":"(java.lang.Class,java.lang.String)",
			"isStatic":false,
			"isProtected":false,
			"name":"toSet",
			"isPublic":true,
			"isPrivate":false,
			"isFinal":false,
			"type":"define",
			"isAbstract":false,
			"rtType":"java.util.Set"
		},
		"toDouble()":{
			"sig":"()D",
			"args":"()",
			"isStatic":false,
			"isProtected":false,
			"name":"toDouble",
			"isPublic":true,
			"isPrivate":false,
			"isFinal":false,
			"type":"define",
			"isAbstract":false,
			"rtType":"double"
		},
		"toEnum(java.lang.Class,java.lang.Enum)":{
			"sig":"(Ljava/lang/Class;Ljava/lang/Enum;)Ljava/lang/Enum;",
			"args":"(java.lang.Class,java.lang.Enum)",
			"isStatic":false,
			"isProtected":false,
			"name":"toEnum",
			"isPublic":true,
			"isPrivate":false,
			"isFinal":false,
			"type":"define",
			"isAbstract":false,
			"rtType":"java.lang.Enum"
		},
		"isMultiValued()":{
			"sig":"()Z",
			"args":"()",
			"isStatic":false,
			"isProtected":false,
			"name":"isMultiValued",
			"isPublic":true,
			"isPrivate":false,
			"isFinal":false,
			"type":"define",
			"isAbstract":false,
			"rtType":"boolean"
		},
		"toSet(java.util.Set)":{
			"sig":"(Ljava/util/Set;)Ljava/util/Set;",
			"args":"(java.util.Set)",
			"isStatic":false,
			"isProtected":false,
			"name":"toSet",
			"isPublic":true,
			"isPrivate":false,
			"isFinal":false,
			"type":"define",
			"isAbstract":false,
			"rtType":"java.util.Set"
		},
		"convert(java.lang.Class,java.lang.String)":{
			"sig":"(Ljava/lang/Class;Ljava/lang/String;)Ljava/lang/Object;",
			"args":"(java.lang.Class,java.lang.String)",
			"isStatic":false,
			"isProtected":false,
			"name":"convert",
			"isPublic":true,
			"isPrivate":false,
			"isFinal":false,
			"type":"define",
			"isAbstract":false,
			"rtType":"java.lang.Object"
		}
	},
	"isPublic":true,
	"className":"ro.pippo.core.ParameterValue",
	"interNames":{
		"java.io.Serializable":"true"
	},
	"isFinal":false,
	"isPrivate":false,
	"isAbstract":false,
	"isInterface":false,
	"superClassName":"java.lang.Object"
}