{
	"isProtected":false,
	"finishedSearch":false,
	"methods":{
		"contextInitialized(javax.servlet.ServletContextEvent)":{
			"sig":"(Ljavax/servlet/ServletContextEvent;)V",
			"args":"(javax.servlet.ServletContextEvent)",
			"isStatic":false,
			"isProtected":false,
			"name":"contextInitialized",
			"isPublic":true,
			"isPrivate":false,
			"isFinal":false,
			"type":"define",
			"isAbstract":false,
			"rtType":"void"
		},
		"<init>()":{
			"sig":"()V",
			"args":"()",
			"isStatic":false,
			"isProtected":false,
			"name":"<init>",
			"isPublic":true,
			"isPrivate":false,
			"isFinal":false,
			"type":"define",
			"isAbstract":false,
			"rtType":"void"
		},
		"contextDestroyed(javax.servlet.ServletContextEvent)":{
			"sig":"(Ljavax/servlet/ServletContextEvent;)V",
			"args":"(javax.servlet.ServletContextEvent)",
			"isStatic":false,
			"isProtected":false,
			"name":"contextDestroyed",
			"isPublic":true,
			"isPrivate":false,
			"isFinal":false,
			"type":"define",
			"isAbstract":false,
			"rtType":"void"
		},
		"<clinit>()":{
			"sig":"()V",
			"args":"()",
			"isStatic":true,
			"isProtected":false,
			"name":"<clinit>",
			"isPublic":false,
			"isPrivate":false,
			"isFinal":false,
			"type":"define",
			"isAbstract":false,
			"rtType":"void"
		}
	},
	"isPublic":true,
	"className":"ro.pippo.core.PippoServletContextListener",
	"interNames":{
		"javax.servlet.ServletContextListener":"true"
	},
	"isFinal":false,
	"isPrivate":false,
	"isAbstract":false,
	"isInterface":false,
	"superClassName":"java.lang.Object"
}