{
	"isProtected":false,
	"finishedSearch":false,
	"methods":{
		"<init>()":{
			"sig":"()V",
			"args":"()",
			"isStatic":false,
			"isProtected":false,
			"name":"<init>",
			"isPublic":true,
			"isPrivate":false,
			"isFinal":false,
			"type":"define",
			"isAbstract":false,
			"rtType":"void"
		},
		"hasContentTypeEngine(java.lang.String)":{
			"sig":"(Ljava/lang/String;)Z",
			"args":"(java.lang.String)",
			"isStatic":false,
			"isProtected":false,
			"name":"hasContentTypeEngine",
			"isPublic":true,
			"isPrivate":false,
			"isFinal":false,
			"type":"define",
			"isAbstract":false,
			"rtType":"boolean"
		},
		"getContentTypeEngine(java.lang.String)":{
			"sig":"(Ljava/lang/String;)Lro/pippo/core/ContentTypeEngine;",
			"args":"(java.lang.String)",
			"isStatic":false,
			"isProtected":false,
			"name":"getContentTypeEngine",
			"isPublic":true,
			"isPrivate":false,
			"isFinal":false,
			"type":"define",
			"isAbstract":false,
			"rtType":"ro.pippo.core.ContentTypeEngine"
		},
		"<clinit>()":{
			"sig":"()V",
			"args":"()",
			"isStatic":true,
			"isProtected":false,
			"name":"<clinit>",
			"isPublic":false,
			"isPrivate":false,
			"isFinal":false,
			"type":"define",
			"isAbstract":false,
			"rtType":"void"
		},
		"getContentTypeSuffixes()":{
			"sig":"()Ljava/util/List;",
			"args":"()",
			"isStatic":false,
			"isProtected":false,
			"name":"getContentTypeSuffixes",
			"isPublic":true,
			"isPrivate":false,
			"isFinal":false,
			"type":"define",
			"isAbstract":false,
			"rtType":"java.util.List"
		},
		"setContentTypeEngine(ro.pippo.core.ContentTypeEngine)":{
			"sig":"(Lro/pippo/core/ContentTypeEngine;)V",
			"args":"(ro.pippo.core.ContentTypeEngine)",
			"isStatic":false,
			"isProtected":false,
			"name":"setContentTypeEngine",
			"isPublic":true,
			"isPrivate":false,
			"isFinal":false,
			"type":"define",
			"isAbstract":false,
			"rtType":"void"
		},
		"getContentTypes()":{
			"sig":"()Ljava/util/List;",
			"args":"()",
			"isStatic":false,
			"isProtected":false,
			"name":"getContentTypes",
			"isPublic":true,
			"isPrivate":false,
			"isFinal":false,
			"type":"define",
			"isAbstract":false,
			"rtType":"java.util.List"
		},
		"sanitizeContentTypes(java.lang.String)":{
			"sig":"(Ljava/lang/String;)Ljava/lang/String;",
			"args":"(java.lang.String)",
			"isStatic":false,
			"isProtected":true,
			"name":"sanitizeContentTypes",
			"isPublic":false,
			"isPrivate":false,
			"isFinal":false,
			"type":"define",
			"isAbstract":false,
			"rtType":"java.lang.String"
		},
		"registerContentTypeEngine(java.lang.Class)":{
			"sig":"(Ljava/lang/Class;)Lro/pippo/core/ContentTypeEngine;",
			"args":"(java.lang.Class)",
			"isStatic":false,
			"isProtected":false,
			"name":"registerContentTypeEngine",
			"isPublic":true,
			"isPrivate":false,
			"isFinal":false,
			"type":"define",
			"isAbstract":false,
			"rtType":"ro.pippo.core.ContentTypeEngine"
		}
	},
	"isPublic":true,
	"className":"ro.pippo.core.ContentTypeEngines",
	"interNames":{},
	"isFinal":false,
	"isPrivate":false,
	"isAbstract":false,
	"isInterface":false,
	"superClassName":"java.lang.Object"
}