{
	"isProtected":false,
	"finishedSearch":false,
	"methods":{
		"conflict()":{
			"sig":"()Lro/pippo/core/Response;",
			"args":"()",
			"isStatic":false,
			"isProtected":false,
			"name":"conflict",
			"isPublic":true,
			"isPrivate":false,
			"isFinal":false,
			"type":"define",
			"isAbstract":false,
			"rtType":"ro.pippo.core.Response"
		},
		"json()":{
			"sig":"()Lro/pippo/core/Response;",
			"args":"()",
			"isStatic":false,
			"isProtected":false,
			"name":"json",
			"isPublic":true,
			"isPrivate":false,
			"isFinal":false,
			"type":"define",
			"isAbstract":false,
			"rtType":"ro.pippo.core.Response"
		},
		"renderToString(java.lang.String,java.util.Map)":{
			"sig":"(Ljava/lang/String;Ljava/util/Map;)Ljava/lang/String;",
			"args":"(java.lang.String,java.util.Map)",
			"isStatic":false,
			"isProtected":false,
			"name":"renderToString",
			"isPublic":true,
			"isPrivate":false,
			"isFinal":false,
			"type":"define",
			"isAbstract":false,
			"rtType":"java.lang.String"
		},
		"getHttpServletResponse()":{
			"sig":"()Ljavax/servlet/http/HttpServletResponse;",
			"args":"()",
			"isStatic":false,
			"isProtected":false,
			"name":"getHttpServletResponse",
			"isPublic":true,
			"isPrivate":false,
			"isFinal":false,
			"type":"define",
			"isAbstract":false,
			"rtType":"javax.servlet.http.HttpServletResponse"
		},
		"contentType(ro.pippo.core.Request)":{
			"sig":"(Lro/pippo/core/Request;)Lro/pippo/core/Response;",
			"args":"(ro.pippo.core.Request)",
			"isStatic":false,
			"isProtected":false,
			"name":"contentType",
			"isPublic":true,
			"isPrivate":false,
			"isFinal":false,
			"type":"define",
			"isAbstract":false,
			"rtType":"ro.pippo.core.Response"
		},
		"file(java.io.File)":{
			"sig":"(Ljava/io/File;)V",
			"args":"(java.io.File)",
			"isStatic":false,
			"isProtected":false,
			"name":"file",
			"isPublic":true,
			"isPrivate":false,
			"isFinal":false,
			"type":"define",
			"isAbstract":false,
			"rtType":"void"
		},
		"file(java.lang.String,java.io.InputStream)":{
			"sig":"(Ljava/lang/String;Ljava/io/InputStream;)V",
			"args":"(java.lang.String,java.io.InputStream)",
			"isStatic":false,
			"isProtected":false,
			"name":"file",
			"isPublic":true,
			"isPrivate":false,
			"isFinal":false,
			"type":"define",
			"isAbstract":false,
			"rtType":"void"
		},
		"get()":{
			"sig":"()Lro/pippo/core/Response;",
			"args":"()",
			"isStatic":true,
			"isProtected":false,
			"name":"get",
			"isPublic":true,
			"isPrivate":false,
			"isFinal":false,
			"type":"define",
			"isAbstract":false,
			"rtType":"ro.pippo.core.Response"
		},
		"accepted()":{
			"sig":"()Lro/pippo/core/Response;",
			"args":"()",
			"isStatic":false,
			"isProtected":false,
			"name":"accepted",
			"isPublic":true,
			"isPrivate":false,
			"isFinal":false,
			"type":"define",
			"isAbstract":false,
			"rtType":"ro.pippo.core.Response"
		},
		"cookie(java.lang.String,java.lang.String)":{
			"sig":"(Ljava/lang/String;Ljava/lang/String;)Lro/pippo/core/Response;",
			"args":"(java.lang.String,java.lang.String)",
			"isStatic":false,
			"isProtected":false,
			"name":"cookie",
			"isPublic":true,
			"isPrivate":false,
			"isFinal":false,
			"type":"define",
			"isAbstract":false,
			"rtType":"ro.pippo.core.Response"
		},
		"getCookie(java.lang.String)":{
			"sig":"(Ljava/lang/String;)Ljavax/servlet/http/Cookie;",
			"args":"(java.lang.String)",
			"isStatic":false,
			"isProtected":false,
			"name":"getCookie",
			"isPublic":true,
			"isPrivate":false,
			"isFinal":false,
			"type":"define",
			"isAbstract":false,
			"rtType":"javax.servlet.http.Cookie"
		},
		"xml()":{
			"sig":"()Lro/pippo/core/Response;",
			"args":"()",
			"isStatic":false,
			"isProtected":false,
			"name":"xml",
			"isPublic":true,
			"isPrivate":false,
			"isFinal":false,
			"type":"define",
			"isAbstract":false,
			"rtType":"ro.pippo.core.Response"
		},
		"header(java.lang.String,java.util.Date)":{
			"sig":"(Ljava/lang/String;Ljava/util/Date;)Lro/pippo/core/Response;",
			"args":"(java.lang.String,java.util.Date)",
			"isStatic":false,
			"isProtected":false,
			"name":"header",
			"isPublic":true,
			"isPrivate":false,
			"isFinal":false,
			"type":"define",
			"isAbstract":false,
			"rtType":"ro.pippo.core.Response"
		},
		"getFinalizeListeners()":{
			"sig":"()Lro/pippo/core/ResponseFinalizeListenerList;",
			"args":"()",
			"isStatic":false,
			"isProtected":false,
			"name":"getFinalizeListeners",
			"isPublic":true,
			"isPrivate":false,
			"isFinal":false,
			"type":"define",
			"isAbstract":false,
			"rtType":"ro.pippo.core.ResponseFinalizeListenerList"
		},
		"filenameHeader(java.lang.String)":{
			"sig":"(Ljava/lang/String;)Lro/pippo/core/Response;",
			"args":"(java.lang.String)",
			"isStatic":false,
			"isProtected":false,
			"name":"filenameHeader",
			"isPublic":true,
			"isPrivate":false,
			"isFinal":false,
			"type":"define",
			"isAbstract":false,
			"rtType":"ro.pippo.core.Response"
		},
		"getStatus()":{
			"sig":"()I",
			"args":"()",
			"isStatic":false,
			"isProtected":false,
			"name":"getStatus",
			"isPublic":true,
			"isPrivate":false,
			"isFinal":false,
			"type":"define",
			"isAbstract":false,
			"rtType":"int"
		},
		"finishGZip()":{
			"sig":"()V",
			"args":"()",
			"isStatic":false,
			"isProtected":false,
			"name":"finishGZip",
			"isPublic":false,
			"isPrivate":true,
			"isFinal":false,
			"type":"define",
			"isAbstract":false,
			"rtType":"void"
		},
		"serviceUnavailable()":{
			"sig":"()Lro/pippo/core/Response;",
			"args":"()",
			"isStatic":false,
			"isProtected":false,
			"name":"serviceUnavailable",
			"isPublic":true,
			"isPrivate":false,
			"isFinal":false,
			"type":"define",
			"isAbstract":false,
			"rtType":"ro.pippo.core.Response"
		},
		"finalizeResponse()":{
			"sig":"()V",
			"args":"()",
			"isStatic":false,
			"isProtected":false,
			"name":"finalizeResponse",
			"isPublic":false,
			"isPrivate":true,
			"isFinal":false,
			"type":"define",
			"isAbstract":false,
			"rtType":"void"
		},
		"notImplemented()":{
			"sig":"()Lro/pippo/core/Response;",
			"args":"()",
			"isStatic":false,
			"isProtected":false,
			"name":"notImplemented",
			"isPublic":true,
			"isPrivate":false,
			"isFinal":false,
			"type":"define",
			"isAbstract":false,
			"rtType":"ro.pippo.core.Response"
		},
		"<clinit>()":{
			"sig":"()V",
			"args":"()",
			"isStatic":true,
			"isProtected":false,
			"name":"<clinit>",
			"isPublic":false,
			"isPrivate":false,
			"isFinal":false,
			"type":"define",
			"isAbstract":false,
			"rtType":"void"
		},
		"header(java.lang.String,java.lang.String)":{
			"sig":"(Ljava/lang/String;Ljava/lang/String;)Lro/pippo/core/Response;",
			"args":"(java.lang.String,java.lang.String)",
			"isStatic":false,
			"isProtected":false,
			"name":"header",
			"isPublic":true,
			"isPrivate":false,
			"isFinal":false,
			"type":"define",
			"isAbstract":false,
			"rtType":"ro.pippo.core.Response"
		},
		"internalError()":{
			"sig":"()Lro/pippo/core/Response;",
			"args":"()",
			"isStatic":false,
			"isProtected":false,
			"name":"internalError",
			"isPublic":true,
			"isPrivate":false,
			"isFinal":false,
			"type":"define",
			"isAbstract":false,
			"rtType":"ro.pippo.core.Response"
		},
		"xml(java.lang.Object)":{
			"sig":"(Ljava/lang/Object;)V",
			"args":"(java.lang.Object)",
			"isStatic":false,
			"isProtected":false,
			"name":"xml",
			"isPublic":true,
			"isPrivate":false,
			"isFinal":false,
			"type":"define",
			"isAbstract":false,
			"rtType":"void"
		},
		"text(java.lang.Object)":{
			"sig":"(Ljava/lang/Object;)V",
			"args":"(java.lang.Object)",
			"isStatic":false,
			"isProtected":false,
			"name":"text",
			"isPublic":true,
			"isPrivate":false,
			"isFinal":false,
			"type":"define",
			"isAbstract":false,
			"rtType":"void"
		},
		"send(java.lang.Object,java.lang.String)":{
			"sig":"(Ljava/lang/Object;Ljava/lang/String;)V",
			"args":"(java.lang.Object,java.lang.String)",
			"isStatic":false,
			"isProtected":false,
			"name":"send",
			"isPublic":false,
			"isPrivate":true,
			"isFinal":false,
			"type":"define",
			"isAbstract":false,
			"rtType":"void"
		},
		"redirectToContextPath(java.lang.String)":{
			"sig":"(Ljava/lang/String;)V",
			"args":"(java.lang.String)",
			"isStatic":false,
			"isProtected":false,
			"name":"redirectToContextPath",
			"isPublic":true,
			"isPrivate":false,
			"isFinal":false,
			"type":"define",
			"isAbstract":false,
			"rtType":"void"
		},
		"paymentRequired()":{
			"sig":"()Lro/pippo/core/Response;",
			"args":"()",
			"isStatic":false,
			"isProtected":false,
			"name":"paymentRequired",
			"isPublic":true,
			"isPrivate":false,
			"isFinal":false,
			"type":"define",
			"isAbstract":false,
			"rtType":"ro.pippo.core.Response"
		},
		"isHeaderEmpty(java.lang.String)":{
			"sig":"(Ljava/lang/String;)Z",
			"args":"(java.lang.String)",
			"isStatic":false,
			"isProtected":false,
			"name":"isHeaderEmpty",
			"isPublic":false,
			"isPrivate":true,
			"isFinal":false,
			"type":"define",
			"isAbstract":false,
			"rtType":"boolean"
		},
		"yaml(java.lang.Object)":{
			"sig":"(Ljava/lang/Object;)V",
			"args":"(java.lang.Object)",
			"isStatic":false,
			"isProtected":false,
			"name":"yaml",
			"isPublic":true,
			"isPrivate":false,
			"isFinal":false,
			"type":"define",
			"isAbstract":false,
			"rtType":"void"
		},
		"getCookieMap()":{
			"sig":"()Ljava/util/Map;",
			"args":"()",
			"isStatic":false,
			"isProtected":false,
			"name":"getCookieMap",
			"isPublic":false,
			"isPrivate":true,
			"isFinal":false,
			"type":"define",
			"isAbstract":false,
			"rtType":"java.util.Map"
		},
		"getContentType()":{
			"sig":"()Ljava/lang/String;",
			"args":"()",
			"isStatic":false,
			"isProtected":false,
			"name":"getContentType",
			"isPublic":true,
			"isPrivate":false,
			"isFinal":false,
			"type":"define",
			"isAbstract":false,
			"rtType":"java.lang.String"
		},
		"unauthorized()":{
			"sig":"()Lro/pippo/core/Response;",
			"args":"()",
			"isStatic":false,
			"isProtected":false,
			"name":"unauthorized",
			"isPublic":true,
			"isPrivate":false,
			"isFinal":false,
			"type":"define",
			"isAbstract":false,
			"rtType":"ro.pippo.core.Response"
		},
		"resource(java.io.InputStream)":{
			"sig":"(Ljava/io/InputStream;)V",
			"args":"(java.io.InputStream)",
			"isStatic":false,
			"isProtected":false,
			"name":"resource",
			"isPublic":true,
			"isPrivate":false,
			"isFinal":false,
			"type":"define",
			"isAbstract":false,
			"rtType":"void"
		},
		"json(java.lang.Object)":{
			"sig":"(Ljava/lang/Object;)V",
			"args":"(java.lang.Object)",
			"isStatic":false,
			"isProtected":false,
			"name":"json",
			"isPublic":true,
			"isPrivate":false,
			"isFinal":false,
			"type":"define",
			"isAbstract":false,
			"rtType":"void"
		},
		"chunked()":{
			"sig":"()Lro/pippo/core/Response;",
			"args":"()",
			"isStatic":false,
			"isProtected":false,
			"name":"chunked",
			"isPublic":true,
			"isPrivate":false,
			"isFinal":false,
			"type":"define",
			"isAbstract":false,
			"rtType":"ro.pippo.core.Response"
		},
		"isCommitted()":{
			"sig":"()Z",
			"args":"()",
			"isStatic":false,
			"isProtected":false,
			"name":"isCommitted",
			"isPublic":true,
			"isPrivate":false,
			"isFinal":false,
			"type":"define",
			"isAbstract":false,
			"rtType":"boolean"
		},
		"<init>(javax.servlet.http.HttpServletResponse,ro.pippo.core.Application)":{
			"sig":"(Ljavax/servlet/http/HttpServletResponse;Lro/pippo/core/Application;)V",
			"args":"(javax.servlet.http.HttpServletResponse,ro.pippo.core.Application)",
			"isStatic":false,
			"isProtected":false,
			"name":"<init>",
			"isPublic":true,
			"isPrivate":false,
			"isFinal":false,
			"type":"define",
			"isAbstract":false,
			"rtType":"void"
		},
		"created()":{
			"sig":"()Lro/pippo/core/Response;",
			"args":"()",
			"isStatic":false,
			"isProtected":false,
			"name":"created",
			"isPublic":true,
			"isPrivate":false,
			"isFinal":false,
			"type":"define",
			"isAbstract":false,
			"rtType":"ro.pippo.core.Response"
		},
		"send(java.lang.Object)":{
			"sig":"(Ljava/lang/Object;)V",
			"args":"(java.lang.Object)",
			"isStatic":false,
			"isProtected":false,
			"name":"send",
			"isPublic":true,
			"isPrivate":false,
			"isFinal":false,
			"type":"define",
			"isAbstract":false,
			"rtType":"void"
		},
		"status(int)":{
			"sig":"(I)Lro/pippo/core/Response;",
			"args":"(int)",
			"isStatic":false,
			"isProtected":false,
			"name":"status",
			"isPublic":true,
			"isPrivate":false,
			"isFinal":false,
			"type":"define",
			"isAbstract":false,
			"rtType":"ro.pippo.core.Response"
		},
		"getOutputStream()":{
			"sig":"()Ljavax/servlet/ServletOutputStream;",
			"args":"()",
			"isStatic":false,
			"isProtected":false,
			"name":"getOutputStream",
			"isPublic":true,
			"isPrivate":false,
			"isFinal":false,
			"type":"define",
			"isAbstract":false,
			"rtType":"javax.servlet.ServletOutputStream"
		},
		"getHeader(java.lang.String)":{
			"sig":"(Ljava/lang/String;)Ljava/lang/String;",
			"args":"(java.lang.String)",
			"isStatic":false,
			"isProtected":false,
			"name":"getHeader",
			"isPublic":true,
			"isPrivate":false,
			"isFinal":false,
			"type":"define",
			"isAbstract":false,
			"rtType":"java.lang.String"
		},
		"removeCookie(java.lang.String)":{
			"sig":"(Ljava/lang/String;)Lro/pippo/core/Response;",
			"args":"(java.lang.String)",
			"isStatic":false,
			"isProtected":false,
			"name":"removeCookie",
			"isPublic":true,
			"isPrivate":false,
			"isFinal":false,
			"type":"define",
			"isAbstract":false,
			"rtType":"ro.pippo.core.Response"
		},
		"characterEncoding(java.lang.String)":{
			"sig":"(Ljava/lang/String;)Lro/pippo/core/Response;",
			"args":"(java.lang.String)",
			"isStatic":false,
			"isProtected":false,
			"name":"characterEncoding",
			"isPublic":true,
			"isPrivate":false,
			"isFinal":false,
			"type":"define",
			"isAbstract":false,
			"rtType":"ro.pippo.core.Response"
		},
		"render(java.lang.String)":{
			"sig":"(Ljava/lang/String;)V",
			"args":"(java.lang.String)",
			"isStatic":false,
			"isProtected":false,
			"name":"render",
			"isPublic":true,
			"isPrivate":false,
			"isFinal":false,
			"type":"define",
			"isAbstract":false,
			"rtType":"void"
		},
		"redirect(java.lang.String)":{
			"sig":"(Ljava/lang/String;)V",
			"args":"(java.lang.String)",
			"isStatic":false,
			"isProtected":false,
			"name":"redirect",
			"isPublic":true,
			"isPrivate":false,
			"isFinal":false,
			"type":"define",
			"isAbstract":false,
			"rtType":"void"
		},
		"render(java.lang.String,java.util.Map)":{
			"sig":"(Ljava/lang/String;Ljava/util/Map;)V",
			"args":"(java.lang.String,java.util.Map)",
			"isStatic":false,
			"isProtected":false,
			"name":"render",
			"isPublic":true,
			"isPrivate":false,
			"isFinal":false,
			"type":"define",
			"isAbstract":false,
			"rtType":"void"
		},
		"text()":{
			"sig":"()Lro/pippo/core/Response;",
			"args":"()",
			"isStatic":false,
			"isProtected":false,
			"name":"text",
			"isPublic":true,
			"isPrivate":false,
			"isFinal":false,
			"type":"define",
			"isAbstract":false,
			"rtType":"ro.pippo.core.Response"
		},
		"getFlash()":{
			"sig":"()Lro/pippo/core/Flash;",
			"args":"()",
			"isStatic":false,
			"isProtected":false,
			"name":"getFlash",
			"isPublic":true,
			"isPrivate":false,
			"isFinal":false,
			"type":"define",
			"isAbstract":false,
			"rtType":"ro.pippo.core.Flash"
		},
		"forbidden()":{
			"sig":"()Lro/pippo/core/Response;",
			"args":"()",
			"isStatic":false,
			"isProtected":false,
			"name":"forbidden",
			"isPublic":true,
			"isPrivate":false,
			"isFinal":false,
			"type":"define",
			"isAbstract":false,
			"rtType":"ro.pippo.core.Response"
		},
		"contentType(java.lang.String)":{
			"sig":"(Ljava/lang/String;)Lro/pippo/core/Response;",
			"args":"(java.lang.String)",
			"isStatic":false,
			"isProtected":false,
			"name":"contentType",
			"isPublic":true,
			"isPrivate":false,
			"isFinal":false,
			"type":"define",
			"isAbstract":false,
			"rtType":"ro.pippo.core.Response"
		},
		"bind(java.lang.String,java.lang.Object)":{
			"sig":"(Ljava/lang/String;Ljava/lang/Object;)Lro/pippo/core/Response;",
			"args":"(java.lang.String,java.lang.Object)",
			"isStatic":false,
			"isProtected":false,
			"name":"bind",
			"isPublic":true,
			"isPrivate":false,
			"isFinal":false,
			"type":"define",
			"isAbstract":false,
			"rtType":"ro.pippo.core.Response"
		},
		"html()":{
			"sig":"()Lro/pippo/core/Response;",
			"args":"()",
			"isStatic":false,
			"isProtected":false,
			"name":"html",
			"isPublic":true,
			"isPrivate":false,
			"isFinal":false,
			"type":"define",
			"isAbstract":false,
			"rtType":"ro.pippo.core.Response"
		},
		"commit()":{
			"sig":"()V",
			"args":"()",
			"isStatic":false,
			"isProtected":false,
			"name":"commit",
			"isPublic":true,
			"isPrivate":false,
			"isFinal":false,
			"type":"define",
			"isAbstract":false,
			"rtType":"void"
		},
		"getWriter()":{
			"sig":"()Ljava/io/PrintWriter;",
			"args":"()",
			"isStatic":false,
			"isProtected":false,
			"name":"getWriter",
			"isPublic":true,
			"isPrivate":false,
			"isFinal":false,
			"type":"define",
			"isAbstract":false,
			"rtType":"java.io.PrintWriter"
		},
		"renderToString(java.lang.String)":{
			"sig":"(Ljava/lang/String;)Ljava/lang/String;",
			"args":"(java.lang.String)",
			"isStatic":false,
			"isProtected":false,
			"name":"renderToString",
			"isPublic":true,
			"isPrivate":false,
			"isFinal":false,
			"type":"define",
			"isAbstract":false,
			"rtType":"java.lang.String"
		},
		"addCookie(javax.servlet.http.Cookie)":{
			"sig":"(Ljavax/servlet/http/Cookie;)V",
			"args":"(javax.servlet.http.Cookie)",
			"isStatic":false,
			"isProtected":false,
			"name":"addCookie",
			"isPublic":false,
			"isPrivate":true,
			"isFinal":false,
			"type":"define",
			"isAbstract":false,
			"rtType":"void"
		},
		"ok()":{
			"sig":"()Lro/pippo/core/Response;",
			"args":"()",
			"isStatic":false,
			"isProtected":false,
			"name":"ok",
			"isPublic":true,
			"isPrivate":false,
			"isFinal":false,
			"type":"define",
			"isAbstract":false,
			"rtType":"ro.pippo.core.Response"
		},
		"badRequest()":{
			"sig":"()Lro/pippo/core/Response;",
			"args":"()",
			"isStatic":false,
			"isProtected":false,
			"name":"badRequest",
			"isPublic":true,
			"isPrivate":false,
			"isFinal":false,
			"type":"define",
			"isAbstract":false,
			"rtType":"ro.pippo.core.Response"
		},
		"yaml()":{
			"sig":"()Lro/pippo/core/Response;",
			"args":"()",
			"isStatic":false,
			"isProtected":false,
			"name":"yaml",
			"isPublic":true,
			"isPrivate":false,
			"isFinal":false,
			"type":"define",
			"isAbstract":false,
			"rtType":"ro.pippo.core.Response"
		},
		"cookie(java.lang.String,java.lang.String,java.lang.String,java.lang.String,int,boolean)":{
			"sig":"(Ljava/lang/String;Ljava/lang/String;Ljava/lang/String;Ljava/lang/String;IZ)Lro/pippo/core/Response;",
			"args":"(java.lang.String,java.lang.String,java.lang.String,java.lang.String,int,boolean)",
			"isStatic":false,
			"isProtected":false,
			"name":"cookie",
			"isPublic":true,
			"isPrivate":false,
			"isFinal":false,
			"type":"define",
			"isAbstract":false,
			"rtType":"ro.pippo.core.Response"
		},
		"redirectToApplicationPath(java.lang.String)":{
			"sig":"(Ljava/lang/String;)V",
			"args":"(java.lang.String)",
			"isStatic":false,
			"isProtected":false,
			"name":"redirectToApplicationPath",
			"isPublic":true,
			"isPrivate":false,
			"isFinal":false,
			"type":"define",
			"isAbstract":false,
			"rtType":"void"
		},
		"getCookies()":{
			"sig":"()Ljava/util/Collection;",
			"args":"()",
			"isStatic":false,
			"isProtected":false,
			"name":"getCookies",
			"isPublic":true,
			"isPrivate":false,
			"isFinal":false,
			"type":"define",
			"isAbstract":false,
			"rtType":"java.util.Collection"
		},
		"gone()":{
			"sig":"()Lro/pippo/core/Response;",
			"args":"()",
			"isStatic":false,
			"isProtected":false,
			"name":"gone",
			"isPublic":true,
			"isPrivate":false,
			"isFinal":false,
			"type":"define",
			"isAbstract":false,
			"rtType":"ro.pippo.core.Response"
		},
		"reset()":{
			"sig":"()V",
			"args":"()",
			"isStatic":false,
			"isProtected":false,
			"name":"reset",
			"isPublic":true,
			"isPrivate":false,
			"isFinal":false,
			"type":"define",
			"isAbstract":false,
			"rtType":"void"
		},
		"cookie(java.lang.String,java.lang.String,int)":{
			"sig":"(Ljava/lang/String;Ljava/lang/String;I)Lro/pippo/core/Response;",
			"args":"(java.lang.String,java.lang.String,int)",
			"isStatic":false,
			"isProtected":false,
			"name":"cookie",
			"isPublic":true,
			"isPrivate":false,
			"isFinal":false,
			"type":"define",
			"isAbstract":false,
			"rtType":"ro.pippo.core.Response"
		},
		"notFound()":{
			"sig":"()Lro/pippo/core/Response;",
			"args":"()",
			"isStatic":false,
			"isProtected":false,
			"name":"notFound",
			"isPublic":true,
			"isPrivate":false,
			"isFinal":false,
			"type":"define",
			"isAbstract":false,
			"rtType":"ro.pippo.core.Response"
		},
		"send(java.lang.String,java.lang.Object[])":{
			"sig":"(Ljava/lang/String;[Ljava/lang/Object;)V",
			"args":"(java.lang.String,java.lang.Object[])",
			"isStatic":false,
			"isProtected":false,
			"name":"send",
			"isPublic":true,
			"isPrivate":false,
			"isFinal":false,
			"type":"define",
			"isAbstract":false,
			"rtType":"void"
		},
		"checkCommitted()":{
			"sig":"()V",
			"args":"()",
			"isStatic":false,
			"isProtected":false,
			"name":"checkCommitted",
			"isPublic":false,
			"isPrivate":true,
			"isFinal":false,
			"type":"define",
			"isAbstract":false,
			"rtType":"void"
		},
		"noCache()":{
			"sig":"()Lro/pippo/core/Response;",
			"args":"()",
			"isStatic":false,
			"isProtected":false,
			"name":"noCache",
			"isPublic":true,
			"isPrivate":false,
			"isFinal":false,
			"type":"define",
			"isAbstract":false,
			"rtType":"ro.pippo.core.Response"
		},
		"overloaded()":{
			"sig":"()Lro/pippo/core/Response;",
			"args":"()",
			"isStatic":false,
			"isProtected":false,
			"name":"overloaded",
			"isPublic":true,
			"isPrivate":false,
			"isFinal":false,
			"type":"define",
			"isAbstract":false,
			"rtType":"ro.pippo.core.Response"
		},
		"getLocals()":{
			"sig":"()Ljava/util/Map;",
			"args":"()",
			"isStatic":false,
			"isProtected":false,
			"name":"getLocals",
			"isPublic":true,
			"isPrivate":false,
			"isFinal":false,
			"type":"define",
			"isAbstract":false,
			"rtType":"java.util.Map"
		},
		"chunked(boolean)":{
			"sig":"(Z)Lro/pippo/core/Response;",
			"args":"(boolean)",
			"isStatic":false,
			"isProtected":false,
			"name":"chunked",
			"isPublic":true,
			"isPrivate":false,
			"isFinal":false,
			"type":"define",
			"isAbstract":false,
			"rtType":"ro.pippo.core.Response"
		},
		"methodNotAllowed()":{
			"sig":"()Lro/pippo/core/Response;",
			"args":"()",
			"isStatic":false,
			"isProtected":false,
			"name":"methodNotAllowed",
			"isPublic":true,
			"isPrivate":false,
			"isFinal":false,
			"type":"define",
			"isAbstract":false,
			"rtType":"ro.pippo.core.Response"
		},
		"contentLength(long)":{
			"sig":"(J)Lro/pippo/core/Response;",
			"args":"(long)",
			"isStatic":false,
			"isProtected":false,
			"name":"contentLength",
			"isPublic":true,
			"isPrivate":false,
			"isFinal":false,
			"type":"define",
			"isAbstract":false,
			"rtType":"ro.pippo.core.Response"
		},
		"redirect(java.lang.String,int)":{
			"sig":"(Ljava/lang/String;I)V",
			"args":"(java.lang.String,int)",
			"isStatic":false,
			"isProtected":false,
			"name":"redirect",
			"isPublic":true,
			"isPrivate":false,
			"isFinal":false,
			"type":"define",
			"isAbstract":false,
			"rtType":"void"
		},
		"getCharacterEncoding()":{
			"sig":"()Ljava/lang/String;",
			"args":"()",
			"isStatic":false,
			"isProtected":false,
			"name":"getCharacterEncoding",
			"isPublic":true,
			"isPrivate":false,
			"isFinal":false,
			"type":"define",
			"isAbstract":false,
			"rtType":"java.lang.String"
		},
		"getHeaderMap()":{
			"sig":"()Ljava/util/Map;",
			"args":"()",
			"isStatic":false,
			"isProtected":false,
			"name":"getHeaderMap",
			"isPublic":false,
			"isPrivate":true,
			"isFinal":false,
			"type":"define",
			"isAbstract":false,
			"rtType":"java.util.Map"
		},
		"send(java.lang.CharSequence)":{
			"sig":"(Ljava/lang/CharSequence;)V",
			"args":"(java.lang.CharSequence)",
			"isStatic":false,
			"isProtected":false,
			"name":"send",
			"isPublic":true,
			"isPrivate":false,
			"isFinal":false,
			"type":"define",
			"isAbstract":false,
			"rtType":"void"
		},
		"commit(java.lang.CharSequence)":{
			"sig":"(Ljava/lang/CharSequence;)V",
			"args":"(java.lang.CharSequence)",
			"isStatic":false,
			"isProtected":false,
			"name":"commit",
			"isPublic":false,
			"isPrivate":true,
			"isFinal":false,
			"type":"define",
			"isAbstract":false,
			"rtType":"void"
		},
		"cookie(javax.servlet.http.Cookie)":{
			"sig":"(Ljavax/servlet/http/Cookie;)Lro/pippo/core/Response;",
			"args":"(javax.servlet.http.Cookie)",
			"isStatic":false,
			"isProtected":false,
			"name":"cookie",
			"isPublic":true,
			"isPrivate":false,
			"isFinal":false,
			"type":"define",
			"isAbstract":false,
			"rtType":"ro.pippo.core.Response"
		},
		"send(java.io.InputStream)":{
			"sig":"(Ljava/io/InputStream;)V",
			"args":"(java.io.InputStream)",
			"isStatic":false,
			"isProtected":false,
			"name":"send",
			"isPublic":false,
			"isPrivate":true,
			"isFinal":false,
			"type":"define",
			"isAbstract":false,
			"rtType":"void"
		}
	},
	"isPublic":true,
	"className":"ro.pippo.core.Response",
	"interNames":{},
	"isFinal":true,
	"isPrivate":false,
	"isAbstract":false,
	"isInterface":false,
	"superClassName":"java.lang.Object"
}