{
	"isProtected":false,
	"finishedSearch":false,
	"methods":{
		"<init>()":{
			"sig":"()V",
			"args":"()",
			"isStatic":false,
			"isProtected":false,
			"name":"<init>",
			"isPublic":true,
			"isPrivate":false,
			"isFinal":false,
			"type":"define",
			"isAbstract":false,
			"rtType":"void"
		},
		"compare(java.lang.Object,java.lang.Object)":{
			"sig":"(Ljava/lang/Object;Ljava/lang/Object;)I",
			"args":"(java.lang.Object,java.lang.Object)",
			"isStatic":false,
			"isProtected":false,
			"name":"compare",
			"isPublic":true,
			"isPrivate":false,
			"isFinal":false,
			"type":"define",
			"isAbstract":false,
			"rtType":"int"
		},
		"compare(ro.pippo.core.route.DirectoryHandler$DirEntry,ro.pippo.core.route.DirectoryHandler$DirEntry)":{
			"sig":"(Lro/pippo/core/route/DirectoryHandler$DirEntry;Lro/pippo/core/route/DirectoryHandler$DirEntry;)I",
			"args":"(ro.pippo.core.route.DirectoryHandler$DirEntry,ro.pippo.core.route.DirectoryHandler$DirEntry)",
			"isStatic":false,
			"isProtected":false,
			"name":"compare",
			"isPublic":true,
			"isPrivate":false,
			"isFinal":false,
			"type":"define",
			"isAbstract":false,
			"rtType":"int"
		}
	},
	"isPublic":true,
	"className":"ro.pippo.core.route.DirectoryHandler$DirectoryBeforeComparator",
	"interNames":{
		"java.util.Comparator":"true"
	},
	"isFinal":false,
	"isPrivate":false,
	"isAbstract":false,
	"isInterface":false,
	"superClassName":"java.lang.Object"
}