{
	"isProtected":false,
	"finishedSearch":false,
	"methods":{
		"destroy()":{
			"sig":"()V",
			"args":"()",
			"isStatic":false,
			"isProtected":false,
			"name":"destroy",
			"isPublic":true,
			"isPrivate":false,
			"isFinal":false,
			"type":"define",
			"isAbstract":false,
			"rtType":"void"
		},
		"init(javax.servlet.FilterConfig)":{
			"sig":"(Ljavax/servlet/FilterConfig;)V",
			"args":"(javax.servlet.FilterConfig)",
			"isStatic":false,
			"isProtected":false,
			"name":"init",
			"isPublic":true,
			"isPrivate":false,
			"isFinal":false,
			"type":"define",
			"isAbstract":false,
			"rtType":"void"
		},
		"acceptsGZipEncoding(javax.servlet.http.HttpServletRequest)":{
			"sig":"(Ljavax/servlet/http/HttpServletRequest;)Z",
			"args":"(javax.servlet.http.HttpServletRequest)",
			"isStatic":false,
			"isProtected":true,
			"name":"acceptsGZipEncoding",
			"isPublic":false,
			"isPrivate":false,
			"isFinal":false,
			"type":"define",
			"isAbstract":false,
			"rtType":"boolean"
		},
		"<init>()":{
			"sig":"()V",
			"args":"()",
			"isStatic":false,
			"isProtected":false,
			"name":"<init>",
			"isPublic":true,
			"isPrivate":false,
			"isFinal":false,
			"type":"define",
			"isAbstract":false,
			"rtType":"void"
		},
		"doFilter(javax.servlet.ServletRequest,javax.servlet.ServletResponse,javax.servlet.FilterChain)":{
			"sig":"(Ljavax/servlet/ServletRequest;Ljavax/servlet/ServletResponse;Ljavax/servlet/FilterChain;)V",
			"args":"(javax.servlet.ServletRequest,javax.servlet.ServletResponse,javax.servlet.FilterChain)",
			"isStatic":false,
			"isProtected":false,
			"name":"doFilter",
			"isPublic":true,
			"isPrivate":false,
			"isFinal":false,
			"type":"define",
			"isAbstract":false,
			"rtType":"void"
		}
	},
	"isPublic":true,
	"className":"ro.pippo.core.gzip.GZipFilter",
	"interNames":{
		"javax.servlet.Filter":"true"
	},
	"isFinal":false,
	"isPrivate":false,
	"isAbstract":false,
	"isInterface":false,
	"superClassName":"java.lang.Object"
}