{
	"isProtected":false,
	"finishedSearch":false,
	"methods":{
		"handle(java.lang.Exception,ro.pippo.core.route.RouteContext)":{
			"sig":"(Ljava/lang/Exception;Lro/pippo/core/route/RouteContext;)V",
			"args":"(java.lang.Exception,ro.pippo.core.route.RouteContext)",
			"isStatic":false,
			"isProtected":false,
			"name":"handle",
			"isPublic":true,
			"isPrivate":false,
			"isFinal":false,
			"type":"define",
			"isAbstract":false,
			"rtType":"void"
		},
		"<init>(ro.pippo.core.ErrorHandler)":{
			"sig":"(Lro/pippo/core/ErrorHandler;)V",
			"args":"(ro.pippo.core.ErrorHandler)",
			"isStatic":false,
			"isProtected":false,
			"name":"<init>",
			"isPublic":true,
			"isPrivate":false,
			"isFinal":false,
			"type":"define",
			"isAbstract":false,
			"rtType":"void"
		}
	},
	"isPublic":true,
	"className":"ro.pippo.core.StatusCodeExceptionHandler",
	"interNames":{
		"ro.pippo.core.ExceptionHandler":"true"
	},
	"isFinal":false,
	"isPrivate":false,
	"isAbstract":false,
	"isInterface":false,
	"superClassName":"java.lang.Object"
}