{
	"isProtected":false,
	"finishedSearch":false,
	"methods":{
		"match(java.lang.String,java.lang.String)":{
			"sig":"(Ljava/lang/String;Ljava/lang/String;)Ljava/util/Map;",
			"args":"(java.lang.String,java.lang.String)",
			"isStatic":false,
			"isProtected":false,
			"name":"match",
			"isPublic":true,
			"isPrivate":false,
			"isFinal":false,
			"type":"define",
			"isAbstract":false,
			"rtType":"java.util.Map"
		},
		"getPathParameterRegexGroupName(int)":{
			"sig":"(I)Ljava/lang/String;",
			"args":"(int)",
			"isStatic":false,
			"isProtected":false,
			"name":"getPathParameterRegexGroupName",
			"isPublic":false,
			"isPrivate":true,
			"isFinal":false,
			"type":"define",
			"isAbstract":false,
			"rtType":"java.lang.String"
		},
		"getRegex(java.lang.String)":{
			"sig":"(Ljava/lang/String;)Ljava/lang/String;",
			"args":"(java.lang.String)",
			"isStatic":false,
			"isProtected":false,
			"name":"getRegex",
			"isPublic":false,
			"isPrivate":true,
			"isFinal":false,
			"type":"define",
			"isAbstract":false,
			"rtType":"java.lang.String"
		},
		"getPathParameterValue(java.lang.String,java.lang.String,java.lang.Object)":{
			"sig":"(Ljava/lang/String;Ljava/lang/String;Ljava/lang/Object;)Ljava/lang/String;",
			"args":"(java.lang.String,java.lang.String,java.lang.Object)",
			"isStatic":false,
			"isProtected":true,
			"name":"getPathParameterValue",
			"isPublic":false,
			"isPrivate":false,
			"isFinal":false,
			"type":"define",
			"isAbstract":false,
			"rtType":"java.lang.String"
		},
		"<init>()":{
			"sig":"()V",
			"args":"()",
			"isStatic":false,
			"isProtected":false,
			"name":"<init>",
			"isPublic":true,
			"isPrivate":false,
			"isFinal":false,
			"type":"define",
			"isAbstract":false,
			"rtType":"void"
		},
		"addUriPattern(java.lang.String)":{
			"sig":"(Ljava/lang/String;)Lro/pippo/core/UriMatcher$UriPatternBinding;",
			"args":"(java.lang.String)",
			"isStatic":false,
			"isProtected":false,
			"name":"addUriPattern",
			"isPublic":true,
			"isPrivate":false,
			"isFinal":false,
			"type":"define",
			"isAbstract":false,
			"rtType":"ro.pippo.core.UriMatcher$UriPatternBinding"
		},
		"getParameters(ro.pippo.core.UriMatcher$UriPatternBinding,java.lang.String)":{
			"sig":"(Lro/pippo/core/UriMatcher$UriPatternBinding;Ljava/lang/String;)Ljava/util/Map;",
			"args":"(ro.pippo.core.UriMatcher$UriPatternBinding,java.lang.String)",
			"isStatic":false,
			"isProtected":false,
			"name":"getParameters",
			"isPublic":false,
			"isPrivate":true,
			"isFinal":false,
			"type":"define",
			"isAbstract":false,
			"rtType":"java.util.Map"
		},
		"removeUriPattern(java.lang.String)":{
			"sig":"(Ljava/lang/String;)Lro/pippo/core/UriMatcher$UriPatternBinding;",
			"args":"(java.lang.String)",
			"isStatic":false,
			"isProtected":false,
			"name":"removeUriPattern",
			"isPublic":true,
			"isPrivate":false,
			"isFinal":false,
			"type":"define",
			"isAbstract":false,
			"rtType":"ro.pippo.core.UriMatcher$UriPatternBinding"
		},
		"getParameterNames(java.lang.String)":{
			"sig":"(Ljava/lang/String;)Ljava/util/List;",
			"args":"(java.lang.String)",
			"isStatic":false,
			"isProtected":false,
			"name":"getParameterNames",
			"isPublic":false,
			"isPrivate":true,
			"isFinal":false,
			"type":"define",
			"isAbstract":false,
			"rtType":"java.util.List"
		},
		"<clinit>()":{
			"sig":"()V",
			"args":"()",
			"isStatic":true,
			"isProtected":false,
			"name":"<clinit>",
			"isPublic":false,
			"isPrivate":false,
			"isFinal":false,
			"type":"define",
			"isAbstract":false,
			"rtType":"void"
		},
		"uriFor(java.lang.String,java.util.Map)":{
			"sig":"(Ljava/lang/String;Ljava/util/Map;)Ljava/lang/String;",
			"args":"(java.lang.String,java.util.Map)",
			"isStatic":false,
			"isProtected":false,
			"name":"uriFor",
			"isPublic":true,
			"isPrivate":false,
			"isFinal":false,
			"type":"define",
			"isAbstract":false,
			"rtType":"java.lang.String"
		},
		"replacePosixClasses(java.lang.String)":{
			"sig":"(Ljava/lang/String;)Ljava/lang/String;",
			"args":"(java.lang.String)",
			"isStatic":false,
			"isProtected":false,
			"name":"replacePosixClasses",
			"isPublic":false,
			"isPrivate":true,
			"isFinal":false,
			"type":"define",
			"isAbstract":false,
			"rtType":"java.lang.String"
		}
	},
	"isPublic":true,
	"className":"ro.pippo.core.DefaultUriMatcher",
	"interNames":{
		"ro.pippo.core.UriMatcher":"true"
	},
	"isFinal":false,
	"isPrivate":false,
	"isAbstract":false,
	"isInterface":false,
	"superClassName":"java.lang.Object"
}