{
	"isProtected":false,
	"finishedSearch":false,
	"methods":{
		"match(java.lang.String,java.lang.String)":{
			"sig":"(Ljava/lang/String;Ljava/lang/String;)Ljava/util/Map;",
			"args":"(java.lang.String,java.lang.String)",
			"isStatic":false,
			"isProtected":false,
			"name":"match",
			"isPublic":true,
			"isPrivate":false,
			"isFinal":false,
			"type":"define",
			"isAbstract":true,
			"rtType":"java.util.Map"
		},
		"addUriPattern(java.lang.String)":{
			"sig":"(Ljava/lang/String;)Lro/pippo/core/UriMatcher$UriPatternBinding;",
			"args":"(java.lang.String)",
			"isStatic":false,
			"isProtected":false,
			"name":"addUriPattern",
			"isPublic":true,
			"isPrivate":false,
			"isFinal":false,
			"type":"define",
			"isAbstract":true,
			"rtType":"ro.pippo.core.UriMatcher$UriPatternBinding"
		},
		"removeUriPattern(java.lang.String)":{
			"sig":"(Ljava/lang/String;)Lro/pippo/core/UriMatcher$UriPatternBinding;",
			"args":"(java.lang.String)",
			"isStatic":false,
			"isProtected":false,
			"name":"removeUriPattern",
			"isPublic":true,
			"isPrivate":false,
			"isFinal":false,
			"type":"define",
			"isAbstract":true,
			"rtType":"ro.pippo.core.UriMatcher$UriPatternBinding"
		},
		"uriFor(java.lang.String,java.util.Map)":{
			"sig":"(Ljava/lang/String;Ljava/util/Map;)Ljava/lang/String;",
			"args":"(java.lang.String,java.util.Map)",
			"isStatic":false,
			"isProtected":false,
			"name":"uriFor",
			"isPublic":true,
			"isPrivate":false,
			"isFinal":false,
			"type":"define",
			"isAbstract":true,
			"rtType":"java.lang.String"
		}
	},
	"isPublic":true,
	"className":"ro.pippo.core.UriMatcher",
	"interNames":{},
	"isFinal":false,
	"isPrivate":false,
	"isAbstract":true,
	"isInterface":true,
	"superClassName":"java.lang.Object"
}