{
	"isProtected":false,
	"finishedSearch":false,
	"methods":{
		"close(java.io.Closeable)":{
			"sig":"(Ljava/io/Closeable;)Ljava/io/IOException;",
			"args":"(java.io.Closeable)",
			"isStatic":true,
			"isProtected":false,
			"name":"close",
			"isPublic":true,
			"isPrivate":false,
			"isFinal":false,
			"type":"define",
			"isAbstract":false,
			"rtType":"java.io.IOException"
		},
		"copy(java.io.InputStream,java.io.Writer)":{
			"sig":"(Ljava/io/InputStream;Ljava/io/Writer;)J",
			"args":"(java.io.InputStream,java.io.Writer)",
			"isStatic":true,
			"isProtected":false,
			"name":"copy",
			"isPublic":true,
			"isPrivate":false,
			"isFinal":false,
			"type":"define",
			"isAbstract":false,
			"rtType":"long"
		},
		"<init>()":{
			"sig":"()V",
			"args":"()",
			"isStatic":false,
			"isProtected":false,
			"name":"<init>",
			"isPublic":false,
			"isPrivate":true,
			"isFinal":false,
			"type":"define",
			"isAbstract":false,
			"rtType":"void"
		},
		"toString(java.io.InputStream)":{
			"sig":"(Ljava/io/InputStream;)Ljava/lang/String;",
			"args":"(java.io.InputStream)",
			"isStatic":true,
			"isProtected":false,
			"name":"toString",
			"isPublic":true,
			"isPrivate":false,
			"isFinal":false,
			"type":"define",
			"isAbstract":false,
			"rtType":"java.lang.String"
		},
		"copy(java.io.InputStream,java.io.File)":{
			"sig":"(Ljava/io/InputStream;Ljava/io/File;)J",
			"args":"(java.io.InputStream,java.io.File)",
			"isStatic":true,
			"isProtected":false,
			"name":"copy",
			"isPublic":true,
			"isPrivate":false,
			"isFinal":false,
			"type":"define",
			"isAbstract":false,
			"rtType":"long"
		},
		"getResourceAsString(java.lang.String)":{
			"sig":"(Ljava/lang/String;)Ljava/lang/String;",
			"args":"(java.lang.String)",
			"isStatic":true,
			"isProtected":false,
			"name":"getResourceAsString",
			"isPublic":true,
			"isPrivate":false,
			"isFinal":false,
			"type":"define",
			"isAbstract":false,
			"rtType":"java.lang.String"
		},
		"copy(java.io.Reader,java.io.Writer)":{
			"sig":"(Ljava/io/Reader;Ljava/io/Writer;)J",
			"args":"(java.io.Reader,java.io.Writer)",
			"isStatic":true,
			"isProtected":false,
			"name":"copy",
			"isPublic":true,
			"isPrivate":false,
			"isFinal":false,
			"type":"define",
			"isAbstract":false,
			"rtType":"long"
		},
		"getBytes(java.io.InputStream)":{
			"sig":"(Ljava/io/InputStream;)[B",
			"args":"(java.io.InputStream)",
			"isStatic":true,
			"isProtected":false,
			"name":"getBytes",
			"isPublic":true,
			"isPrivate":false,
			"isFinal":false,
			"type":"define",
			"isAbstract":false,
			"rtType":"byte[]"
		},
		"copy(java.io.InputStream,java.io.OutputStream)":{
			"sig":"(Ljava/io/InputStream;Ljava/io/OutputStream;)J",
			"args":"(java.io.InputStream,java.io.OutputStream)",
			"isStatic":true,
			"isProtected":false,
			"name":"copy",
			"isPublic":true,
			"isPrivate":false,
			"isFinal":false,
			"type":"define",
			"isAbstract":false,
			"rtType":"long"
		},
		"copy(java.lang.String,java.io.File)":{
			"sig":"(Ljava/lang/String;Ljava/io/File;)V",
			"args":"(java.lang.String,java.io.File)",
			"isStatic":true,
			"isProtected":false,
			"name":"copy",
			"isPublic":true,
			"isPrivate":false,
			"isFinal":false,
			"type":"define",
			"isAbstract":false,
			"rtType":"void"
		},
		"getResourceAsString(java.lang.Class,java.lang.String)":{
			"sig":"(Ljava/lang/Class;Ljava/lang/String;)Ljava/lang/String;",
			"args":"(java.lang.Class,java.lang.String)",
			"isStatic":true,
			"isProtected":false,
			"name":"getResourceAsString",
			"isPublic":true,
			"isPrivate":false,
			"isFinal":false,
			"type":"define",
			"isAbstract":false,
			"rtType":"java.lang.String"
		}
	},
	"isPublic":true,
	"className":"ro.pippo.core.util.IoUtils",
	"interNames":{},
	"isFinal":false,
	"isPrivate":false,
	"isAbstract":false,
	"isInterface":false,
	"superClassName":"java.lang.Object"
}