{
	"isProtected":false,
	"finishedSearch":false,
	"methods":{
		"notify(java.lang.Object)":{
			"sig":"(Ljava/lang/Object;)V",
			"args":"(java.lang.Object)",
			"isStatic":false,
			"isProtected":false,
			"name":"notify",
			"isPublic":true,
			"isPrivate":false,
			"isFinal":false,
			"type":"define",
			"isAbstract":false,
			"rtType":"void"
		},
		"<init>(ro.pippo.core.ResponseFinalizeListenerList,ro.pippo.core.Response)":{
			"sig":"(Lro/pippo/core/ResponseFinalizeListenerList;Lro/pippo/core/Response;)V",
			"args":"(ro.pippo.core.ResponseFinalizeListenerList,ro.pippo.core.Response)",
			"isStatic":false,
			"isProtected":false,
			"name":"<init>",
			"isPublic":false,
			"isPrivate":false,
			"isFinal":false,
			"type":"define",
			"isAbstract":false,
			"rtType":"void"
		},
		"notify(ro.pippo.core.ResponseFinalizeListener)":{
			"sig":"(Lro/pippo/core/ResponseFinalizeListener;)V",
			"args":"(ro.pippo.core.ResponseFinalizeListener)",
			"isStatic":false,
			"isProtected":false,
			"name":"notify",
			"isPublic":true,
			"isPrivate":false,
			"isFinal":false,
			"type":"define",
			"isAbstract":false,
			"rtType":"void"
		}
	},
	"isPublic":false,
	"className":"ro.pippo.core.ResponseFinalizeListenerList$1",
	"interNames":{
		"ro.pippo.core.util.ListenerList$Notifier":"true"
	},
	"isFinal":false,
	"isPrivate":false,
	"isAbstract":false,
	"isInterface":false,
	"superClassName":"java.lang.Object"
}