{
	"isProtected":false,
	"finishedSearch":false,
	"methods":{
		"<init>()":{
			"sig":"()V",
			"args":"()",
			"isStatic":false,
			"isProtected":false,
			"name":"<init>",
			"isPublic":false,
			"isPrivate":true,
			"isFinal":false,
			"type":"define",
			"isAbstract":false,
			"rtType":"void"
		},
		"getCookies(javax.servlet.http.HttpServletRequest)":{
			"sig":"(Ljavax/servlet/http/HttpServletRequest;)Ljava/util/List;",
			"args":"(javax.servlet.http.HttpServletRequest)",
			"isStatic":true,
			"isProtected":false,
			"name":"getCookies",
			"isPublic":true,
			"isPrivate":false,
			"isFinal":false,
			"type":"define",
			"isAbstract":false,
			"rtType":"java.util.List"
		},
		"getCookie(javax.servlet.http.HttpServletRequest,java.lang.String)":{
			"sig":"(Ljavax/servlet/http/HttpServletRequest;Ljava/lang/String;)Ljavax/servlet/http/Cookie;",
			"args":"(javax.servlet.http.HttpServletRequest,java.lang.String)",
			"isStatic":true,
			"isProtected":false,
			"name":"getCookie",
			"isPublic":true,
			"isPrivate":false,
			"isFinal":false,
			"type":"define",
			"isAbstract":false,
			"rtType":"javax.servlet.http.Cookie"
		}
	},
	"isPublic":true,
	"className":"ro.pippo.core.util.CookieUtils",
	"interNames":{},
	"isFinal":false,
	"isPrivate":false,
	"isAbstract":false,
	"isInterface":false,
	"superClassName":"java.lang.Object"
}