{
	"isProtected":false,
	"finishedSearch":false,
	"methods":{
		"getRouteHandler()":{
			"sig":"()Lro/pippo/core/route/RouteHandler;",
			"args":"()",
			"isStatic":false,
			"isProtected":false,
			"name":"getRouteHandler",
			"isPublic":true,
			"isPrivate":false,
			"isFinal":false,
			"type":"define",
			"isAbstract":false,
			"rtType":"ro.pippo.core.route.RouteHandler"
		},
		"GET(java.lang.String,ro.pippo.core.route.RouteHandler)":{
			"sig":"(Ljava/lang/String;Lro/pippo/core/route/RouteHandler;)Lro/pippo/core/route/Route;",
			"args":"(java.lang.String,ro.pippo.core.route.RouteHandler)",
			"isStatic":true,
			"isProtected":false,
			"name":"GET",
			"isPublic":true,
			"isPrivate":false,
			"isFinal":false,
			"type":"define",
			"isAbstract":false,
			"rtType":"ro.pippo.core.route.Route"
		},
		"PUT(java.lang.String,ro.pippo.core.route.RouteHandler)":{
			"sig":"(Ljava/lang/String;Lro/pippo/core/route/RouteHandler;)Lro/pippo/core/route/Route;",
			"args":"(java.lang.String,ro.pippo.core.route.RouteHandler)",
			"isStatic":true,
			"isProtected":false,
			"name":"PUT",
			"isPublic":true,
			"isPrivate":false,
			"isFinal":false,
			"type":"define",
			"isAbstract":false,
			"rtType":"ro.pippo.core.route.Route"
		},
		"<init>(ro.pippo.core.route.Route)":{
			"sig":"(Lro/pippo/core/route/Route;)V",
			"args":"(ro.pippo.core.route.Route)",
			"isStatic":false,
			"isProtected":false,
			"name":"<init>",
			"isPublic":true,
			"isPrivate":false,
			"isFinal":false,
			"type":"define",
			"isAbstract":false,
			"rtType":"void"
		},
		"getAttribute(java.lang.String)":{
			"sig":"(Ljava/lang/String;)Ljava/lang/Object;",
			"args":"(java.lang.String)",
			"isStatic":false,
			"isProtected":false,
			"name":"getAttribute",
			"isPublic":true,
			"isPrivate":false,
			"isFinal":false,
			"type":"define",
			"isAbstract":false,
			"rtType":"java.lang.Object"
		},
		"hashCode()":{
			"sig":"()I",
			"args":"()",
			"isStatic":false,
			"isProtected":false,
			"name":"hashCode",
			"isPublic":true,
			"isPrivate":false,
			"isFinal":false,
			"type":"define",
			"isAbstract":false,
			"rtType":"int"
		},
		"HEAD(java.lang.String,ro.pippo.core.route.RouteHandler)":{
			"sig":"(Ljava/lang/String;Lro/pippo/core/route/RouteHandler;)Lro/pippo/core/route/Route;",
			"args":"(java.lang.String,ro.pippo.core.route.RouteHandler)",
			"isStatic":true,
			"isProtected":false,
			"name":"HEAD",
			"isPublic":true,
			"isPrivate":false,
			"isFinal":false,
			"type":"define",
			"isAbstract":false,
			"rtType":"ro.pippo.core.route.Route"
		},
		"getRequestMethod()":{
			"sig":"()Ljava/lang/String;",
			"args":"()",
			"isStatic":false,
			"isProtected":false,
			"name":"getRequestMethod",
			"isPublic":true,
			"isPrivate":false,
			"isFinal":false,
			"type":"define",
			"isAbstract":false,
			"rtType":"java.lang.String"
		},
		"runAsFinally()":{
			"sig":"()V",
			"args":"()",
			"isStatic":false,
			"isProtected":false,
			"name":"runAsFinally",
			"isPublic":true,
			"isPrivate":false,
			"isFinal":false,
			"type":"define",
			"isAbstract":false,
			"rtType":"void"
		},
		"getName()":{
			"sig":"()Ljava/lang/String;",
			"args":"()",
			"isStatic":false,
			"isProtected":false,
			"name":"getName",
			"isPublic":true,
			"isPrivate":false,
			"isFinal":false,
			"type":"define",
			"isAbstract":false,
			"rtType":"java.lang.String"
		},
		"getAttributes()":{
			"sig":"()Ljava/util/Map;",
			"args":"()",
			"isStatic":false,
			"isProtected":false,
			"name":"getAttributes",
			"isPublic":true,
			"isPrivate":false,
			"isFinal":false,
			"type":"define",
			"isAbstract":false,
			"rtType":"java.util.Map"
		},
		"setRouteHandler(ro.pippo.core.route.RouteHandler)":{
			"sig":"(Lro/pippo/core/route/RouteHandler;)V",
			"args":"(ro.pippo.core.route.RouteHandler)",
			"isStatic":false,
			"isProtected":false,
			"name":"setRouteHandler",
			"isPublic":true,
			"isPrivate":false,
			"isFinal":false,
			"type":"define",
			"isAbstract":false,
			"rtType":"void"
		},
		"ANY(java.lang.String,ro.pippo.core.route.RouteHandler)":{
			"sig":"(Ljava/lang/String;Lro/pippo/core/route/RouteHandler;)Lro/pippo/core/route/Route;",
			"args":"(java.lang.String,ro.pippo.core.route.RouteHandler)",
			"isStatic":true,
			"isProtected":false,
			"name":"ANY",
			"isPublic":true,
			"isPrivate":false,
			"isFinal":false,
			"type":"define",
			"isAbstract":false,
			"rtType":"ro.pippo.core.route.Route"
		},
		"setAbsoluteUriPattern(java.lang.String)":{
			"sig":"(Ljava/lang/String;)V",
			"args":"(java.lang.String)",
			"isStatic":false,
			"isProtected":false,
			"name":"setAbsoluteUriPattern",
			"isPublic":true,
			"isPrivate":false,
			"isFinal":false,
			"type":"define",
			"isAbstract":false,
			"rtType":"void"
		},
		"bind(java.lang.String,java.lang.Object)":{
			"sig":"(Ljava/lang/String;Ljava/lang/Object;)Lro/pippo/core/route/Route;",
			"args":"(java.lang.String,java.lang.Object)",
			"isStatic":false,
			"isProtected":false,
			"name":"bind",
			"isPublic":true,
			"isPrivate":false,
			"isFinal":false,
			"type":"define",
			"isAbstract":false,
			"rtType":"ro.pippo.core.route.Route"
		},
		"OPTIONS(java.lang.String,ro.pippo.core.route.RouteHandler)":{
			"sig":"(Ljava/lang/String;Lro/pippo/core/route/RouteHandler;)Lro/pippo/core/route/Route;",
			"args":"(java.lang.String,ro.pippo.core.route.RouteHandler)",
			"isStatic":true,
			"isProtected":false,
			"name":"OPTIONS",
			"isPublic":true,
			"isPrivate":false,
			"isFinal":false,
			"type":"define",
			"isAbstract":false,
			"rtType":"ro.pippo.core.route.Route"
		},
		"named(java.lang.String)":{
			"sig":"(Ljava/lang/String;)Lro/pippo/core/route/Route;",
			"args":"(java.lang.String)",
			"isStatic":false,
			"isProtected":false,
			"name":"named",
			"isPublic":true,
			"isPrivate":false,
			"isFinal":false,
			"type":"define",
			"isAbstract":false,
			"rtType":"ro.pippo.core.route.Route"
		},
		"getUriPattern()":{
			"sig":"()Ljava/lang/String;",
			"args":"()",
			"isStatic":false,
			"isProtected":false,
			"name":"getUriPattern",
			"isPublic":true,
			"isPrivate":false,
			"isFinal":false,
			"type":"define",
			"isAbstract":false,
			"rtType":"java.lang.String"
		},
		"CONNECT(java.lang.String,ro.pippo.core.route.RouteHandler)":{
			"sig":"(Ljava/lang/String;Lro/pippo/core/route/RouteHandler;)Lro/pippo/core/route/Route;",
			"args":"(java.lang.String,ro.pippo.core.route.RouteHandler)",
			"isStatic":true,
			"isProtected":false,
			"name":"CONNECT",
			"isPublic":true,
			"isPrivate":false,
			"isFinal":false,
			"type":"define",
			"isAbstract":false,
			"rtType":"ro.pippo.core.route.Route"
		},
		"toString()":{
			"sig":"()Ljava/lang/String;",
			"args":"()",
			"isStatic":false,
			"isProtected":false,
			"name":"toString",
			"isPublic":true,
			"isPrivate":false,
			"isFinal":false,
			"type":"define",
			"isAbstract":false,
			"rtType":"java.lang.String"
		},
		"<init>(java.lang.String,java.lang.String,ro.pippo.core.route.RouteHandler)":{
			"sig":"(Ljava/lang/String;Ljava/lang/String;Lro/pippo/core/route/RouteHandler;)V",
			"args":"(java.lang.String,java.lang.String,ro.pippo.core.route.RouteHandler)",
			"isStatic":false,
			"isProtected":false,
			"name":"<init>",
			"isPublic":true,
			"isPrivate":false,
			"isFinal":false,
			"type":"define",
			"isAbstract":false,
			"rtType":"void"
		},
		"bindAll(java.util.Map)":{
			"sig":"(Ljava/util/Map;)Lro/pippo/core/route/Route;",
			"args":"(java.util.Map)",
			"isStatic":false,
			"isProtected":false,
			"name":"bindAll",
			"isPublic":true,
			"isPrivate":false,
			"isFinal":false,
			"type":"define",
			"isAbstract":false,
			"rtType":"ro.pippo.core.route.Route"
		},
		"ALL(java.lang.String,ro.pippo.core.route.RouteHandler)":{
			"sig":"(Ljava/lang/String;Lro/pippo/core/route/RouteHandler;)Lro/pippo/core/route/Route;",
			"args":"(java.lang.String,ro.pippo.core.route.RouteHandler)",
			"isStatic":true,
			"isProtected":false,
			"name":"ALL",
			"isPublic":true,
			"isPrivate":false,
			"isFinal":false,
			"type":"define",
			"isAbstract":false,
			"rtType":"ro.pippo.core.route.Route"
		},
		"isRunAsFinally()":{
			"sig":"()Z",
			"args":"()",
			"isStatic":false,
			"isProtected":false,
			"name":"isRunAsFinally",
			"isPublic":true,
			"isPrivate":false,
			"isFinal":false,
			"type":"define",
			"isAbstract":false,
			"rtType":"boolean"
		},
		"POST(java.lang.String,ro.pippo.core.route.RouteHandler)":{
			"sig":"(Ljava/lang/String;Lro/pippo/core/route/RouteHandler;)Lro/pippo/core/route/Route;",
			"args":"(java.lang.String,ro.pippo.core.route.RouteHandler)",
			"isStatic":true,
			"isProtected":false,
			"name":"POST",
			"isPublic":true,
			"isPrivate":false,
			"isFinal":false,
			"type":"define",
			"isAbstract":false,
			"rtType":"ro.pippo.core.route.Route"
		},
		"PATCH(java.lang.String,ro.pippo.core.route.RouteHandler)":{
			"sig":"(Ljava/lang/String;Lro/pippo/core/route/RouteHandler;)Lro/pippo/core/route/Route;",
			"args":"(java.lang.String,ro.pippo.core.route.RouteHandler)",
			"isStatic":true,
			"isProtected":false,
			"name":"PATCH",
			"isPublic":true,
			"isPrivate":false,
			"isFinal":false,
			"type":"define",
			"isAbstract":false,
			"rtType":"ro.pippo.core.route.Route"
		},
		"DELETE(java.lang.String,ro.pippo.core.route.RouteHandler)":{
			"sig":"(Ljava/lang/String;Lro/pippo/core/route/RouteHandler;)Lro/pippo/core/route/Route;",
			"args":"(java.lang.String,ro.pippo.core.route.RouteHandler)",
			"isStatic":true,
			"isProtected":false,
			"name":"DELETE",
			"isPublic":true,
			"isPrivate":false,
			"isFinal":false,
			"type":"define",
			"isAbstract":false,
			"rtType":"ro.pippo.core.route.Route"
		},
		"setName(java.lang.String)":{
			"sig":"(Ljava/lang/String;)V",
			"args":"(java.lang.String)",
			"isStatic":false,
			"isProtected":false,
			"name":"setName",
			"isPublic":true,
			"isPrivate":false,
			"isFinal":false,
			"type":"define",
			"isAbstract":false,
			"rtType":"void"
		},
		"equals(java.lang.Object)":{
			"sig":"(Ljava/lang/Object;)Z",
			"args":"(java.lang.Object)",
			"isStatic":false,
			"isProtected":false,
			"name":"equals",
			"isPublic":true,
			"isPrivate":false,
			"isFinal":false,
			"type":"define",
			"isAbstract":false,
			"rtType":"boolean"
		}
	},
	"isPublic":true,
	"className":"ro.pippo.core.route.Route",
	"interNames":{},
	"isFinal":false,
	"isPrivate":false,
	"isAbstract":false,
	"isInterface":false,
	"superClassName":"java.lang.Object"
}