{
	"isProtected":false,
	"finishedSearch":false,
	"methods":{
		"processRequest(ro.pippo.core.Request,ro.pippo.core.Response)":{
			"sig":"(Lro/pippo/core/Request;Lro/pippo/core/Response;)V",
			"args":"(ro.pippo.core.Request,ro.pippo.core.Response)",
			"isStatic":false,
			"isProtected":true,
			"name":"processRequest",
			"isPublic":false,
			"isPrivate":false,
			"isFinal":false,
			"type":"define",
			"isAbstract":false,
			"rtType":"void"
		},
		"getTokensFromHeader(ro.pippo.core.Request,java.lang.String)":{
			"sig":"(Lro/pippo/core/Request;Ljava/lang/String;)Ljava/util/List;",
			"args":"(ro.pippo.core.Request,java.lang.String)",
			"isStatic":false,
			"isProtected":true,
			"name":"getTokensFromHeader",
			"isPublic":false,
			"isPrivate":false,
			"isFinal":false,
			"type":"define",
			"isAbstract":false,
			"rtType":"java.util.List"
		},
		"selectSubProtocol(java.util.List)":{
			"sig":"(Ljava/util/List;)Ljava/lang/String;",
			"args":"(java.util.List)",
			"isStatic":false,
			"isProtected":true,
			"name":"selectSubProtocol",
			"isPublic":false,
			"isPrivate":false,
			"isFinal":false,
			"type":"define",
			"isAbstract":false,
			"rtType":"java.lang.String"
		},
		"<init>()":{
			"sig":"()V",
			"args":"()",
			"isStatic":false,
			"isProtected":false,
			"name":"<init>",
			"isPublic":true,
			"isPrivate":false,
			"isFinal":false,
			"type":"define",
			"isAbstract":false,
			"rtType":"void"
		},
		"verifyOrigin(java.lang.String)":{
			"sig":"(Ljava/lang/String;)Z",
			"args":"(java.lang.String)",
			"isStatic":false,
			"isProtected":true,
			"name":"verifyOrigin",
			"isPublic":false,
			"isPrivate":false,
			"isFinal":false,
			"type":"define",
			"isAbstract":false,
			"rtType":"boolean"
		},
		"findWebSocketRoute(java.lang.String)":{
			"sig":"(Ljava/lang/String;)Lro/pippo/core/websocket/WebSocketRouter$WebSocketMatch;",
			"args":"(java.lang.String)",
			"isStatic":false,
			"isProtected":true,
			"name":"findWebSocketRoute",
			"isPublic":false,
			"isPrivate":false,
			"isFinal":false,
			"type":"define",
			"isAbstract":false,
			"rtType":"ro.pippo.core.websocket.WebSocketRouter$WebSocketMatch"
		},
		"acceptWebSocket(ro.pippo.core.Request,ro.pippo.core.Response)":{
			"sig":"(Lro/pippo/core/Request;Lro/pippo/core/Response;)Z",
			"args":"(ro.pippo.core.Request,ro.pippo.core.Response)",
			"isStatic":false,
			"isProtected":true,
			"name":"acceptWebSocket",
			"isPublic":false,
			"isPrivate":false,
			"isFinal":false,
			"type":"define",
			"isAbstract":false,
			"rtType":"boolean"
		},
		"headerContainsToken(ro.pippo.core.Request,java.lang.String,java.lang.String)":{
			"sig":"(Lro/pippo/core/Request;Ljava/lang/String;Ljava/lang/String;)Z",
			"args":"(ro.pippo.core.Request,java.lang.String,java.lang.String)",
			"isStatic":false,
			"isProtected":false,
			"name":"headerContainsToken",
			"isPublic":false,
			"isPrivate":true,
			"isFinal":false,
			"type":"define",
			"isAbstract":false,
			"rtType":"boolean"
		}
	},
	"isPublic":true,
	"className":"ro.pippo.core.websocket.AbstractWebSocketFilter",
	"interNames":{},
	"isFinal":false,
	"isPrivate":false,
	"isAbstract":true,
	"isInterface":false,
	"superClassName":"ro.pippo.core.PippoFilter"
}