{
	"isProtected":false,
	"finishedSearch":false,
	"methods":{
		"getPattern()":{
			"sig":"()Ljava/util/regex/Pattern;",
			"args":"()",
			"isStatic":false,
			"isProtected":false,
			"name":"getPattern",
			"isPublic":true,
			"isPrivate":false,
			"isFinal":false,
			"type":"define",
			"isAbstract":false,
			"rtType":"java.util.regex.Pattern"
		},
		"getUriPattern()":{
			"sig":"()Ljava/lang/String;",
			"args":"()",
			"isStatic":false,
			"isProtected":false,
			"name":"getUriPattern",
			"isPublic":true,
			"isPrivate":false,
			"isFinal":false,
			"type":"define",
			"isAbstract":false,
			"rtType":"java.lang.String"
		},
		"toString()":{
			"sig":"()Ljava/lang/String;",
			"args":"()",
			"isStatic":false,
			"isProtected":false,
			"name":"toString",
			"isPublic":true,
			"isPrivate":false,
			"isFinal":false,
			"type":"define",
			"isAbstract":false,
			"rtType":"java.lang.String"
		},
		"<init>(java.lang.String,java.util.regex.Pattern,java.util.List)":{
			"sig":"(Ljava/lang/String;Ljava/util/regex/Pattern;Ljava/util/List;)V",
			"args":"(java.lang.String,java.util.regex.Pattern,java.util.List)",
			"isStatic":false,
			"isProtected":false,
			"name":"<init>",
			"isPublic":true,
			"isPrivate":false,
			"isFinal":false,
			"type":"define",
			"isAbstract":false,
			"rtType":"void"
		},
		"getParameterNames()":{
			"sig":"()Ljava/util/List;",
			"args":"()",
			"isStatic":false,
			"isProtected":false,
			"name":"getParameterNames",
			"isPublic":true,
			"isPrivate":false,
			"isFinal":false,
			"type":"define",
			"isAbstract":false,
			"rtType":"java.util.List"
		}
	},
	"isPublic":true,
	"className":"ro.pippo.core.UriMatcher$UriPatternBinding",
	"interNames":{},
	"isFinal":false,
	"isPrivate":false,
	"isAbstract":false,
	"isInterface":false,
	"superClassName":"java.lang.Object"
}