{
	"isProtected":false,
	"finishedSearch":false,
	"methods":{
		"<init>()":{
			"sig":"()V",
			"args":"()",
			"isStatic":false,
			"isProtected":false,
			"name":"<init>",
			"isPublic":true,
			"isPrivate":false,
			"isFinal":false,
			"type":"define",
			"isAbstract":false,
			"rtType":"void"
		},
		"<clinit>()":{
			"sig":"()V",
			"args":"()",
			"isStatic":true,
			"isProtected":false,
			"name":"<clinit>",
			"isPublic":false,
			"isPrivate":false,
			"isFinal":false,
			"type":"define",
			"isAbstract":false,
			"rtType":"void"
		},
		"handle(ro.pippo.core.route.RouteContext)":{
			"sig":"(Lro/pippo/core/route/RouteContext;)V",
			"args":"(ro.pippo.core.route.RouteContext)",
			"isStatic":false,
			"isProtected":false,
			"name":"handle",
			"isPublic":true,
			"isPrivate":false,
			"isFinal":false,
			"type":"define",
			"isAbstract":false,
			"rtType":"void"
		},
		"writeEnv(java.util.Map,java.io.BufferedWriter)":{
			"sig":"(Ljava/util/Map;Ljava/io/BufferedWriter;)V",
			"args":"(java.util.Map,java.io.BufferedWriter)",
			"isStatic":false,
			"isProtected":true,
			"name":"writeEnv",
			"isPublic":false,
			"isPrivate":false,
			"isFinal":false,
			"type":"define",
			"isAbstract":false,
			"rtType":"void"
		},
		"writeProperties(java.util.Map,java.io.BufferedWriter)":{
			"sig":"(Ljava/util/Map;Ljava/io/BufferedWriter;)V",
			"args":"(java.util.Map,java.io.BufferedWriter)",
			"isStatic":false,
			"isProtected":true,
			"name":"writeProperties",
			"isPublic":false,
			"isPrivate":false,
			"isFinal":false,
			"type":"define",
			"isAbstract":false,
			"rtType":"void"
		},
		"writeSystemProperties(java.util.Map,java.io.BufferedWriter)":{
			"sig":"(Ljava/util/Map;Ljava/io/BufferedWriter;)V",
			"args":"(java.util.Map,java.io.BufferedWriter)",
			"isStatic":false,
			"isProtected":true,
			"name":"writeSystemProperties",
			"isPublic":false,
			"isPrivate":false,
			"isFinal":false,
			"type":"define",
			"isAbstract":false,
			"rtType":"void"
		},
		"writeBanner(java.lang.String,java.io.BufferedWriter)":{
			"sig":"(Ljava/lang/String;Ljava/io/BufferedWriter;)V",
			"args":"(java.lang.String,java.io.BufferedWriter)",
			"isStatic":false,
			"isProtected":true,
			"name":"writeBanner",
			"isPublic":false,
			"isPrivate":false,
			"isFinal":false,
			"type":"define",
			"isAbstract":false,
			"rtType":"void"
		}
	},
	"isPublic":true,
	"className":"ro.pippo.core.route.SystemInfoHandler",
	"interNames":{
		"ro.pippo.core.route.RouteHandler":"true"
	},
	"isFinal":false,
	"isPrivate":false,
	"isAbstract":false,
	"isInterface":false,
	"superClassName":"java.lang.Object"
}