{
	"isProtected":false,
	"finishedSearch":false,
	"methods":{
		"run()":{
			"sig":"()V",
			"args":"()",
			"isStatic":false,
			"isProtected":false,
			"name":"run",
			"isPublic":true,
			"isPrivate":false,
			"isFinal":false,
			"type":"define",
			"isAbstract":false,
			"rtType":"void"
		},
		"access$302(ro.pippo.core.reload.ReloadWatcher,java.util.concurrent.ExecutorService)":{
			"sig":"(Lro/pippo/core/reload/ReloadWatcher;Ljava/util/concurrent/ExecutorService;)Ljava/util/concurrent/ExecutorService;",
			"args":"(ro.pippo.core.reload.ReloadWatcher,java.util.concurrent.ExecutorService)",
			"isStatic":true,
			"isProtected":false,
			"name":"access$302",
			"isPublic":false,
			"isPrivate":false,
			"isFinal":false,
			"type":"define",
			"isAbstract":false,
			"rtType":"java.util.concurrent.ExecutorService"
		},
		"setListener(ro.pippo.core.reload.ReloadWatcher$Listener)":{
			"sig":"(Lro/pippo/core/reload/ReloadWatcher$Listener;)V",
			"args":"(ro.pippo.core.reload.ReloadWatcher$Listener)",
			"isStatic":false,
			"isProtected":false,
			"name":"setListener",
			"isPublic":true,
			"isPrivate":false,
			"isFinal":false,
			"type":"define",
			"isAbstract":false,
			"rtType":"void"
		},
		"<init>(java.util.Set,ro.pippo.core.reload.ReloadWatcher$Listener,ro.pippo.core.reload.ReloadWatcher$1)":{
			"sig":"(Ljava/util/Set;Lro/pippo/core/reload/ReloadWatcher$Listener;Lro/pippo/core/reload/ReloadWatcher$1;)V",
			"args":"(java.util.Set,ro.pippo.core.reload.ReloadWatcher$Listener,ro.pippo.core.reload.ReloadWatcher$1)",
			"isStatic":false,
			"isProtected":false,
			"name":"<init>",
			"isPublic":false,
			"isPrivate":false,
			"isFinal":false,
			"type":"define",
			"isAbstract":false,
			"rtType":"void"
		},
		"stop()":{
			"sig":"()V",
			"args":"()",
			"isStatic":false,
			"isProtected":false,
			"name":"stop",
			"isPublic":true,
			"isPrivate":false,
			"isFinal":false,
			"type":"define",
			"isAbstract":false,
			"rtType":"void"
		},
		"<clinit>()":{
			"sig":"()V",
			"args":"()",
			"isStatic":true,
			"isProtected":false,
			"name":"<clinit>",
			"isPublic":false,
			"isPrivate":false,
			"isFinal":false,
			"type":"define",
			"isAbstract":false,
			"rtType":"void"
		},
		"start()":{
			"sig":"()V",
			"args":"()",
			"isStatic":false,
			"isProtected":false,
			"name":"start",
			"isPublic":true,
			"isPrivate":false,
			"isFinal":false,
			"type":"define",
			"isAbstract":false,
			"rtType":"void"
		},
		"access$000(ro.pippo.core.reload.ReloadWatcher)":{
			"sig":"(Lro/pippo/core/reload/ReloadWatcher;)Ljava/nio/file/WatchService;",
			"args":"(ro.pippo.core.reload.ReloadWatcher)",
			"isStatic":true,
			"isProtected":false,
			"name":"access$000",
			"isPublic":false,
			"isPrivate":false,
			"isFinal":false,
			"type":"define",
			"isAbstract":false,
			"rtType":"java.nio.file.WatchService"
		},
		"access$100(ro.pippo.core.reload.ReloadWatcher)":{
			"sig":"(Lro/pippo/core/reload/ReloadWatcher;)Ljava/util/Map;",
			"args":"(ro.pippo.core.reload.ReloadWatcher)",
			"isStatic":true,
			"isProtected":false,
			"name":"access$100",
			"isPublic":false,
			"isPrivate":false,
			"isFinal":false,
			"type":"define",
			"isAbstract":false,
			"rtType":"java.util.Map"
		},
		"<init>(java.util.Set,ro.pippo.core.reload.ReloadWatcher$Listener)":{
			"sig":"(Ljava/util/Set;Lro/pippo/core/reload/ReloadWatcher$Listener;)V",
			"args":"(java.util.Set,ro.pippo.core.reload.ReloadWatcher$Listener)",
			"isStatic":false,
			"isProtected":false,
			"name":"<init>",
			"isPublic":false,
			"isPrivate":true,
			"isFinal":false,
			"type":"define",
			"isAbstract":false,
			"rtType":"void"
		},
		"registerDirectory(java.nio.file.Path)":{
			"sig":"(Ljava/nio/file/Path;)V",
			"args":"(java.nio.file.Path)",
			"isStatic":false,
			"isProtected":false,
			"name":"registerDirectory",
			"isPublic":false,
			"isPrivate":true,
			"isFinal":false,
			"type":"define",
			"isAbstract":false,
			"rtType":"void"
		}
	},
	"isPublic":true,
	"className":"ro.pippo.core.reload.ReloadWatcher",
	"interNames":{
		"java.lang.Runnable":"true"
	},
	"isFinal":false,
	"isPrivate":false,
	"isAbstract":false,
	"isInterface":false,
	"superClassName":"java.lang.Object"
}