{
	"isProtected":false,
	"finishedSearch":false,
	"methods":{
		"getPippoFilter()":{
			"sig":"()Lro/pippo/core/PippoFilter;",
			"args":"()",
			"isStatic":false,
			"isProtected":false,
			"name":"getPippoFilter",
			"isPublic":true,
			"isPrivate":false,
			"isFinal":false,
			"type":"define",
			"isAbstract":false,
			"rtType":"ro.pippo.core.PippoFilter"
		},
		"getPippoFilterPath()":{
			"sig":"()Ljava/lang/String;",
			"args":"()",
			"isStatic":false,
			"isProtected":false,
			"name":"getPippoFilterPath",
			"isPublic":true,
			"isPrivate":false,
			"isFinal":false,
			"type":"define",
			"isAbstract":false,
			"rtType":"java.lang.String"
		},
		"<init>()":{
			"sig":"()V",
			"args":"()",
			"isStatic":false,
			"isProtected":false,
			"name":"<init>",
			"isPublic":true,
			"isPrivate":false,
			"isFinal":false,
			"type":"define",
			"isAbstract":false,
			"rtType":"void"
		},
		"setPippoFilter(ro.pippo.core.PippoFilter)":{
			"sig":"(Lro/pippo/core/PippoFilter;)Lro/pippo/core/WebServer;",
			"args":"(ro.pippo.core.PippoFilter)",
			"isStatic":false,
			"isProtected":false,
			"name":"setPippoFilter",
			"isPublic":true,
			"isPrivate":false,
			"isFinal":false,
			"type":"define",
			"isAbstract":false,
			"rtType":"ro.pippo.core.WebServer"
		},
		"setPippoFilterPath(java.lang.String)":{
			"sig":"(Ljava/lang/String;)Lro/pippo/core/WebServer;",
			"args":"(java.lang.String)",
			"isStatic":false,
			"isProtected":false,
			"name":"setPippoFilterPath",
			"isPublic":true,
			"isPrivate":false,
			"isFinal":false,
			"type":"define",
			"isAbstract":false,
			"rtType":"ro.pippo.core.WebServer"
		},
		"addListener(java.lang.Class)":{
			"sig":"(Ljava/lang/Class;)Lro/pippo/core/WebServer;",
			"args":"(java.lang.Class)",
			"isStatic":false,
			"isProtected":false,
			"name":"addListener",
			"isPublic":true,
			"isPrivate":false,
			"isFinal":false,
			"type":"define",
			"isAbstract":false,
			"rtType":"ro.pippo.core.WebServer"
		},
		"createPippoFilter()":{
			"sig":"()Lro/pippo/core/PippoFilter;",
			"args":"()",
			"isStatic":false,
			"isProtected":true,
			"name":"createPippoFilter",
			"isPublic":false,
			"isPrivate":false,
			"isFinal":false,
			"type":"define",
			"isAbstract":false,
			"rtType":"ro.pippo.core.PippoFilter"
		},
		"createDefaultSettings()":{
			"sig":"()Lro/pippo/core/WebServerSettings;",
			"args":"()",
			"isStatic":false,
			"isProtected":true,
			"name":"createDefaultSettings",
			"isPublic":false,
			"isPrivate":false,
			"isFinal":false,
			"type":"define",
			"isAbstract":true,
			"rtType":"ro.pippo.core.WebServerSettings"
		},
		"getApplication()":{
			"sig":"()Lro/pippo/core/Application;",
			"args":"()",
			"isStatic":false,
			"isProtected":false,
			"name":"getApplication",
			"isPublic":true,
			"isPrivate":false,
			"isFinal":false,
			"type":"define",
			"isAbstract":false,
			"rtType":"ro.pippo.core.Application"
		},
		"getSettings()":{
			"sig":"()Lro/pippo/core/WebServerSettings;",
			"args":"()",
			"isStatic":false,
			"isProtected":false,
			"name":"getSettings",
			"isPublic":true,
			"isPrivate":false,
			"isFinal":false,
			"type":"define",
			"isAbstract":false,
			"rtType":"ro.pippo.core.WebServerSettings"
		},
		"init(ro.pippo.core.Application)":{
			"sig":"(Lro/pippo/core/Application;)Lro/pippo/core/WebServer;",
			"args":"(ro.pippo.core.Application)",
			"isStatic":false,
			"isProtected":false,
			"name":"init",
			"isPublic":true,
			"isPrivate":false,
			"isFinal":false,
			"type":"define",
			"isAbstract":false,
			"rtType":"ro.pippo.core.WebServer"
		}
	},
	"isPublic":true,
	"className":"ro.pippo.core.AbstractWebServer",
	"interNames":{
		"ro.pippo.core.WebServer":"true"
	},
	"isFinal":false,
	"isPrivate":false,
	"isAbstract":true,
	"isInterface":false,
	"superClassName":"java.lang.Object"
}