{
	"isProtected":false,
	"finishedSearch":false,
	"methods":{
		"getRequest()":{
			"sig":"()Lro/pippo/core/Request;",
			"args":"()",
			"isStatic":false,
			"isProtected":false,
			"name":"getRequest",
			"isPublic":true,
			"isPrivate":false,
			"isFinal":false,
			"type":"define",
			"isAbstract":false,
			"rtType":"ro.pippo.core.Request"
		},
		"getResponse()":{
			"sig":"()Lro/pippo/core/Response;",
			"args":"()",
			"isStatic":false,
			"isProtected":false,
			"name":"getResponse",
			"isPublic":true,
			"isPrivate":false,
			"isFinal":false,
			"type":"define",
			"isAbstract":false,
			"rtType":"ro.pippo.core.Response"
		},
		"<init>(ro.pippo.core.Request,ro.pippo.core.Response)":{
			"sig":"(Lro/pippo/core/Request;Lro/pippo/core/Response;)V",
			"args":"(ro.pippo.core.Request,ro.pippo.core.Response)",
			"isStatic":false,
			"isProtected":false,
			"name":"<init>",
			"isPublic":true,
			"isPrivate":false,
			"isFinal":false,
			"type":"define",
			"isAbstract":false,
			"rtType":"void"
		}
	},
	"isPublic":true,
	"className":"ro.pippo.core.RequestResponse",
	"interNames":{},
	"isFinal":false,
	"isPrivate":false,
	"isAbstract":false,
	"isInterface":false,
	"superClassName":"java.lang.Object"
}