{
	"isProtected":false,
	"finishedSearch":false,
	"methods":{
		"getUriPattern()":{
			"sig":"()Ljava/lang/String;",
			"args":"()",
			"isStatic":false,
			"isProtected":false,
			"name":"getUriPattern",
			"isPublic":true,
			"isPrivate":false,
			"isFinal":false,
			"type":"define",
			"isAbstract":false,
			"rtType":"java.lang.String"
		},
		"getHandler()":{
			"sig":"()Lro/pippo/core/websocket/WebSocketHandler;",
			"args":"()",
			"isStatic":false,
			"isProtected":false,
			"name":"getHandler",
			"isPublic":true,
			"isPrivate":false,
			"isFinal":false,
			"type":"define",
			"isAbstract":false,
			"rtType":"ro.pippo.core.websocket.WebSocketHandler"
		},
		"getPathParameters()":{
			"sig":"()Ljava/util/Map;",
			"args":"()",
			"isStatic":false,
			"isProtected":false,
			"name":"getPathParameters",
			"isPublic":true,
			"isPrivate":false,
			"isFinal":false,
			"type":"define",
			"isAbstract":false,
			"rtType":"java.util.Map"
		},
		"<init>(java.lang.String,ro.pippo.core.websocket.WebSocketHandler,java.util.Map)":{
			"sig":"(Ljava/lang/String;Lro/pippo/core/websocket/WebSocketHandler;Ljava/util/Map;)V",
			"args":"(java.lang.String,ro.pippo.core.websocket.WebSocketHandler,java.util.Map)",
			"isStatic":false,
			"isProtected":false,
			"name":"<init>",
			"isPublic":true,
			"isPrivate":false,
			"isFinal":false,
			"type":"define",
			"isAbstract":false,
			"rtType":"void"
		}
	},
	"isPublic":true,
	"className":"ro.pippo.core.websocket.WebSocketRouter$WebSocketMatch",
	"interNames":{},
	"isFinal":false,
	"isPrivate":false,
	"isAbstract":false,
	"isInterface":false,
	"superClassName":"java.lang.Object"
}