{
	"isProtected":false,
	"finishedSearch":false,
	"methods":{
		"<clinit>()":{
			"sig":"()V",
			"args":"()",
			"isStatic":true,
			"isProtected":false,
			"name":"<clinit>",
			"isPublic":false,
			"isPrivate":false,
			"isFinal":false,
			"type":"define",
			"isAbstract":false,
			"rtType":"void"
		},
		"<init>(java.lang.String,java.io.File)":{
			"sig":"(Ljava/lang/String;Ljava/io/File;)V",
			"args":"(java.lang.String,java.io.File)",
			"isStatic":false,
			"isProtected":false,
			"name":"<init>",
			"isPublic":true,
			"isPrivate":false,
			"isFinal":false,
			"type":"define",
			"isAbstract":false,
			"rtType":"void"
		},
		"<init>(java.lang.String,java.lang.String)":{
			"sig":"(Ljava/lang/String;Ljava/lang/String;)V",
			"args":"(java.lang.String,java.lang.String)",
			"isStatic":false,
			"isProtected":false,
			"name":"<init>",
			"isPublic":true,
			"isPrivate":false,
			"isFinal":false,
			"type":"define",
			"isAbstract":false,
			"rtType":"void"
		},
		"getResourceUrl(java.lang.String)":{
			"sig":"(Ljava/lang/String;)Ljava/net/URL;",
			"args":"(java.lang.String)",
			"isStatic":false,
			"isProtected":false,
			"name":"getResourceUrl",
			"isPublic":true,
			"isPrivate":false,
			"isFinal":false,
			"type":"define",
			"isAbstract":false,
			"rtType":"java.net.URL"
		}
	},
	"isPublic":true,
	"className":"ro.pippo.core.route.FileResourceHandler",
	"interNames":{},
	"isFinal":false,
	"isPrivate":false,
	"isAbstract":false,
	"isInterface":false,
	"superClassName":"ro.pippo.core.route.UrlResourceHandler"
}