{
	"isProtected":false,
	"finishedSearch":false,
	"methods":{
		"setExceptionHandler(java.lang.Class,ro.pippo.core.ExceptionHandler)":{
			"sig":"(Ljava/lang/Class;Lro/pippo/core/ExceptionHandler;)V",
			"args":"(java.lang.Class,ro.pippo.core.ExceptionHandler)",
			"isStatic":false,
			"isProtected":false,
			"name":"setExceptionHandler",
			"isPublic":true,
			"isPrivate":false,
			"isFinal":false,
			"type":"define",
			"isAbstract":true,
			"rtType":"void"
		},
		"getExceptionHandler(java.lang.Exception)":{
			"sig":"(Ljava/lang/Exception;)Lro/pippo/core/ExceptionHandler;",
			"args":"(java.lang.Exception)",
			"isStatic":false,
			"isProtected":false,
			"name":"getExceptionHandler",
			"isPublic":true,
			"isPrivate":false,
			"isFinal":false,
			"type":"define",
			"isAbstract":true,
			"rtType":"ro.pippo.core.ExceptionHandler"
		},
		"handle(int,ro.pippo.core.route.RouteContext)":{
			"sig":"(ILro/pippo/core/route/RouteContext;)V",
			"args":"(int,ro.pippo.core.route.RouteContext)",
			"isStatic":false,
			"isProtected":false,
			"name":"handle",
			"isPublic":true,
			"isPrivate":false,
			"isFinal":false,
			"type":"define",
			"isAbstract":true,
			"rtType":"void"
		}
	},
	"isPublic":true,
	"className":"ro.pippo.core.ErrorHandler",
	"interNames":{
		"ro.pippo.core.ExceptionHandler":"true"
	},
	"isFinal":false,
	"isPrivate":false,
	"isAbstract":true,
	"isInterface":true,
	"superClassName":"java.lang.Object"
}