{
	"isProtected":false,
	"finishedSearch":false,
	"methods":{
		"createReloadWatcher()":{
			"sig":"()Lro/pippo/core/reload/ReloadWatcher;",
			"args":"()",
			"isStatic":false,
			"isProtected":true,
			"name":"createReloadWatcher",
			"isPublic":false,
			"isPrivate":false,
			"isFinal":false,
			"type":"define",
			"isAbstract":false,
			"rtType":"ro.pippo.core.reload.ReloadWatcher"
		},
		"addRoute(ro.pippo.core.route.Route)":{
			"sig":"(Lro/pippo/core/route/Route;)V",
			"args":"(ro.pippo.core.route.Route)",
			"isStatic":false,
			"isProtected":false,
			"name":"addRoute",
			"isPublic":true,
			"isPrivate":false,
			"isFinal":false,
			"type":"define",
			"isAbstract":false,
			"rtType":"void"
		},
		"<clinit>()":{
			"sig":"()V",
			"args":"()",
			"isStatic":true,
			"isProtected":false,
			"name":"<clinit>",
			"isPublic":false,
			"isPrivate":false,
			"isFinal":false,
			"type":"define",
			"isAbstract":false,
			"rtType":"void"
		},
		"start()":{
			"sig":"()V",
			"args":"()",
			"isStatic":false,
			"isProtected":false,
			"name":"start",
			"isPublic":true,
			"isPrivate":false,
			"isFinal":false,
			"type":"define",
			"isAbstract":false,
			"rtType":"void"
		},
		"stopReloadWatcher()":{
			"sig":"()V",
			"args":"()",
			"isStatic":false,
			"isProtected":true,
			"name":"stopReloadWatcher",
			"isPublic":false,
			"isPrivate":false,
			"isFinal":false,
			"type":"define",
			"isAbstract":false,
			"rtType":"void"
		},
		"setFilterPath(java.lang.String)":{
			"sig":"(Ljava/lang/String;)Lro/pippo/core/Pippo;",
			"args":"(java.lang.String)",
			"isStatic":false,
			"isProtected":false,
			"name":"setFilterPath",
			"isPublic":true,
			"isPrivate":false,
			"isFinal":false,
			"type":"define",
			"isAbstract":false,
			"rtType":"ro.pippo.core.Pippo"
		},
		"getApplication()":{
			"sig":"()Lro/pippo/core/Application;",
			"args":"()",
			"isStatic":false,
			"isProtected":false,
			"name":"getApplication",
			"isPublic":true,
			"isPrivate":false,
			"isFinal":false,
			"type":"define",
			"isAbstract":false,
			"rtType":"ro.pippo.core.Application"
		},
		"addRouteGroup(ro.pippo.core.route.RouteGroup)":{
			"sig":"(Lro/pippo/core/route/RouteGroup;)V",
			"args":"(ro.pippo.core.route.RouteGroup)",
			"isStatic":false,
			"isProtected":false,
			"name":"addRouteGroup",
			"isPublic":true,
			"isPrivate":false,
			"isFinal":false,
			"type":"define",
			"isAbstract":false,
			"rtType":"void"
		},
		"onEvent(ro.pippo.core.reload.ReloadWatcher$Event,java.nio.file.Path,java.nio.file.Path)":{
			"sig":"(Lro/pippo/core/reload/ReloadWatcher$Event;Ljava/nio/file/Path;Ljava/nio/file/Path;)V",
			"args":"(ro.pippo.core.reload.ReloadWatcher$Event,java.nio.file.Path,java.nio.file.Path)",
			"isStatic":false,
			"isProtected":false,
			"name":"onEvent",
			"isPublic":true,
			"isPrivate":false,
			"isFinal":false,
			"type":"define",
			"isAbstract":false,
			"rtType":"void"
		},
		"start(int)":{
			"sig":"(I)V",
			"args":"(int)",
			"isStatic":false,
			"isProtected":false,
			"name":"start",
			"isPublic":true,
			"isPrivate":false,
			"isFinal":false,
			"type":"define",
			"isAbstract":false,
			"rtType":"void"
		},
		"createApplication()":{
			"sig":"()Lro/pippo/core/Application;",
			"args":"()",
			"isStatic":false,
			"isProtected":false,
			"name":"createApplication",
			"isPublic":false,
			"isPrivate":true,
			"isFinal":false,
			"type":"define",
			"isAbstract":false,
			"rtType":"ro.pippo.core.Application"
		},
		"<init>(ro.pippo.core.Application)":{
			"sig":"(Lro/pippo/core/Application;)V",
			"args":"(ro.pippo.core.Application)",
			"isStatic":false,
			"isProtected":false,
			"name":"<init>",
			"isPublic":true,
			"isPrivate":false,
			"isFinal":false,
			"type":"define",
			"isAbstract":false,
			"rtType":"void"
		},
		"send(java.lang.String)":{
			"sig":"(Ljava/lang/String;)Lro/pippo/core/Pippo;",
			"args":"(java.lang.String)",
			"isStatic":true,
			"isProtected":false,
			"name":"send",
			"isPublic":true,
			"isPrivate":false,
			"isFinal":false,
			"type":"define",
			"isAbstract":false,
			"rtType":"ro.pippo.core.Pippo"
		},
		"<init>()":{
			"sig":"()V",
			"args":"()",
			"isStatic":false,
			"isProtected":false,
			"name":"<init>",
			"isPublic":true,
			"isPrivate":false,
			"isFinal":false,
			"type":"define",
			"isAbstract":false,
			"rtType":"void"
		},
		"getServer()":{
			"sig":"()Lro/pippo/core/WebServer;",
			"args":"()",
			"isStatic":false,
			"isProtected":false,
			"name":"getServer",
			"isPublic":true,
			"isPrivate":false,
			"isFinal":false,
			"type":"define",
			"isAbstract":false,
			"rtType":"ro.pippo.core.WebServer"
		},
		"stop()":{
			"sig":"()V",
			"args":"()",
			"isStatic":false,
			"isProtected":false,
			"name":"stop",
			"isPublic":true,
			"isPrivate":false,
			"isFinal":false,
			"type":"define",
			"isAbstract":false,
			"rtType":"void"
		},
		"initReloading()":{
			"sig":"()V",
			"args":"()",
			"isStatic":false,
			"isProtected":false,
			"name":"initReloading",
			"isPublic":false,
			"isPrivate":true,
			"isFinal":false,
			"type":"define",
			"isAbstract":false,
			"rtType":"void"
		},
		"startReloadWatcher()":{
			"sig":"()V",
			"args":"()",
			"isStatic":false,
			"isProtected":true,
			"name":"startReloadWatcher",
			"isPublic":false,
			"isPrivate":false,
			"isFinal":false,
			"type":"define",
			"isAbstract":false,
			"rtType":"void"
		},
		"lambda$send$0(java.lang.String,ro.pippo.core.route.RouteContext)":{
			"sig":"(Ljava/lang/String;Lro/pippo/core/route/RouteContext;)V",
			"args":"(java.lang.String,ro.pippo.core.route.RouteContext)",
			"isStatic":true,
			"isProtected":false,
			"name":"lambda$send$0",
			"isPublic":false,
			"isPrivate":true,
			"isFinal":false,
			"type":"define",
			"isAbstract":false,
			"rtType":"void"
		},
		"setServer(ro.pippo.core.WebServer)":{
			"sig":"(Lro/pippo/core/WebServer;)Lro/pippo/core/Pippo;",
			"args":"(ro.pippo.core.WebServer)",
			"isStatic":false,
			"isProtected":false,
			"name":"setServer",
			"isPublic":true,
			"isPrivate":false,
			"isFinal":false,
			"type":"define",
			"isAbstract":false,
			"rtType":"ro.pippo.core.Pippo"
		},
		"addShutdownHook()":{
			"sig":"()V",
			"args":"()",
			"isStatic":false,
			"isProtected":false,
			"name":"addShutdownHook",
			"isPublic":false,
			"isPrivate":true,
			"isFinal":false,
			"type":"define",
			"isAbstract":false,
			"rtType":"void"
		}
	},
	"isPublic":true,
	"className":"ro.pippo.core.Pippo",
	"interNames":{
		"ro.pippo.core.route.ResourceRouting":"true",
		"ro.pippo.core.reload.ReloadWatcher$Listener":"true"
	},
	"isFinal":false,
	"isPrivate":false,
	"isAbstract":false,
	"isInterface":false,
	"superClassName":"java.lang.Object"
}