{
	"isProtected":false,
	"finishedSearch":false,
	"methods":{
		"setExceptionHandler(java.lang.Class,ro.pippo.core.ExceptionHandler)":{
			"sig":"(Ljava/lang/Class;Lro/pippo/core/ExceptionHandler;)V",
			"args":"(java.lang.Class,ro.pippo.core.ExceptionHandler)",
			"isStatic":false,
			"isProtected":false,
			"name":"setExceptionHandler",
			"isPublic":true,
			"isPrivate":false,
			"isFinal":false,
			"type":"define",
			"isAbstract":false,
			"rtType":"void"
		},
		"getExceptionHandler(java.lang.Exception)":{
			"sig":"(Ljava/lang/Exception;)Lro/pippo/core/ExceptionHandler;",
			"args":"(java.lang.Exception)",
			"isStatic":false,
			"isProtected":false,
			"name":"getExceptionHandler",
			"isPublic":true,
			"isPrivate":false,
			"isFinal":false,
			"type":"define",
			"isAbstract":false,
			"rtType":"ro.pippo.core.ExceptionHandler"
		},
		"<init>(ro.pippo.core.Application)":{
			"sig":"(Lro/pippo/core/Application;)V",
			"args":"(ro.pippo.core.Application)",
			"isStatic":false,
			"isProtected":false,
			"name":"<init>",
			"isPublic":true,
			"isPrivate":false,
			"isFinal":false,
			"type":"define",
			"isAbstract":false,
			"rtType":"void"
		},
		"prepareError(int,ro.pippo.core.route.RouteContext)":{
			"sig":"(ILro/pippo/core/route/RouteContext;)Lro/pippo/core/Error;",
			"args":"(int,ro.pippo.core.route.RouteContext)",
			"isStatic":false,
			"isProtected":true,
			"name":"prepareError",
			"isPublic":false,
			"isPrivate":false,
			"isFinal":false,
			"type":"define",
			"isAbstract":false,
			"rtType":"ro.pippo.core.Error"
		},
		"checkForRecursion(ro.pippo.core.route.RouteContext)":{
			"sig":"(Lro/pippo/core/route/RouteContext;)V",
			"args":"(ro.pippo.core.route.RouteContext)",
			"isStatic":false,
			"isProtected":false,
			"name":"checkForRecursion",
			"isPublic":false,
			"isPrivate":true,
			"isFinal":false,
			"type":"define",
			"isAbstract":false,
			"rtType":"void"
		},
		"prepareTemplateBindings(int,ro.pippo.core.route.RouteContext)":{
			"sig":"(ILro/pippo/core/route/RouteContext;)Ljava/util/Map;",
			"args":"(int,ro.pippo.core.route.RouteContext)",
			"isStatic":false,
			"isProtected":true,
			"name":"prepareTemplateBindings",
			"isPublic":false,
			"isPrivate":false,
			"isFinal":false,
			"type":"define",
			"isAbstract":false,
			"rtType":"java.util.Map"
		},
		"<clinit>()":{
			"sig":"()V",
			"args":"()",
			"isStatic":true,
			"isProtected":false,
			"name":"<clinit>",
			"isPublic":false,
			"isPrivate":false,
			"isFinal":false,
			"type":"define",
			"isAbstract":false,
			"rtType":"void"
		},
		"handle(int,ro.pippo.core.route.RouteContext)":{
			"sig":"(ILro/pippo/core/route/RouteContext;)V",
			"args":"(int,ro.pippo.core.route.RouteContext)",
			"isStatic":false,
			"isProtected":false,
			"name":"handle",
			"isPublic":true,
			"isPrivate":false,
			"isFinal":false,
			"type":"define",
			"isAbstract":false,
			"rtType":"void"
		},
		"renderDirectly(int,ro.pippo.core.route.RouteContext)":{
			"sig":"(ILro/pippo/core/route/RouteContext;)V",
			"args":"(int,ro.pippo.core.route.RouteContext)",
			"isStatic":false,
			"isProtected":true,
			"name":"renderDirectly",
			"isPublic":false,
			"isPrivate":false,
			"isFinal":false,
			"type":"define",
			"isAbstract":false,
			"rtType":"void"
		},
		"renderHtml(int,ro.pippo.core.route.RouteContext)":{
			"sig":"(ILro/pippo/core/route/RouteContext;)V",
			"args":"(int,ro.pippo.core.route.RouteContext)",
			"isStatic":false,
			"isProtected":true,
			"name":"renderHtml",
			"isPublic":false,
			"isPrivate":false,
			"isFinal":false,
			"type":"define",
			"isAbstract":false,
			"rtType":"void"
		},
		"handle(java.lang.Exception,ro.pippo.core.route.RouteContext)":{
			"sig":"(Ljava/lang/Exception;Lro/pippo/core/route/RouteContext;)V",
			"args":"(java.lang.Exception,ro.pippo.core.route.RouteContext)",
			"isStatic":false,
			"isProtected":false,
			"name":"handle",
			"isPublic":true,
			"isPrivate":false,
			"isFinal":false,
			"type":"define",
			"isAbstract":false,
			"rtType":"void"
		},
		"getTemplateForStatusCode(int)":{
			"sig":"(I)Ljava/lang/String;",
			"args":"(int)",
			"isStatic":false,
			"isProtected":true,
			"name":"getTemplateForStatusCode",
			"isPublic":false,
			"isPrivate":false,
			"isFinal":false,
			"type":"define",
			"isAbstract":false,
			"rtType":"java.lang.String"
		}
	},
	"isPublic":true,
	"className":"ro.pippo.core.DefaultErrorHandler",
	"interNames":{
		"ro.pippo.core.ErrorHandler":"true"
	},
	"isFinal":false,
	"isPrivate":false,
	"isAbstract":false,
	"isInterface":false,
	"superClassName":"java.lang.Object"
}