{
	"isProtected":false,
	"finishedSearch":false,
	"methods":{
		"init(ro.pippo.core.Application)":{
			"sig":"(Lro/pippo/core/Application;)V",
			"args":"(ro.pippo.core.Application)",
			"isStatic":false,
			"isProtected":false,
			"name":"init",
			"isPublic":true,
			"isPrivate":false,
			"isFinal":false,
			"type":"define",
			"isAbstract":true,
			"rtType":"void"
		},
		"destroy(ro.pippo.core.Application)":{
			"sig":"(Lro/pippo/core/Application;)V",
			"args":"(ro.pippo.core.Application)",
			"isStatic":false,
			"isProtected":false,
			"name":"destroy",
			"isPublic":true,
			"isPrivate":false,
			"isFinal":false,
			"type":"define",
			"isAbstract":true,
			"rtType":"void"
		}
	},
	"isPublic":true,
	"className":"ro.pippo.core.Initializer",
	"interNames":{},
	"isFinal":false,
	"isPrivate":false,
	"isAbstract":true,
	"isInterface":true,
	"superClassName":"java.lang.Object"
}