{
	"isProtected":false,
	"finishedSearch":false,
	"methods":{
		"<init>()":{
			"sig":"()V",
			"args":"()",
			"isStatic":false,
			"isProtected":false,
			"name":"<init>",
			"isPublic":true,
			"isPrivate":false,
			"isFinal":false,
			"type":"define",
			"isAbstract":false,
			"rtType":"void"
		},
		"onFinalize(ro.pippo.core.Response)":{
			"sig":"(Lro/pippo/core/Response;)V",
			"args":"(ro.pippo.core.Response)",
			"isStatic":false,
			"isProtected":false,
			"name":"onFinalize",
			"isPublic":true,
			"isPrivate":false,
			"isFinal":false,
			"type":"define",
			"isAbstract":false,
			"rtType":"void"
		}
	},
	"isPublic":true,
	"className":"ro.pippo.core.ResponseFinalizeListenerList",
	"interNames":{
		"ro.pippo.core.ResponseFinalizeListener":"true"
	},
	"isFinal":false,
	"isPrivate":false,
	"isAbstract":false,
	"isInterface":false,
	"superClassName":"ro.pippo.core.util.ListenerList"
}