{
	"isProtected":false,
	"finishedSearch":false,
	"methods":{
		"handle(ro.pippo.core.route.RouteContext)":{
			"sig":"(Lro/pippo/core/route/RouteContext;)V",
			"args":"(ro.pippo.core.route.RouteContext)",
			"isStatic":false,
			"isProtected":false,
			"name":"handle",
			"isPublic":true,
			"isPrivate":false,
			"isFinal":false,
			"type":"define",
			"isAbstract":false,
			"rtType":"void"
		},
		"<init>(boolean)":{
			"sig":"(Z)V",
			"args":"(boolean)",
			"isStatic":false,
			"isProtected":false,
			"name":"<init>",
			"isPublic":true,
			"isPrivate":false,
			"isFinal":false,
			"type":"define",
			"isAbstract":false,
			"rtType":"void"
		}
	},
	"isPublic":true,
	"className":"ro.pippo.core.route.TrailingSlashHandler",
	"interNames":{
		"ro.pippo.core.route.RouteHandler":"true"
	},
	"isFinal":false,
	"isPrivate":false,
	"isAbstract":false,
	"isInterface":false,
	"superClassName":"java.lang.Object"
}