{
	"isProtected":false,
	"finishedSearch":false,
	"methods":{
		"getLanguages()":{
			"sig":"()Lro/pippo/core/Languages;",
			"args":"()",
			"isStatic":false,
			"isProtected":true,
			"name":"getLanguages",
			"isPublic":false,
			"isPrivate":false,
			"isFinal":true,
			"type":"define",
			"isAbstract":false,
			"rtType":"ro.pippo.core.Languages"
		},
		"getPippoSettings()":{
			"sig":"()Lro/pippo/core/PippoSettings;",
			"args":"()",
			"isStatic":false,
			"isProtected":true,
			"name":"getPippoSettings",
			"isPublic":false,
			"isPrivate":false,
			"isFinal":true,
			"type":"define",
			"isAbstract":false,
			"rtType":"ro.pippo.core.PippoSettings"
		},
		"getLanguageOrDefault(java.lang.String)":{
			"sig":"(Ljava/lang/String;)Ljava/lang/String;",
			"args":"(java.lang.String)",
			"isStatic":false,
			"isProtected":true,
			"name":"getLanguageOrDefault",
			"isPublic":false,
			"isPrivate":false,
			"isFinal":true,
			"type":"define",
			"isAbstract":false,
			"rtType":"java.lang.String"
		},
		"getRouter()":{
			"sig":"()Lro/pippo/core/route/Router;",
			"args":"()",
			"isStatic":false,
			"isProtected":true,
			"name":"getRouter",
			"isPublic":false,
			"isPrivate":false,
			"isFinal":true,
			"type":"define",
			"isAbstract":false,
			"rtType":"ro.pippo.core.route.Router"
		},
		"setFileExtension(java.lang.String)":{
			"sig":"(Ljava/lang/String;)V",
			"args":"(java.lang.String)",
			"isStatic":false,
			"isProtected":false,
			"name":"setFileExtension",
			"isPublic":true,
			"isPrivate":false,
			"isFinal":true,
			"type":"define",
			"isAbstract":false,
			"rtType":"void"
		},
		"getLanguageOrDefault(ro.pippo.core.route.RouteContext)":{
			"sig":"(Lro/pippo/core/route/RouteContext;)Ljava/lang/String;",
			"args":"(ro.pippo.core.route.RouteContext)",
			"isStatic":false,
			"isProtected":true,
			"name":"getLanguageOrDefault",
			"isPublic":false,
			"isPrivate":false,
			"isFinal":true,
			"type":"define",
			"isAbstract":false,
			"rtType":"java.lang.String"
		},
		"<init>()":{
			"sig":"()V",
			"args":"()",
			"isStatic":false,
			"isProtected":false,
			"name":"<init>",
			"isPublic":true,
			"isPrivate":false,
			"isFinal":false,
			"type":"define",
			"isAbstract":false,
			"rtType":"void"
		},
		"getDefaultFileExtension()":{
			"sig":"()Ljava/lang/String;",
			"args":"()",
			"isStatic":false,
			"isProtected":true,
			"name":"getDefaultFileExtension",
			"isPublic":false,
			"isPrivate":false,
			"isFinal":false,
			"type":"define",
			"isAbstract":true,
			"rtType":"java.lang.String"
		},
		"getMessages()":{
			"sig":"()Lro/pippo/core/Messages;",
			"args":"()",
			"isStatic":false,
			"isProtected":true,
			"name":"getMessages",
			"isPublic":false,
			"isPrivate":false,
			"isFinal":true,
			"type":"define",
			"isAbstract":false,
			"rtType":"ro.pippo.core.Messages"
		},
		"getTemplatePathPrefix()":{
			"sig":"()Ljava/lang/String;",
			"args":"()",
			"isStatic":false,
			"isProtected":true,
			"name":"getTemplatePathPrefix",
			"isPublic":false,
			"isPrivate":false,
			"isFinal":true,
			"type":"define",
			"isAbstract":false,
			"rtType":"java.lang.String"
		},
		"getLocaleOrDefault(java.lang.String)":{
			"sig":"(Ljava/lang/String;)Ljava/util/Locale;",
			"args":"(java.lang.String)",
			"isStatic":false,
			"isProtected":true,
			"name":"getLocaleOrDefault",
			"isPublic":false,
			"isPrivate":false,
			"isFinal":true,
			"type":"define",
			"isAbstract":false,
			"rtType":"java.util.Locale"
		},
		"getFileExtension()":{
			"sig":"()Ljava/lang/String;",
			"args":"()",
			"isStatic":false,
			"isProtected":true,
			"name":"getFileExtension",
			"isPublic":false,
			"isPrivate":false,
			"isFinal":true,
			"type":"define",
			"isAbstract":false,
			"rtType":"java.lang.String"
		},
		"init(ro.pippo.core.Application)":{
			"sig":"(Lro/pippo/core/Application;)V",
			"args":"(ro.pippo.core.Application)",
			"isStatic":false,
			"isProtected":false,
			"name":"init",
			"isPublic":true,
			"isPrivate":false,
			"isFinal":false,
			"type":"define",
			"isAbstract":false,
			"rtType":"void"
		},
		"getLocaleOrDefault(ro.pippo.core.route.RouteContext)":{
			"sig":"(Lro/pippo/core/route/RouteContext;)Ljava/util/Locale;",
			"args":"(ro.pippo.core.route.RouteContext)",
			"isStatic":false,
			"isProtected":true,
			"name":"getLocaleOrDefault",
			"isPublic":false,
			"isPrivate":false,
			"isFinal":true,
			"type":"define",
			"isAbstract":false,
			"rtType":"java.util.Locale"
		}
	},
	"isPublic":true,
	"className":"ro.pippo.core.AbstractTemplateEngine",
	"interNames":{
		"ro.pippo.core.TemplateEngine":"true"
	},
	"isFinal":false,
	"isPrivate":false,
	"isAbstract":true,
	"isInterface":false,
	"superClassName":"java.lang.Object"
}