{
	"isProtected":false,
	"finishedSearch":false,
	"methods":{
		"keystorePassword(java.lang.String)":{
			"sig":"(Ljava/lang/String;)Lro/pippo/core/WebServerSettings;",
			"args":"(java.lang.String)",
			"isStatic":false,
			"isProtected":false,
			"name":"keystorePassword",
			"isPublic":true,
			"isPrivate":false,
			"isFinal":false,
			"type":"define",
			"isAbstract":false,
			"rtType":"ro.pippo.core.WebServerSettings"
		},
		"host(java.lang.String)":{
			"sig":"(Ljava/lang/String;)Lro/pippo/core/WebServerSettings;",
			"args":"(java.lang.String)",
			"isStatic":false,
			"isProtected":false,
			"name":"host",
			"isPublic":true,
			"isPrivate":false,
			"isFinal":false,
			"type":"define",
			"isAbstract":false,
			"rtType":"ro.pippo.core.WebServerSettings"
		},
		"truststoreFile(java.lang.String)":{
			"sig":"(Ljava/lang/String;)Lro/pippo/core/WebServerSettings;",
			"args":"(java.lang.String)",
			"isStatic":false,
			"isProtected":false,
			"name":"truststoreFile",
			"isPublic":true,
			"isPrivate":false,
			"isFinal":false,
			"type":"define",
			"isAbstract":false,
			"rtType":"ro.pippo.core.WebServerSettings"
		},
		"contextPath(java.lang.String)":{
			"sig":"(Ljava/lang/String;)Lro/pippo/core/WebServerSettings;",
			"args":"(java.lang.String)",
			"isStatic":false,
			"isProtected":false,
			"name":"contextPath",
			"isPublic":true,
			"isPrivate":false,
			"isFinal":false,
			"type":"define",
			"isAbstract":false,
			"rtType":"ro.pippo.core.WebServerSettings"
		},
		"getTruststoreFile()":{
			"sig":"()Ljava/lang/String;",
			"args":"()",
			"isStatic":false,
			"isProtected":false,
			"name":"getTruststoreFile",
			"isPublic":true,
			"isPrivate":false,
			"isFinal":false,
			"type":"define",
			"isAbstract":false,
			"rtType":"java.lang.String"
		},
		"keystoreFile(java.lang.String)":{
			"sig":"(Ljava/lang/String;)Lro/pippo/core/WebServerSettings;",
			"args":"(java.lang.String)",
			"isStatic":false,
			"isProtected":false,
			"name":"keystoreFile",
			"isPublic":true,
			"isPrivate":false,
			"isFinal":false,
			"type":"define",
			"isAbstract":false,
			"rtType":"ro.pippo.core.WebServerSettings"
		},
		"getKeystorePassword()":{
			"sig":"()Ljava/lang/String;",
			"args":"()",
			"isStatic":false,
			"isProtected":false,
			"name":"getKeystorePassword",
			"isPublic":true,
			"isPrivate":false,
			"isFinal":false,
			"type":"define",
			"isAbstract":false,
			"rtType":"java.lang.String"
		},
		"port(int)":{
			"sig":"(I)Lro/pippo/core/WebServerSettings;",
			"args":"(int)",
			"isStatic":false,
			"isProtected":false,
			"name":"port",
			"isPublic":true,
			"isPrivate":false,
			"isFinal":false,
			"type":"define",
			"isAbstract":false,
			"rtType":"ro.pippo.core.WebServerSettings"
		},
		"getContextPath()":{
			"sig":"()Ljava/lang/String;",
			"args":"()",
			"isStatic":false,
			"isProtected":false,
			"name":"getContextPath",
			"isPublic":true,
			"isPrivate":false,
			"isFinal":false,
			"type":"define",
			"isAbstract":false,
			"rtType":"java.lang.String"
		},
		"<init>(ro.pippo.core.PippoSettings)":{
			"sig":"(Lro/pippo/core/PippoSettings;)V",
			"args":"(ro.pippo.core.PippoSettings)",
			"isStatic":false,
			"isProtected":false,
			"name":"<init>",
			"isPublic":true,
			"isPrivate":false,
			"isFinal":false,
			"type":"define",
			"isAbstract":false,
			"rtType":"void"
		},
		"getKeystoreFile()":{
			"sig":"()Ljava/lang/String;",
			"args":"()",
			"isStatic":false,
			"isProtected":false,
			"name":"getKeystoreFile",
			"isPublic":true,
			"isPrivate":false,
			"isFinal":false,
			"type":"define",
			"isAbstract":false,
			"rtType":"java.lang.String"
		},
		"getTruststorePassword()":{
			"sig":"()Ljava/lang/String;",
			"args":"()",
			"isStatic":false,
			"isProtected":false,
			"name":"getTruststorePassword",
			"isPublic":true,
			"isPrivate":false,
			"isFinal":false,
			"type":"define",
			"isAbstract":false,
			"rtType":"java.lang.String"
		},
		"truststorePassword(java.lang.String)":{
			"sig":"(Ljava/lang/String;)Lro/pippo/core/WebServerSettings;",
			"args":"(java.lang.String)",
			"isStatic":false,
			"isProtected":false,
			"name":"truststorePassword",
			"isPublic":true,
			"isPrivate":false,
			"isFinal":false,
			"type":"define",
			"isAbstract":false,
			"rtType":"ro.pippo.core.WebServerSettings"
		},
		"getHost()":{
			"sig":"()Ljava/lang/String;",
			"args":"()",
			"isStatic":false,
			"isProtected":false,
			"name":"getHost",
			"isPublic":true,
			"isPrivate":false,
			"isFinal":false,
			"type":"define",
			"isAbstract":false,
			"rtType":"java.lang.String"
		},
		"getPort()":{
			"sig":"()I",
			"args":"()",
			"isStatic":false,
			"isProtected":false,
			"name":"getPort",
			"isPublic":true,
			"isPrivate":false,
			"isFinal":false,
			"type":"define",
			"isAbstract":false,
			"rtType":"int"
		}
	},
	"isPublic":true,
	"className":"ro.pippo.core.WebServerSettings",
	"interNames":{
		"java.io.Serializable":"true"
	},
	"isFinal":false,
	"isPrivate":false,
	"isAbstract":false,
	"isInterface":false,
	"superClassName":"java.lang.Object"
}