{
	"isProtected":false,
	"finishedSearch":false,
	"methods":{
		"transform(ro.pippo.core.route.Route)":{
			"sig":"(Lro/pippo/core/route/Route;)Lro/pippo/core/route/Route;",
			"args":"(ro.pippo.core.route.Route)",
			"isStatic":false,
			"isProtected":false,
			"name":"transform",
			"isPublic":true,
			"isPrivate":false,
			"isFinal":false,
			"type":"define",
			"isAbstract":true,
			"rtType":"ro.pippo.core.route.Route"
		}
	},
	"isPublic":true,
	"className":"ro.pippo.core.route.RouteTransformer",
	"interNames":{},
	"isFinal":false,
	"isPrivate":false,
	"isAbstract":true,
	"isInterface":true,
	"superClassName":"java.lang.Object"
}