{
	"isProtected":false,
	"finishedSearch":false,
	"methods":{
		"getWithDefault(java.lang.String,java.lang.String,ro.pippo.core.route.RouteContext,java.lang.Object[])":{
			"sig":"(Ljava/lang/String;Ljava/lang/String;Lro/pippo/core/route/RouteContext;[Ljava/lang/Object;)Ljava/lang/String;",
			"args":"(java.lang.String,java.lang.String,ro.pippo.core.route.RouteContext,java.lang.Object[])",
			"isStatic":false,
			"isProtected":false,
			"name":"getWithDefault",
			"isPublic":true,
			"isPrivate":false,
			"isFinal":false,
			"type":"define",
			"isAbstract":false,
			"rtType":"java.lang.String"
		},
		"loadRegisteredMessageResources()":{
			"sig":"()Ljava/util/Map;",
			"args":"()",
			"isStatic":false,
			"isProtected":false,
			"name":"loadRegisteredMessageResources",
			"isPublic":false,
			"isPrivate":true,
			"isFinal":false,
			"type":"define",
			"isAbstract":false,
			"rtType":"java.util.Map"
		},
		"getMessagesForLanguage(java.lang.String)":{
			"sig":"(Ljava/lang/String;)Ljava/util/Properties;",
			"args":"(java.lang.String)",
			"isStatic":false,
			"isProtected":false,
			"name":"getMessagesForLanguage",
			"isPublic":false,
			"isPrivate":true,
			"isFinal":false,
			"type":"define",
			"isAbstract":false,
			"rtType":"java.util.Properties"
		},
		"getWithDefault(java.lang.String,java.lang.String,java.lang.String,java.lang.Object[])":{
			"sig":"(Ljava/lang/String;Ljava/lang/String;Ljava/lang/String;[Ljava/lang/Object;)Ljava/lang/String;",
			"args":"(java.lang.String,java.lang.String,java.lang.String,java.lang.Object[])",
			"isStatic":false,
			"isProtected":false,
			"name":"getWithDefault",
			"isPublic":true,
			"isPrivate":false,
			"isFinal":false,
			"type":"define",
			"isAbstract":false,
			"rtType":"java.lang.String"
		},
		"<clinit>()":{
			"sig":"()V",
			"args":"()",
			"isStatic":true,
			"isProtected":false,
			"name":"<clinit>",
			"isPublic":false,
			"isPrivate":false,
			"isFinal":false,
			"type":"define",
			"isAbstract":false,
			"rtType":"void"
		},
		"getAll(ro.pippo.core.route.RouteContext)":{
			"sig":"(Lro/pippo/core/route/RouteContext;)Ljava/util/Map;",
			"args":"(ro.pippo.core.route.RouteContext)",
			"isStatic":false,
			"isProtected":false,
			"name":"getAll",
			"isPublic":true,
			"isPrivate":false,
			"isFinal":false,
			"type":"define",
			"isAbstract":false,
			"rtType":"java.util.Map"
		},
		"get(java.lang.String,java.lang.String,java.lang.Object[])":{
			"sig":"(Ljava/lang/String;Ljava/lang/String;[Ljava/lang/Object;)Ljava/lang/String;",
			"args":"(java.lang.String,java.lang.String,java.lang.Object[])",
			"isStatic":false,
			"isProtected":false,
			"name":"get",
			"isPublic":true,
			"isPrivate":false,
			"isFinal":false,
			"type":"define",
			"isAbstract":false,
			"rtType":"java.lang.String"
		},
		"loadRegisteredMessageResources(java.lang.String)":{
			"sig":"(Ljava/lang/String;)Ljava/util/Map;",
			"args":"(java.lang.String)",
			"isStatic":false,
			"isProtected":false,
			"name":"loadRegisteredMessageResources",
			"isPublic":false,
			"isPrivate":true,
			"isFinal":false,
			"type":"define",
			"isAbstract":false,
			"rtType":"java.util.Map"
		},
		"get(java.lang.String,ro.pippo.core.route.RouteContext,java.lang.Object[])":{
			"sig":"(Ljava/lang/String;Lro/pippo/core/route/RouteContext;[Ljava/lang/Object;)Ljava/lang/String;",
			"args":"(java.lang.String,ro.pippo.core.route.RouteContext,java.lang.Object[])",
			"isStatic":false,
			"isProtected":false,
			"name":"get",
			"isPublic":true,
			"isPrivate":false,
			"isFinal":false,
			"type":"define",
			"isAbstract":false,
			"rtType":"java.lang.String"
		},
		"formatMessage(java.lang.String,java.lang.String,java.lang.Object[])":{
			"sig":"(Ljava/lang/String;Ljava/lang/String;[Ljava/lang/Object;)Ljava/lang/String;",
			"args":"(java.lang.String,java.lang.String,java.lang.Object[])",
			"isStatic":false,
			"isProtected":false,
			"name":"formatMessage",
			"isPublic":false,
			"isPrivate":true,
			"isFinal":false,
			"type":"define",
			"isAbstract":false,
			"rtType":"java.lang.String"
		},
		"getAll(java.lang.String)":{
			"sig":"(Ljava/lang/String;)Ljava/util/Map;",
			"args":"(java.lang.String)",
			"isStatic":false,
			"isProtected":false,
			"name":"getAll",
			"isPublic":true,
			"isPrivate":false,
			"isFinal":false,
			"type":"define",
			"isAbstract":false,
			"rtType":"java.util.Map"
		},
		"loadMessages(java.lang.String)":{
			"sig":"(Ljava/lang/String;)Ljava/util/Properties;",
			"args":"(java.lang.String)",
			"isStatic":false,
			"isProtected":false,
			"name":"loadMessages",
			"isPublic":false,
			"isPrivate":true,
			"isFinal":false,
			"type":"define",
			"isAbstract":false,
			"rtType":"java.util.Properties"
		},
		"<init>(ro.pippo.core.Languages)":{
			"sig":"(Lro/pippo/core/Languages;)V",
			"args":"(ro.pippo.core.Languages)",
			"isStatic":false,
			"isProtected":false,
			"name":"<init>",
			"isPublic":true,
			"isPrivate":false,
			"isFinal":false,
			"type":"define",
			"isAbstract":false,
			"rtType":"void"
		}
	},
	"isPublic":true,
	"className":"ro.pippo.core.Messages",
	"interNames":{},
	"isFinal":false,
	"isPrivate":false,
	"isAbstract":false,
	"isInterface":false,
	"superClassName":"java.lang.Object"
}