{
	"isProtected":false,
	"finishedSearch":false,
	"methods":{
		"getHashSHA1(byte[])":{
			"sig":"([B)Ljava/lang/String;",
			"args":"(byte[])",
			"isStatic":true,
			"isProtected":false,
			"name":"getHashSHA1",
			"isPublic":true,
			"isPrivate":false,
			"isFinal":false,
			"type":"define",
			"isAbstract":false,
			"rtType":"java.lang.String"
		},
		"getHashSHA1(java.lang.String)":{
			"sig":"(Ljava/lang/String;)Ljava/lang/String;",
			"args":"(java.lang.String)",
			"isStatic":true,
			"isProtected":false,
			"name":"getHashSHA1",
			"isPublic":true,
			"isPrivate":false,
			"isFinal":false,
			"type":"define",
			"isAbstract":false,
			"rtType":"java.lang.String"
		},
		"getHashMD5(java.lang.String)":{
			"sig":"(Ljava/lang/String;)Ljava/lang/String;",
			"args":"(java.lang.String)",
			"isStatic":true,
			"isProtected":false,
			"name":"getHashMD5",
			"isPublic":true,
			"isPrivate":false,
			"isFinal":false,
			"type":"define",
			"isAbstract":false,
			"rtType":"java.lang.String"
		},
		"getHmacMD5(java.lang.String,java.lang.String)":{
			"sig":"(Ljava/lang/String;Ljava/lang/String;)Ljava/lang/String;",
			"args":"(java.lang.String,java.lang.String)",
			"isStatic":true,
			"isProtected":false,
			"name":"getHmacMD5",
			"isPublic":true,
			"isPrivate":false,
			"isFinal":false,
			"type":"define",
			"isAbstract":false,
			"rtType":"java.lang.String"
		},
		"getHashSHA256(java.lang.String)":{
			"sig":"(Ljava/lang/String;)Ljava/lang/String;",
			"args":"(java.lang.String)",
			"isStatic":true,
			"isProtected":false,
			"name":"getHashSHA256",
			"isPublic":true,
			"isPrivate":false,
			"isFinal":false,
			"type":"define",
			"isAbstract":false,
			"rtType":"java.lang.String"
		},
		"hmacDigest(java.lang.String,java.lang.String,java.lang.String)":{
			"sig":"(Ljava/lang/String;Ljava/lang/String;Ljava/lang/String;)Ljava/lang/String;",
			"args":"(java.lang.String,java.lang.String,java.lang.String)",
			"isStatic":true,
			"isProtected":false,
			"name":"hmacDigest",
			"isPublic":true,
			"isPrivate":false,
			"isFinal":false,
			"type":"define",
			"isAbstract":false,
			"rtType":"java.lang.String"
		},
		"getHmacSHA256(java.lang.String,java.lang.String)":{
			"sig":"(Ljava/lang/String;Ljava/lang/String;)Ljava/lang/String;",
			"args":"(java.lang.String,java.lang.String)",
			"isStatic":true,
			"isProtected":false,
			"name":"getHmacSHA256",
			"isPublic":true,
			"isPrivate":false,
			"isFinal":false,
			"type":"define",
			"isAbstract":false,
			"rtType":"java.lang.String"
		},
		"getHashSHA256(byte[])":{
			"sig":"([B)Ljava/lang/String;",
			"args":"(byte[])",
			"isStatic":true,
			"isProtected":false,
			"name":"getHashSHA256",
			"isPublic":true,
			"isPrivate":false,
			"isFinal":false,
			"type":"define",
			"isAbstract":false,
			"rtType":"java.lang.String"
		},
		"<init>()":{
			"sig":"()V",
			"args":"()",
			"isStatic":false,
			"isProtected":false,
			"name":"<init>",
			"isPublic":false,
			"isPrivate":true,
			"isFinal":false,
			"type":"define",
			"isAbstract":false,
			"rtType":"void"
		},
		"toHex(byte[])":{
			"sig":"([B)Ljava/lang/String;",
			"args":"(byte[])",
			"isStatic":true,
			"isProtected":false,
			"name":"toHex",
			"isPublic":true,
			"isPrivate":false,
			"isFinal":false,
			"type":"define",
			"isAbstract":false,
			"rtType":"java.lang.String"
		},
		"generateSecretKey()":{
			"sig":"()Ljava/lang/String;",
			"args":"()",
			"isStatic":true,
			"isProtected":false,
			"name":"generateSecretKey",
			"isPublic":true,
			"isPrivate":false,
			"isFinal":false,
			"type":"define",
			"isAbstract":false,
			"rtType":"java.lang.String"
		},
		"getHmacSHA1(java.lang.String,java.lang.String)":{
			"sig":"(Ljava/lang/String;Ljava/lang/String;)Ljava/lang/String;",
			"args":"(java.lang.String,java.lang.String)",
			"isStatic":true,
			"isProtected":false,
			"name":"getHmacSHA1",
			"isPublic":true,
			"isPrivate":false,
			"isFinal":false,
			"type":"define",
			"isAbstract":false,
			"rtType":"java.lang.String"
		},
		"getHashMD5(byte[])":{
			"sig":"([B)Ljava/lang/String;",
			"args":"(byte[])",
			"isStatic":true,
			"isProtected":false,
			"name":"getHashMD5",
			"isPublic":true,
			"isPrivate":false,
			"isFinal":false,
			"type":"define",
			"isAbstract":false,
			"rtType":"java.lang.String"
		}
	},
	"isPublic":true,
	"className":"ro.pippo.core.util.CryptoUtils",
	"interNames":{},
	"isFinal":false,
	"isPrivate":false,
	"isAbstract":false,
	"isInterface":false,
	"superClassName":"java.lang.Object"
}