{
	"isProtected":false,
	"finishedSearch":false,
	"methods":{
		"<init>(int)":{
			"sig":"(I)V",
			"args":"(int)",
			"isStatic":false,
			"isProtected":false,
			"name":"<init>",
			"isPublic":true,
			"isPrivate":false,
			"isFinal":false,
			"type":"define",
			"isAbstract":false,
			"rtType":"void"
		},
		"<init>(int,java.lang.Throwable)":{
			"sig":"(ILjava/lang/Throwable;)V",
			"args":"(int,java.lang.Throwable)",
			"isStatic":false,
			"isProtected":false,
			"name":"<init>",
			"isPublic":true,
			"isPrivate":false,
			"isFinal":false,
			"type":"define",
			"isAbstract":false,
			"rtType":"void"
		},
		"<init>(int,java.lang.String,java.lang.Object[])":{
			"sig":"(ILjava/lang/String;[Ljava/lang/Object;)V",
			"args":"(int,java.lang.String,java.lang.Object[])",
			"isStatic":false,
			"isProtected":false,
			"name":"<init>",
			"isPublic":true,
			"isPrivate":false,
			"isFinal":false,
			"type":"define",
			"isAbstract":false,
			"rtType":"void"
		},
		"getStatusCode()":{
			"sig":"()I",
			"args":"()",
			"isStatic":false,
			"isProtected":false,
			"name":"getStatusCode",
			"isPublic":true,
			"isPrivate":false,
			"isFinal":false,
			"type":"define",
			"isAbstract":false,
			"rtType":"int"
		},
		"<init>(int,java.lang.Throwable,java.lang.String,java.lang.Object[])":{
			"sig":"(ILjava/lang/Throwable;Ljava/lang/String;[Ljava/lang/Object;)V",
			"args":"(int,java.lang.Throwable,java.lang.String,java.lang.Object[])",
			"isStatic":false,
			"isProtected":false,
			"name":"<init>",
			"isPublic":true,
			"isPrivate":false,
			"isFinal":false,
			"type":"define",
			"isAbstract":false,
			"rtType":"void"
		}
	},
	"isPublic":true,
	"className":"ro.pippo.core.StatusCodeException",
	"interNames":{},
	"isFinal":false,
	"isPrivate":false,
	"isAbstract":false,
	"isInterface":false,
	"superClassName":"ro.pippo.core.PippoRuntimeException"
}