{
	"isProtected":false,
	"finishedSearch":false,
	"methods":{
		"isOpen()":{
			"sig":"()Z",
			"args":"()",
			"isStatic":false,
			"isProtected":false,
			"name":"isOpen",
			"isPublic":true,
			"isPrivate":false,
			"isFinal":false,
			"type":"define",
			"isAbstract":true,
			"rtType":"boolean"
		},
		"sendMessage(java.lang.String)":{
			"sig":"(Ljava/lang/String;)Lro/pippo/core/websocket/WebSocketConnection;",
			"args":"(java.lang.String)",
			"isStatic":false,
			"isProtected":false,
			"name":"sendMessage",
			"isPublic":true,
			"isPrivate":false,
			"isFinal":false,
			"type":"define",
			"isAbstract":true,
			"rtType":"ro.pippo.core.websocket.WebSocketConnection"
		},
		"sendMessage(byte[])":{
			"sig":"([B)Lro/pippo/core/websocket/WebSocketConnection;",
			"args":"(byte[])",
			"isStatic":false,
			"isProtected":false,
			"name":"sendMessage",
			"isPublic":true,
			"isPrivate":false,
			"isFinal":false,
			"type":"define",
			"isAbstract":true,
			"rtType":"ro.pippo.core.websocket.WebSocketConnection"
		},
		"getRemoteAddress()":{
			"sig":"()Ljava/net/InetSocketAddress;",
			"args":"()",
			"isStatic":false,
			"isProtected":false,
			"name":"getRemoteAddress",
			"isPublic":true,
			"isPrivate":false,
			"isFinal":false,
			"type":"define",
			"isAbstract":true,
			"rtType":"java.net.InetSocketAddress"
		},
		"close(int,java.lang.String)":{
			"sig":"(ILjava/lang/String;)V",
			"args":"(int,java.lang.String)",
			"isStatic":false,
			"isProtected":false,
			"name":"close",
			"isPublic":true,
			"isPrivate":false,
			"isFinal":false,
			"type":"define",
			"isAbstract":true,
			"rtType":"void"
		}
	},
	"isPublic":true,
	"className":"ro.pippo.core.websocket.WebSocketConnection",
	"interNames":{},
	"isFinal":false,
	"isPrivate":false,
	"isAbstract":true,
	"isInterface":true,
	"superClassName":"java.lang.Object"
}