{
	"isProtected":false,
	"finishedSearch":false,
	"methods":{
		"getInputStream(java.lang.String)":{
			"sig":"(Ljava/lang/String;)Ljava/io/InputStream;",
			"args":"(java.lang.String)",
			"isStatic":false,
			"isProtected":true,
			"name":"getInputStream",
			"isPublic":false,
			"isPrivate":false,
			"isFinal":false,
			"type":"define",
			"isAbstract":false,
			"rtType":"java.io.InputStream"
		},
		"<init>(ro.pippo.core.Pippo,java.lang.ClassLoader,java.lang.String,java.lang.String)":{
			"sig":"(Lro/pippo/core/Pippo;Ljava/lang/ClassLoader;Ljava/lang/String;Ljava/lang/String;)V",
			"args":"(ro.pippo.core.Pippo,java.lang.ClassLoader,java.lang.String,java.lang.String)",
			"isStatic":false,
			"isProtected":false,
			"name":"<init>",
			"isPublic":false,
			"isPrivate":false,
			"isFinal":false,
			"type":"define",
			"isAbstract":false,
			"rtType":"void"
		}
	},
	"isPublic":false,
	"className":"ro.pippo.core.Pippo$1",
	"interNames":{},
	"isFinal":false,
	"isPrivate":false,
	"isAbstract":false,
	"isInterface":false,
	"superClassName":"ro.pippo.core.reload.ReloadClassLoader"
}