{
	"isProtected":false,
	"finishedSearch":false,
	"methods":{
		"values()":{
			"sig":"()[Lro/pippo/core/RuntimeMode;",
			"args":"()",
			"isStatic":true,
			"isProtected":false,
			"name":"values",
			"isPublic":true,
			"isPrivate":false,
			"isFinal":false,
			"type":"define",
			"isAbstract":false,
			"rtType":"ro.pippo.core.RuntimeMode[]"
		},
		"valueOf(java.lang.String)":{
			"sig":"(Ljava/lang/String;)Lro/pippo/core/RuntimeMode;",
			"args":"(java.lang.String)",
			"isStatic":true,
			"isProtected":false,
			"name":"valueOf",
			"isPublic":true,
			"isPrivate":false,
			"isFinal":false,
			"type":"define",
			"isAbstract":false,
			"rtType":"ro.pippo.core.RuntimeMode"
		},
		"<init>(java.lang.String,int,java.lang.String)":{
			"sig":"(Ljava/lang/String;ILjava/lang/String;)V",
			"args":"(java.lang.String,int,java.lang.String)",
			"isStatic":false,
			"isProtected":false,
			"name":"<init>",
			"isPublic":false,
			"isPrivate":true,
			"isFinal":false,
			"type":"define",
			"isAbstract":false,
			"rtType":"void"
		},
		"toString()":{
			"sig":"()Ljava/lang/String;",
			"args":"()",
			"isStatic":false,
			"isProtected":false,
			"name":"toString",
			"isPublic":true,
			"isPrivate":false,
			"isFinal":false,
			"type":"define",
			"isAbstract":false,
			"rtType":"java.lang.String"
		},
		"<clinit>()":{
			"sig":"()V",
			"args":"()",
			"isStatic":true,
			"isProtected":false,
			"name":"<clinit>",
			"isPublic":false,
			"isPrivate":false,
			"isFinal":false,
			"type":"define",
			"isAbstract":false,
			"rtType":"void"
		},
		"getCurrent()":{
			"sig":"()Lro/pippo/core/RuntimeMode;",
			"args":"()",
			"isStatic":true,
			"isProtected":false,
			"name":"getCurrent",
			"isPublic":true,
			"isPrivate":false,
			"isFinal":false,
			"type":"define",
			"isAbstract":false,
			"rtType":"ro.pippo.core.RuntimeMode"
		},
		"byName(java.lang.String)":{
			"sig":"(Ljava/lang/String;)Lro/pippo/core/RuntimeMode;",
			"args":"(java.lang.String)",
			"isStatic":true,
			"isProtected":false,
			"name":"byName",
			"isPublic":true,
			"isPrivate":false,
			"isFinal":false,
			"type":"define",
			"isAbstract":false,
			"rtType":"ro.pippo.core.RuntimeMode"
		}
	},
	"isPublic":true,
	"className":"ro.pippo.core.RuntimeMode",
	"interNames":{},
	"isFinal":true,
	"isPrivate":false,
	"isAbstract":false,
	"isInterface":false,
	"superClassName":"java.lang.Enum"
}