{
	"isProtected":false,
	"finishedSearch":false,
	"methods":{
		"onEvent(ro.pippo.core.reload.ReloadWatcher$Event,java.nio.file.Path,java.nio.file.Path)":{
			"sig":"(Lro/pippo/core/reload/ReloadWatcher$Event;Ljava/nio/file/Path;Ljava/nio/file/Path;)V",
			"args":"(ro.pippo.core.reload.ReloadWatcher$Event,java.nio.file.Path,java.nio.file.Path)",
			"isStatic":false,
			"isProtected":false,
			"name":"onEvent",
			"isPublic":true,
			"isPrivate":false,
			"isFinal":false,
			"type":"define",
			"isAbstract":true,
			"rtType":"void"
		}
	},
	"isPublic":true,
	"className":"ro.pippo.core.reload.ReloadWatcher$Listener",
	"interNames":{},
	"isFinal":false,
	"isPrivate":false,
	"isAbstract":true,
	"isInterface":true,
	"superClassName":"java.lang.Object"
}