{
	"isProtected":false,
	"finishedSearch":false,
	"methods":{
		"add(java.lang.Object)":{
			"sig":"(Ljava/lang/Object;)V",
			"args":"(java.lang.Object)",
			"isStatic":false,
			"isProtected":false,
			"name":"add",
			"isPublic":true,
			"isPrivate":false,
			"isFinal":false,
			"type":"define",
			"isAbstract":false,
			"rtType":"void"
		},
		"isEmpty()":{
			"sig":"()Z",
			"args":"()",
			"isStatic":false,
			"isProtected":false,
			"name":"isEmpty",
			"isPublic":true,
			"isPrivate":false,
			"isFinal":false,
			"type":"define",
			"isAbstract":false,
			"rtType":"boolean"
		},
		"<init>()":{
			"sig":"()V",
			"args":"()",
			"isStatic":false,
			"isProtected":false,
			"name":"<init>",
			"isPublic":true,
			"isPrivate":false,
			"isFinal":false,
			"type":"define",
			"isAbstract":false,
			"rtType":"void"
		},
		"iterator()":{
			"sig":"()Ljava/util/Iterator;",
			"args":"()",
			"isStatic":false,
			"isProtected":false,
			"name":"iterator",
			"isPublic":true,
			"isPrivate":false,
			"isFinal":false,
			"type":"define",
			"isAbstract":false,
			"rtType":"java.util.Iterator"
		},
		"notify(ro.pippo.core.util.ListenerList$Notifier)":{
			"sig":"(Lro/pippo/core/util/ListenerList$Notifier;)V",
			"args":"(ro.pippo.core.util.ListenerList$Notifier)",
			"isStatic":false,
			"isProtected":true,
			"name":"notify",
			"isPublic":false,
			"isPrivate":false,
			"isFinal":false,
			"type":"define",
			"isAbstract":false,
			"rtType":"void"
		},
		"remove(java.lang.Object)":{
			"sig":"(Ljava/lang/Object;)V",
			"args":"(java.lang.Object)",
			"isStatic":false,
			"isProtected":false,
			"name":"remove",
			"isPublic":true,
			"isPrivate":false,
			"isFinal":false,
			"type":"define",
			"isAbstract":false,
			"rtType":"void"
		},
		"size()":{
			"sig":"()I",
			"args":"()",
			"isStatic":false,
			"isProtected":false,
			"name":"size",
			"isPublic":true,
			"isPrivate":false,
			"isFinal":false,
			"type":"define",
			"isAbstract":false,
			"rtType":"int"
		}
	},
	"isPublic":true,
	"className":"ro.pippo.core.util.ListenerList",
	"interNames":{
		"java.lang.Iterable":"true"
	},
	"isFinal":false,
	"isPrivate":false,
	"isAbstract":false,
	"isInterface":false,
	"superClassName":"java.lang.Object"
}