{
	"isProtected":false,
	"finishedSearch":false,
	"methods":{
		"parseHttpDateFormatToDateTime(java.lang.String)":{
			"sig":"(Ljava/lang/String;)Ljava/util/Date;",
			"args":"(java.lang.String)",
			"isStatic":true,
			"isProtected":false,
			"name":"parseHttpDateFormatToDateTime",
			"isPublic":true,
			"isPrivate":false,
			"isFinal":false,
			"type":"define",
			"isAbstract":false,
			"rtType":"java.util.Date"
		},
		"<init>()":{
			"sig":"()V",
			"args":"()",
			"isStatic":false,
			"isProtected":false,
			"name":"<init>",
			"isPublic":false,
			"isPrivate":true,
			"isFinal":false,
			"type":"define",
			"isAbstract":false,
			"rtType":"void"
		},
		"formatForHttpHeader(java.util.Date)":{
			"sig":"(Ljava/util/Date;)Ljava/lang/String;",
			"args":"(java.util.Date)",
			"isStatic":true,
			"isProtected":false,
			"name":"formatForHttpHeader",
			"isPublic":true,
			"isPrivate":false,
			"isFinal":false,
			"type":"define",
			"isAbstract":false,
			"rtType":"java.lang.String"
		},
		"getRFC1123_DateFormat()":{
			"sig":"()Ljava/text/DateFormat;",
			"args":"()",
			"isStatic":true,
			"isProtected":false,
			"name":"getRFC1123_DateFormat",
			"isPublic":false,
			"isPrivate":false,
			"isFinal":false,
			"type":"define",
			"isAbstract":false,
			"rtType":"java.text.DateFormat"
		},
		"parseHttpDateFormat(java.lang.String)":{
			"sig":"(Ljava/lang/String;)Ljava/util/Date;",
			"args":"(java.lang.String)",
			"isStatic":true,
			"isProtected":false,
			"name":"parseHttpDateFormat",
			"isPublic":true,
			"isPrivate":false,
			"isFinal":false,
			"type":"define",
			"isAbstract":false,
			"rtType":"java.util.Date"
		},
		"formatForHttpHeader(long)":{
			"sig":"(J)Ljava/lang/String;",
			"args":"(long)",
			"isStatic":true,
			"isProtected":false,
			"name":"formatForHttpHeader",
			"isPublic":true,
			"isPrivate":false,
			"isFinal":false,
			"type":"define",
			"isAbstract":false,
			"rtType":"java.lang.String"
		}
	},
	"isPublic":true,
	"className":"ro.pippo.core.util.DateUtils",
	"interNames":{},
	"isFinal":false,
	"isPrivate":false,
	"isAbstract":false,
	"isInterface":false,
	"superClassName":"java.lang.Object"
}