{
	"isProtected":false,
	"finishedSearch":false,
	"methods":{
		"<init>(ro.pippo.core.reload.ReloadWatcher)":{
			"sig":"(Lro/pippo/core/reload/ReloadWatcher;)V",
			"args":"(ro.pippo.core.reload.ReloadWatcher)",
			"isStatic":false,
			"isProtected":false,
			"name":"<init>",
			"isPublic":false,
			"isPrivate":false,
			"isFinal":false,
			"type":"define",
			"isAbstract":false,
			"rtType":"void"
		},
		"preVisitDirectory(java.lang.Object,java.nio.file.attribute.BasicFileAttributes)":{
			"sig":"(Ljava/lang/Object;Ljava/nio/file/attribute/BasicFileAttributes;)Ljava/nio/file/FileVisitResult;",
			"args":"(java.lang.Object,java.nio.file.attribute.BasicFileAttributes)",
			"isStatic":false,
			"isProtected":false,
			"name":"preVisitDirectory",
			"isPublic":true,
			"isPrivate":false,
			"isFinal":false,
			"type":"define",
			"isAbstract":false,
			"rtType":"java.nio.file.FileVisitResult"
		},
		"preVisitDirectory(java.nio.file.Path,java.nio.file.attribute.BasicFileAttributes)":{
			"sig":"(Ljava/nio/file/Path;Ljava/nio/file/attribute/BasicFileAttributes;)Ljava/nio/file/FileVisitResult;",
			"args":"(java.nio.file.Path,java.nio.file.attribute.BasicFileAttributes)",
			"isStatic":false,
			"isProtected":false,
			"name":"preVisitDirectory",
			"isPublic":true,
			"isPrivate":false,
			"isFinal":false,
			"type":"define",
			"isAbstract":false,
			"rtType":"java.nio.file.FileVisitResult"
		}
	},
	"isPublic":false,
	"className":"ro.pippo.core.reload.ReloadWatcher$2",
	"interNames":{},
	"isFinal":false,
	"isPrivate":false,
	"isAbstract":false,
	"isInterface":false,
	"superClassName":"java.nio.file.SimpleFileVisitor"
}