{
	"isProtected":false,
	"finishedSearch":false,
	"methods":{
		"createRouteContext(ro.pippo.core.Application,ro.pippo.core.Request,ro.pippo.core.Response,java.util.List)":{
			"sig":"(Lro/pippo/core/Application;Lro/pippo/core/Request;Lro/pippo/core/Response;Ljava/util/List;)Lro/pippo/core/route/RouteContext;",
			"args":"(ro.pippo.core.Application,ro.pippo.core.Request,ro.pippo.core.Response,java.util.List)",
			"isStatic":false,
			"isProtected":false,
			"name":"createRouteContext",
			"isPublic":true,
			"isPrivate":false,
			"isFinal":false,
			"type":"define",
			"isAbstract":false,
			"rtType":"ro.pippo.core.route.RouteContext"
		},
		"<init>()":{
			"sig":"()V",
			"args":"()",
			"isStatic":false,
			"isProtected":false,
			"name":"<init>",
			"isPublic":true,
			"isPrivate":false,
			"isFinal":false,
			"type":"define",
			"isAbstract":false,
			"rtType":"void"
		},
		"init(ro.pippo.core.Application)":{
			"sig":"(Lro/pippo/core/Application;)V",
			"args":"(ro.pippo.core.Application)",
			"isStatic":false,
			"isProtected":false,
			"name":"init",
			"isPublic":true,
			"isPrivate":false,
			"isFinal":false,
			"type":"define",
			"isAbstract":false,
			"rtType":"void"
		},
		"destroy(ro.pippo.core.Application)":{
			"sig":"(Lro/pippo/core/Application;)V",
			"args":"(ro.pippo.core.Application)",
			"isStatic":false,
			"isProtected":false,
			"name":"destroy",
			"isPublic":true,
			"isPrivate":false,
			"isFinal":false,
			"type":"define",
			"isAbstract":false,
			"rtType":"void"
		}
	},
	"isPublic":true,
	"className":"ro.pippo.core.route.DefaultRouteContextFactory",
	"interNames":{
		"ro.pippo.core.route.RouteContextFactory":"true"
	},
	"isFinal":false,
	"isPrivate":false,
	"isAbstract":false,
	"isInterface":false,
	"superClassName":"java.lang.Object"
}