{
	"isProtected":false,
	"finishedSearch":false,
	"methods":{
		"renderString(java.lang.String,java.util.Map,java.io.Writer)":{
			"sig":"(Ljava/lang/String;Ljava/util/Map;Ljava/io/Writer;)V",
			"args":"(java.lang.String,java.util.Map,java.io.Writer)",
			"isStatic":false,
			"isProtected":false,
			"name":"renderString",
			"isPublic":true,
			"isPrivate":false,
			"isFinal":false,
			"type":"define",
			"isAbstract":true,
			"rtType":"void"
		},
		"renderResource(java.lang.String,java.util.Map,java.io.Writer)":{
			"sig":"(Ljava/lang/String;Ljava/util/Map;Ljava/io/Writer;)V",
			"args":"(java.lang.String,java.util.Map,java.io.Writer)",
			"isStatic":false,
			"isProtected":false,
			"name":"renderResource",
			"isPublic":true,
			"isPrivate":false,
			"isFinal":false,
			"type":"define",
			"isAbstract":true,
			"rtType":"void"
		},
		"init(ro.pippo.core.Application)":{
			"sig":"(Lro/pippo/core/Application;)V",
			"args":"(ro.pippo.core.Application)",
			"isStatic":false,
			"isProtected":false,
			"name":"init",
			"isPublic":true,
			"isPrivate":false,
			"isFinal":false,
			"type":"define",
			"isAbstract":true,
			"rtType":"void"
		},
		"setFileExtension(java.lang.String)":{
			"sig":"(Ljava/lang/String;)V",
			"args":"(java.lang.String)",
			"isStatic":false,
			"isProtected":false,
			"name":"setFileExtension",
			"isPublic":true,
			"isPrivate":false,
			"isFinal":false,
			"type":"define",
			"isAbstract":true,
			"rtType":"void"
		}
	},
	"isPublic":true,
	"className":"ro.pippo.core.TemplateEngine",
	"interNames":{},
	"isFinal":false,
	"isPrivate":false,
	"isAbstract":true,
	"isInterface":true,
	"superClassName":"java.lang.Object"
}