{
	"isProtected":false,
	"finishedSearch":false,
	"methods":{
		"overrideSetting(java.lang.String,java.lang.String)":{
			"sig":"(Ljava/lang/String;Ljava/lang/String;)V",
			"args":"(java.lang.String,java.lang.String)",
			"isStatic":false,
			"isProtected":false,
			"name":"overrideSetting",
			"isPublic":true,
			"isPrivate":false,
			"isFinal":false,
			"type":"define",
			"isAbstract":false,
			"rtType":"void"
		},
		"loadInterpolationValues()":{
			"sig":"()V",
			"args":"()",
			"isStatic":false,
			"isProtected":true,
			"name":"loadInterpolationValues",
			"isPublic":false,
			"isPrivate":false,
			"isFinal":false,
			"type":"define",
			"isAbstract":false,
			"rtType":"void"
		},
		"getIntegers(java.lang.String)":{
			"sig":"(Ljava/lang/String;)Ljava/util/List;",
			"args":"(java.lang.String)",
			"isStatic":false,
			"isProtected":false,
			"name":"getIntegers",
			"isPublic":true,
			"isPrivate":false,
			"isFinal":false,
			"type":"define",
			"isAbstract":false,
			"rtType":"java.util.List"
		},
		"getStrings(java.lang.String,java.lang.String)":{
			"sig":"(Ljava/lang/String;Ljava/lang/String;)Ljava/util/List;",
			"args":"(java.lang.String,java.lang.String)",
			"isStatic":false,
			"isProtected":false,
			"name":"getStrings",
			"isPublic":true,
			"isPrivate":false,
			"isFinal":false,
			"type":"define",
			"isAbstract":false,
			"rtType":"java.util.List"
		},
		"overrideSetting(java.lang.String,float)":{
			"sig":"(Ljava/lang/String;F)V",
			"args":"(java.lang.String,float)",
			"isStatic":false,
			"isProtected":false,
			"name":"overrideSetting",
			"isPublic":true,
			"isPrivate":false,
			"isFinal":false,
			"type":"define",
			"isAbstract":false,
			"rtType":"void"
		},
		"loadOverrides(java.io.File,java.util.Properties)":{
			"sig":"(Ljava/io/File;Ljava/util/Properties;)Ljava/util/Properties;",
			"args":"(java.io.File,java.util.Properties)",
			"isStatic":false,
			"isProtected":false,
			"name":"loadOverrides",
			"isPublic":false,
			"isPrivate":true,
			"isFinal":false,
			"type":"define",
			"isAbstract":false,
			"rtType":"java.util.Properties"
		},
		"loadProperties(java.net.URL)":{
			"sig":"(Ljava/net/URL;)Ljava/util/Properties;",
			"args":"(java.net.URL)",
			"isStatic":false,
			"isProtected":false,
			"name":"loadProperties",
			"isPublic":false,
			"isPrivate":true,
			"isFinal":false,
			"type":"define",
			"isAbstract":false,
			"rtType":"java.util.Properties"
		},
		"overrideSetting(java.lang.String,long)":{
			"sig":"(Ljava/lang/String;J)V",
			"args":"(java.lang.String,long)",
			"isStatic":false,
			"isProtected":false,
			"name":"overrideSetting",
			"isPublic":true,
			"isPrivate":false,
			"isFinal":false,
			"type":"define",
			"isAbstract":false,
			"rtType":"void"
		},
		"getDurationInMilliseconds(java.lang.String)":{
			"sig":"(Ljava/lang/String;)J",
			"args":"(java.lang.String)",
			"isStatic":false,
			"isProtected":false,
			"name":"getDurationInMilliseconds",
			"isPublic":true,
			"isPrivate":false,
			"isFinal":false,
			"type":"define",
			"isAbstract":false,
			"rtType":"long"
		},
		"getStrings(java.lang.String)":{
			"sig":"(Ljava/lang/String;)Ljava/util/List;",
			"args":"(java.lang.String)",
			"isStatic":false,
			"isProtected":false,
			"name":"getStrings",
			"isPublic":true,
			"isPrivate":false,
			"isFinal":false,
			"type":"define",
			"isAbstract":false,
			"rtType":"java.util.List"
		},
		"getLongs(java.lang.String)":{
			"sig":"(Ljava/lang/String;)Ljava/util/List;",
			"args":"(java.lang.String)",
			"isStatic":false,
			"isProtected":false,
			"name":"getLongs",
			"isPublic":true,
			"isPrivate":false,
			"isFinal":false,
			"type":"define",
			"isAbstract":false,
			"rtType":"java.util.List"
		},
		"getInteger(java.lang.String,int)":{
			"sig":"(Ljava/lang/String;I)I",
			"args":"(java.lang.String,int)",
			"isStatic":false,
			"isProtected":false,
			"name":"getInteger",
			"isPublic":true,
			"isPrivate":false,
			"isFinal":false,
			"type":"define",
			"isAbstract":false,
			"rtType":"int"
		},
		"isProd()":{
			"sig":"()Z",
			"args":"()",
			"isStatic":false,
			"isProtected":false,
			"name":"isProd",
			"isPublic":true,
			"isPrivate":false,
			"isFinal":false,
			"type":"define",
			"isAbstract":false,
			"rtType":"boolean"
		},
		"getInterpolatedString(java.lang.String,java.lang.String)":{
			"sig":"(Ljava/lang/String;Ljava/lang/String;)Ljava/lang/String;",
			"args":"(java.lang.String,java.lang.String)",
			"isStatic":false,
			"isProtected":false,
			"name":"getInterpolatedString",
			"isPublic":true,
			"isPrivate":false,
			"isFinal":false,
			"type":"define",
			"isAbstract":false,
			"rtType":"java.lang.String"
		},
		"extractTimeUnit(java.lang.String,java.lang.String)":{
			"sig":"(Ljava/lang/String;Ljava/lang/String;)Ljava/util/concurrent/TimeUnit;",
			"args":"(java.lang.String,java.lang.String)",
			"isStatic":false,
			"isProtected":false,
			"name":"extractTimeUnit",
			"isPublic":false,
			"isPrivate":true,
			"isFinal":false,
			"type":"define",
			"isAbstract":false,
			"rtType":"java.util.concurrent.TimeUnit"
		},
		"getDurationInMinutes(java.lang.String)":{
			"sig":"(Ljava/lang/String;)J",
			"args":"(java.lang.String)",
			"isStatic":false,
			"isProtected":false,
			"name":"getDurationInMinutes",
			"isPublic":true,
			"isPrivate":false,
			"isFinal":false,
			"type":"define",
			"isAbstract":false,
			"rtType":"long"
		},
		"<clinit>()":{
			"sig":"()V",
			"args":"()",
			"isStatic":true,
			"isProtected":false,
			"name":"<clinit>",
			"isPublic":false,
			"isPrivate":false,
			"isFinal":false,
			"type":"define",
			"isAbstract":false,
			"rtType":"void"
		},
		"getLocalHostname()":{
			"sig":"()Ljava/lang/String;",
			"args":"()",
			"isStatic":false,
			"isProtected":false,
			"name":"getLocalHostname",
			"isPublic":true,
			"isPrivate":false,
			"isFinal":false,
			"type":"define",
			"isAbstract":false,
			"rtType":"java.lang.String"
		},
		"getChar(java.lang.String,char)":{
			"sig":"(Ljava/lang/String;C)C",
			"args":"(java.lang.String,char)",
			"isStatic":false,
			"isProtected":false,
			"name":"getChar",
			"isPublic":true,
			"isPrivate":false,
			"isFinal":false,
			"type":"define",
			"isAbstract":false,
			"rtType":"char"
		},
		"getFloats(java.lang.String,java.lang.String)":{
			"sig":"(Ljava/lang/String;Ljava/lang/String;)Ljava/util/List;",
			"args":"(java.lang.String,java.lang.String)",
			"isStatic":false,
			"isProtected":false,
			"name":"getFloats",
			"isPublic":true,
			"isPrivate":false,
			"isFinal":false,
			"type":"define",
			"isAbstract":false,
			"rtType":"java.util.List"
		},
		"overrideSetting(java.lang.String,char)":{
			"sig":"(Ljava/lang/String;C)V",
			"args":"(java.lang.String,char)",
			"isStatic":false,
			"isProtected":false,
			"name":"overrideSetting",
			"isPublic":true,
			"isPrivate":false,
			"isFinal":false,
			"type":"define",
			"isAbstract":false,
			"rtType":"void"
		},
		"getString(java.lang.String,java.lang.String)":{
			"sig":"(Ljava/lang/String;Ljava/lang/String;)Ljava/lang/String;",
			"args":"(java.lang.String,java.lang.String)",
			"isStatic":false,
			"isProtected":false,
			"name":"getString",
			"isPublic":true,
			"isPrivate":false,
			"isFinal":false,
			"type":"define",
			"isAbstract":false,
			"rtType":"java.lang.String"
		},
		"overrideSetting(java.lang.String,int)":{
			"sig":"(Ljava/lang/String;I)V",
			"args":"(java.lang.String,int)",
			"isStatic":false,
			"isProtected":false,
			"name":"overrideSetting",
			"isPublic":true,
			"isPrivate":false,
			"isFinal":false,
			"type":"define",
			"isAbstract":false,
			"rtType":"void"
		},
		"getFloats(java.lang.String)":{
			"sig":"(Ljava/lang/String;)Ljava/util/List;",
			"args":"(java.lang.String)",
			"isStatic":false,
			"isProtected":false,
			"name":"getFloats",
			"isPublic":true,
			"isPrivate":false,
			"isFinal":false,
			"type":"define",
			"isAbstract":false,
			"rtType":"java.util.List"
		},
		"isTest()":{
			"sig":"()Z",
			"args":"()",
			"isStatic":false,
			"isProtected":false,
			"name":"isTest",
			"isPublic":true,
			"isPrivate":false,
			"isFinal":false,
			"type":"define",
			"isAbstract":false,
			"rtType":"boolean"
		},
		"getLongs(java.lang.String,java.lang.String)":{
			"sig":"(Ljava/lang/String;Ljava/lang/String;)Ljava/util/List;",
			"args":"(java.lang.String,java.lang.String)",
			"isStatic":false,
			"isProtected":false,
			"name":"getLongs",
			"isPublic":true,
			"isPrivate":false,
			"isFinal":false,
			"type":"define",
			"isAbstract":false,
			"rtType":"java.util.List"
		},
		"getDouble(java.lang.String,double)":{
			"sig":"(Ljava/lang/String;D)D",
			"args":"(java.lang.String,double)",
			"isStatic":false,
			"isProtected":false,
			"name":"getDouble",
			"isPublic":true,
			"isPrivate":false,
			"isFinal":false,
			"type":"define",
			"isAbstract":false,
			"rtType":"double"
		},
		"getDurationInMilliseconds(java.lang.String,long)":{
			"sig":"(Ljava/lang/String;J)J",
			"args":"(java.lang.String,long)",
			"isStatic":false,
			"isProtected":false,
			"name":"getDurationInMilliseconds",
			"isPublic":true,
			"isPrivate":false,
			"isFinal":false,
			"type":"define",
			"isAbstract":false,
			"rtType":"long"
		},
		"<init>(ro.pippo.core.RuntimeMode)":{
			"sig":"(Lro/pippo/core/RuntimeMode;)V",
			"args":"(ro.pippo.core.RuntimeMode)",
			"isStatic":false,
			"isProtected":false,
			"name":"<init>",
			"isPublic":true,
			"isPrivate":false,
			"isFinal":false,
			"type":"define",
			"isAbstract":false,
			"rtType":"void"
		},
		"getDurationInHours(java.lang.String)":{
			"sig":"(Ljava/lang/String;)J",
			"args":"(java.lang.String)",
			"isStatic":false,
			"isProtected":false,
			"name":"getDurationInHours",
			"isPublic":true,
			"isPrivate":false,
			"isFinal":false,
			"type":"define",
			"isAbstract":false,
			"rtType":"long"
		},
		"loadProperties(java.io.File,java.util.Properties,java.lang.String,boolean)":{
			"sig":"(Ljava/io/File;Ljava/util/Properties;Ljava/lang/String;Z)Ljava/util/Properties;",
			"args":"(java.io.File,java.util.Properties,java.lang.String,boolean)",
			"isStatic":false,
			"isProtected":false,
			"name":"loadProperties",
			"isPublic":false,
			"isPrivate":true,
			"isFinal":false,
			"type":"define",
			"isAbstract":false,
			"rtType":"java.util.Properties"
		},
		"getDurationInHours(java.lang.String,long)":{
			"sig":"(Ljava/lang/String;J)J",
			"args":"(java.lang.String,long)",
			"isStatic":false,
			"isProtected":false,
			"name":"getDurationInHours",
			"isPublic":true,
			"isPrivate":false,
			"isFinal":false,
			"type":"define",
			"isAbstract":false,
			"rtType":"long"
		},
		"getSettingNames()":{
			"sig":"()Ljava/util/List;",
			"args":"()",
			"isStatic":false,
			"isProtected":false,
			"name":"getSettingNames",
			"isPublic":true,
			"isPrivate":false,
			"isFinal":false,
			"type":"define",
			"isAbstract":false,
			"rtType":"java.util.List"
		},
		"getRuntimeMode()":{
			"sig":"()Lro/pippo/core/RuntimeMode;",
			"args":"()",
			"isStatic":false,
			"isProtected":false,
			"name":"getRuntimeMode",
			"isPublic":true,
			"isPrivate":false,
			"isFinal":false,
			"type":"define",
			"isAbstract":false,
			"rtType":"ro.pippo.core.RuntimeMode"
		},
		"getFloat(java.lang.String,float)":{
			"sig":"(Ljava/lang/String;F)F",
			"args":"(java.lang.String,float)",
			"isStatic":false,
			"isProtected":false,
			"name":"getFloat",
			"isPublic":true,
			"isPrivate":false,
			"isFinal":false,
			"type":"define",
			"isAbstract":false,
			"rtType":"float"
		},
		"hasSetting(java.lang.String)":{
			"sig":"(Ljava/lang/String;)Z",
			"args":"(java.lang.String)",
			"isStatic":false,
			"isProtected":false,
			"name":"hasSetting",
			"isPublic":true,
			"isPrivate":false,
			"isFinal":false,
			"type":"define",
			"isAbstract":false,
			"rtType":"boolean"
		},
		"isDev()":{
			"sig":"()Z",
			"args":"()",
			"isStatic":false,
			"isProtected":false,
			"name":"isDev",
			"isPublic":true,
			"isPrivate":false,
			"isFinal":false,
			"type":"define",
			"isAbstract":false,
			"rtType":"boolean"
		},
		"overrideSetting(java.lang.String,double)":{
			"sig":"(Ljava/lang/String;D)V",
			"args":"(java.lang.String,double)",
			"isStatic":false,
			"isProtected":false,
			"name":"overrideSetting",
			"isPublic":true,
			"isPrivate":false,
			"isFinal":false,
			"type":"define",
			"isAbstract":false,
			"rtType":"void"
		},
		"interpolateString(java.lang.String)":{
			"sig":"(Ljava/lang/String;)Ljava/lang/String;",
			"args":"(java.lang.String)",
			"isStatic":false,
			"isProtected":true,
			"name":"interpolateString",
			"isPublic":false,
			"isPrivate":false,
			"isFinal":false,
			"type":"define",
			"isAbstract":false,
			"rtType":"java.lang.String"
		},
		"getIntegers(java.lang.String,java.lang.String)":{
			"sig":"(Ljava/lang/String;Ljava/lang/String;)Ljava/util/List;",
			"args":"(java.lang.String,java.lang.String)",
			"isStatic":false,
			"isProtected":false,
			"name":"getIntegers",
			"isPublic":true,
			"isPrivate":false,
			"isFinal":false,
			"type":"define",
			"isAbstract":false,
			"rtType":"java.util.List"
		},
		"getSettingNames(java.lang.String)":{
			"sig":"(Ljava/lang/String;)Ljava/util/List;",
			"args":"(java.lang.String)",
			"isStatic":false,
			"isProtected":false,
			"name":"getSettingNames",
			"isPublic":true,
			"isPrivate":false,
			"isFinal":false,
			"type":"define",
			"isAbstract":false,
			"rtType":"java.util.List"
		},
		"loadIncludes(java.io.File,java.util.Properties)":{
			"sig":"(Ljava/io/File;Ljava/util/Properties;)Ljava/util/Properties;",
			"args":"(java.io.File,java.util.Properties)",
			"isStatic":false,
			"isProtected":false,
			"name":"loadIncludes",
			"isPublic":false,
			"isPrivate":true,
			"isFinal":false,
			"type":"define",
			"isAbstract":false,
			"rtType":"java.util.Properties"
		},
		"getRequiredString(java.lang.String)":{
			"sig":"(Ljava/lang/String;)Ljava/lang/String;",
			"args":"(java.lang.String)",
			"isStatic":false,
			"isProtected":false,
			"name":"getRequiredString",
			"isPublic":true,
			"isPrivate":false,
			"isFinal":false,
			"type":"define",
			"isAbstract":false,
			"rtType":"java.lang.String"
		},
		"getDoubles(java.lang.String)":{
			"sig":"(Ljava/lang/String;)Ljava/util/List;",
			"args":"(java.lang.String)",
			"isStatic":false,
			"isProtected":false,
			"name":"getDoubles",
			"isPublic":true,
			"isPrivate":false,
			"isFinal":false,
			"type":"define",
			"isAbstract":false,
			"rtType":"java.util.List"
		},
		"getDurationInSeconds(java.lang.String)":{
			"sig":"(Ljava/lang/String;)J",
			"args":"(java.lang.String)",
			"isStatic":false,
			"isProtected":false,
			"name":"getDurationInSeconds",
			"isPublic":true,
			"isPrivate":false,
			"isFinal":false,
			"type":"define",
			"isAbstract":false,
			"rtType":"long"
		},
		"getBoolean(java.lang.String,boolean)":{
			"sig":"(Ljava/lang/String;Z)Z",
			"args":"(java.lang.String,boolean)",
			"isStatic":false,
			"isProtected":false,
			"name":"getBoolean",
			"isPublic":true,
			"isPrivate":false,
			"isFinal":false,
			"type":"define",
			"isAbstract":false,
			"rtType":"boolean"
		},
		"getDurationInDays(java.lang.String,long)":{
			"sig":"(Ljava/lang/String;J)J",
			"args":"(java.lang.String,long)",
			"isStatic":false,
			"isProtected":false,
			"name":"getDurationInDays",
			"isPublic":true,
			"isPrivate":false,
			"isFinal":false,
			"type":"define",
			"isAbstract":false,
			"rtType":"long"
		},
		"getPropertiesUrl()":{
			"sig":"()Ljava/net/URL;",
			"args":"()",
			"isStatic":false,
			"isProtected":false,
			"name":"getPropertiesUrl",
			"isPublic":false,
			"isPrivate":true,
			"isFinal":false,
			"type":"define",
			"isAbstract":false,
			"rtType":"java.net.URL"
		},
		"getDurationInDays(java.lang.String)":{
			"sig":"(Ljava/lang/String;)J",
			"args":"(java.lang.String)",
			"isStatic":false,
			"isProtected":false,
			"name":"getDurationInDays",
			"isPublic":true,
			"isPrivate":false,
			"isFinal":false,
			"type":"define",
			"isAbstract":false,
			"rtType":"long"
		},
		"getLong(java.lang.String,long)":{
			"sig":"(Ljava/lang/String;J)J",
			"args":"(java.lang.String,long)",
			"isStatic":false,
			"isProtected":false,
			"name":"getLong",
			"isPublic":true,
			"isPrivate":false,
			"isFinal":false,
			"type":"define",
			"isAbstract":false,
			"rtType":"long"
		},
		"overrideSetting(java.lang.String,boolean)":{
			"sig":"(Ljava/lang/String;Z)V",
			"args":"(java.lang.String,boolean)",
			"isStatic":false,
			"isProtected":false,
			"name":"overrideSetting",
			"isPublic":true,
			"isPrivate":false,
			"isFinal":false,
			"type":"define",
			"isAbstract":false,
			"rtType":"void"
		},
		"getDurationInSeconds(java.lang.String,long)":{
			"sig":"(Ljava/lang/String;J)J",
			"args":"(java.lang.String,long)",
			"isStatic":false,
			"isProtected":false,
			"name":"getDurationInSeconds",
			"isPublic":true,
			"isPrivate":false,
			"isFinal":false,
			"type":"define",
			"isAbstract":false,
			"rtType":"long"
		},
		"addInterpolationValue(java.lang.String,java.lang.String)":{
			"sig":"(Ljava/lang/String;Ljava/lang/String;)V",
			"args":"(java.lang.String,java.lang.String)",
			"isStatic":false,
			"isProtected":true,
			"name":"addInterpolationValue",
			"isPublic":false,
			"isPrivate":false,
			"isFinal":false,
			"type":"define",
			"isAbstract":false,
			"rtType":"void"
		},
		"getProperties()":{
			"sig":"()Ljava/util/Properties;",
			"args":"()",
			"isStatic":false,
			"isProtected":false,
			"name":"getProperties",
			"isPublic":false,
			"isPrivate":true,
			"isFinal":false,
			"type":"define",
			"isAbstract":false,
			"rtType":"java.util.Properties"
		},
		"getDoubles(java.lang.String,java.lang.String)":{
			"sig":"(Ljava/lang/String;Ljava/lang/String;)Ljava/util/List;",
			"args":"(java.lang.String,java.lang.String)",
			"isStatic":false,
			"isProtected":false,
			"name":"getDoubles",
			"isPublic":true,
			"isPrivate":false,
			"isFinal":false,
			"type":"define",
			"isAbstract":false,
			"rtType":"java.util.List"
		},
		"getDurationInMinutes(java.lang.String,long)":{
			"sig":"(Ljava/lang/String;J)J",
			"args":"(java.lang.String,long)",
			"isStatic":false,
			"isProtected":false,
			"name":"getDurationInMinutes",
			"isPublic":true,
			"isPrivate":false,
			"isFinal":false,
			"type":"define",
			"isAbstract":false,
			"rtType":"long"
		}
	},
	"isPublic":true,
	"className":"ro.pippo.core.PippoSettings",
	"interNames":{},
	"isFinal":false,
	"isPrivate":false,
	"isAbstract":false,
	"isInterface":false,
	"superClassName":"java.lang.Object"
}