{
	"isProtected":false,
	"finishedSearch":false,
	"methods":{
		"locateAll(java.lang.Class)":{
			"sig":"(Ljava/lang/Class;)Ljava/util/List;",
			"args":"(java.lang.Class)",
			"isStatic":true,
			"isProtected":false,
			"name":"locateAll",
			"isPublic":true,
			"isPrivate":false,
			"isFinal":false,
			"type":"define",
			"isAbstract":false,
			"rtType":"java.util.List"
		},
		"<init>()":{
			"sig":"()V",
			"args":"()",
			"isStatic":false,
			"isProtected":false,
			"name":"<init>",
			"isPublic":false,
			"isPrivate":true,
			"isFinal":false,
			"type":"define",
			"isAbstract":false,
			"rtType":"void"
		},
		"<clinit>()":{
			"sig":"()V",
			"args":"()",
			"isStatic":true,
			"isProtected":false,
			"name":"<clinit>",
			"isPublic":false,
			"isPrivate":false,
			"isFinal":false,
			"type":"define",
			"isAbstract":false,
			"rtType":"void"
		},
		"locate(java.lang.Class,java.lang.ClassLoader)":{
			"sig":"(Ljava/lang/Class;Ljava/lang/ClassLoader;)Ljava/lang/Object;",
			"args":"(java.lang.Class,java.lang.ClassLoader)",
			"isStatic":true,
			"isProtected":false,
			"name":"locate",
			"isPublic":true,
			"isPrivate":false,
			"isFinal":false,
			"type":"define",
			"isAbstract":false,
			"rtType":"java.lang.Object"
		},
		"locateAll(java.lang.Class,java.lang.ClassLoader)":{
			"sig":"(Ljava/lang/Class;Ljava/lang/ClassLoader;)Ljava/util/List;",
			"args":"(java.lang.Class,java.lang.ClassLoader)",
			"isStatic":true,
			"isProtected":false,
			"name":"locateAll",
			"isPublic":true,
			"isPrivate":false,
			"isFinal":false,
			"type":"define",
			"isAbstract":false,
			"rtType":"java.util.List"
		},
		"locate(java.lang.Class)":{
			"sig":"(Ljava/lang/Class;)Ljava/lang/Object;",
			"args":"(java.lang.Class)",
			"isStatic":true,
			"isProtected":false,
			"name":"locate",
			"isPublic":true,
			"isPrivate":false,
			"isFinal":false,
			"type":"define",
			"isAbstract":false,
			"rtType":"java.lang.Object"
		}
	},
	"isPublic":true,
	"className":"ro.pippo.core.util.ServiceLocator",
	"interNames":{},
	"isFinal":false,
	"isPrivate":false,
	"isAbstract":false,
	"isInterface":false,
	"superClassName":"java.lang.Object"
}