{
	"isProtected":false,
	"finishedSearch":false,
	"methods":{
		"removeRouteGroup(ro.pippo.core.route.RouteGroup)":{
			"sig":"(Lro/pippo/core/route/RouteGroup;)V",
			"args":"(ro.pippo.core.route.RouteGroup)",
			"isStatic":false,
			"isProtected":false,
			"name":"removeRouteGroup",
			"isPublic":true,
			"isPrivate":false,
			"isFinal":false,
			"type":"define",
			"isAbstract":true,
			"rtType":"void"
		},
		"uriFor(java.lang.String)":{
			"sig":"(Ljava/lang/String;)Ljava/lang/String;",
			"args":"(java.lang.String)",
			"isStatic":false,
			"isProtected":false,
			"name":"uriFor",
			"isPublic":true,
			"isPrivate":false,
			"isFinal":false,
			"type":"define",
			"isAbstract":true,
			"rtType":"java.lang.String"
		},
		"compileRoutes()":{
			"sig":"()V",
			"args":"()",
			"isStatic":false,
			"isProtected":false,
			"name":"compileRoutes",
			"isPublic":true,
			"isPrivate":false,
			"isFinal":false,
			"type":"define",
			"isAbstract":true,
			"rtType":"void"
		},
		"getApplicationPath()":{
			"sig":"()Ljava/lang/String;",
			"args":"()",
			"isStatic":false,
			"isProtected":false,
			"name":"getApplicationPath",
			"isPublic":true,
			"isPrivate":false,
			"isFinal":false,
			"type":"define",
			"isAbstract":true,
			"rtType":"java.lang.String"
		},
		"addRoute(ro.pippo.core.route.Route)":{
			"sig":"(Lro/pippo/core/route/Route;)V",
			"args":"(ro.pippo.core.route.Route)",
			"isStatic":false,
			"isProtected":false,
			"name":"addRoute",
			"isPublic":true,
			"isPrivate":false,
			"isFinal":false,
			"type":"define",
			"isAbstract":true,
			"rtType":"void"
		},
		"removeRoute(ro.pippo.core.route.Route)":{
			"sig":"(Lro/pippo/core/route/Route;)V",
			"args":"(ro.pippo.core.route.Route)",
			"isStatic":false,
			"isProtected":false,
			"name":"removeRoute",
			"isPublic":true,
			"isPrivate":false,
			"isFinal":false,
			"type":"define",
			"isAbstract":true,
			"rtType":"void"
		},
		"ignorePaths(java.lang.String[])":{
			"sig":"([Ljava/lang/String;)V",
			"args":"(java.lang.String[])",
			"isStatic":false,
			"isProtected":false,
			"name":"ignorePaths",
			"isPublic":true,
			"isPrivate":false,
			"isFinal":false,
			"type":"define",
			"isAbstract":true,
			"rtType":"void"
		},
		"getRoutes()":{
			"sig":"()Ljava/util/List;",
			"args":"()",
			"isStatic":false,
			"isProtected":false,
			"name":"getRoutes",
			"isPublic":true,
			"isPrivate":false,
			"isFinal":false,
			"type":"define",
			"isAbstract":true,
			"rtType":"java.util.List"
		},
		"addRouteGroup(ro.pippo.core.route.RouteGroup)":{
			"sig":"(Lro/pippo/core/route/RouteGroup;)V",
			"args":"(ro.pippo.core.route.RouteGroup)",
			"isStatic":false,
			"isProtected":false,
			"name":"addRouteGroup",
			"isPublic":true,
			"isPrivate":false,
			"isFinal":false,
			"type":"define",
			"isAbstract":true,
			"rtType":"void"
		},
		"addRouteTransformer(ro.pippo.core.route.RouteTransformer)":{
			"sig":"(Lro/pippo/core/route/RouteTransformer;)V",
			"args":"(ro.pippo.core.route.RouteTransformer)",
			"isStatic":false,
			"isProtected":false,
			"name":"addRouteTransformer",
			"isPublic":true,
			"isPrivate":false,
			"isFinal":false,
			"type":"define",
			"isAbstract":true,
			"rtType":"void"
		},
		"setContextPath(java.lang.String)":{
			"sig":"(Ljava/lang/String;)V",
			"args":"(java.lang.String)",
			"isStatic":false,
			"isProtected":false,
			"name":"setContextPath",
			"isPublic":true,
			"isPrivate":false,
			"isFinal":false,
			"type":"define",
			"isAbstract":true,
			"rtType":"void"
		},
		"getContextPath()":{
			"sig":"()Ljava/lang/String;",
			"args":"()",
			"isStatic":false,
			"isProtected":false,
			"name":"getContextPath",
			"isPublic":true,
			"isPrivate":false,
			"isFinal":false,
			"type":"define",
			"isAbstract":true,
			"rtType":"java.lang.String"
		},
		"getRouteTransformers()":{
			"sig":"()Ljava/util/List;",
			"args":"()",
			"isStatic":false,
			"isProtected":false,
			"name":"getRouteTransformers",
			"isPublic":true,
			"isPrivate":false,
			"isFinal":false,
			"type":"define",
			"isAbstract":true,
			"rtType":"java.util.List"
		},
		"setApplicationPath(java.lang.String)":{
			"sig":"(Ljava/lang/String;)V",
			"args":"(java.lang.String)",
			"isStatic":false,
			"isProtected":false,
			"name":"setApplicationPath",
			"isPublic":true,
			"isPrivate":false,
			"isFinal":false,
			"type":"define",
			"isAbstract":true,
			"rtType":"void"
		},
		"getIgnorePaths()":{
			"sig":"()Ljava/util/Set;",
			"args":"()",
			"isStatic":false,
			"isProtected":false,
			"name":"getIgnorePaths",
			"isPublic":true,
			"isPrivate":false,
			"isFinal":false,
			"type":"define",
			"isAbstract":true,
			"rtType":"java.util.Set"
		},
		"uriFor(java.lang.String,java.util.Map)":{
			"sig":"(Ljava/lang/String;Ljava/util/Map;)Ljava/lang/String;",
			"args":"(java.lang.String,java.util.Map)",
			"isStatic":false,
			"isProtected":false,
			"name":"uriFor",
			"isPublic":true,
			"isPrivate":false,
			"isFinal":false,
			"type":"define",
			"isAbstract":true,
			"rtType":"java.lang.String"
		},
		"uriPatternFor(java.lang.Class)":{
			"sig":"(Ljava/lang/Class;)Ljava/lang/String;",
			"args":"(java.lang.Class)",
			"isStatic":false,
			"isProtected":false,
			"name":"uriPatternFor",
			"isPublic":true,
			"isPrivate":false,
			"isFinal":false,
			"type":"define",
			"isAbstract":true,
			"rtType":"java.lang.String"
		},
		"findRoutes(java.lang.String,java.lang.String)":{
			"sig":"(Ljava/lang/String;Ljava/lang/String;)Ljava/util/List;",
			"args":"(java.lang.String,java.lang.String)",
			"isStatic":false,
			"isProtected":false,
			"name":"findRoutes",
			"isPublic":true,
			"isPrivate":false,
			"isFinal":false,
			"type":"define",
			"isAbstract":true,
			"rtType":"java.util.List"
		}
	},
	"isPublic":true,
	"className":"ro.pippo.core.route.Router",
	"interNames":{},
	"isFinal":false,
	"isPrivate":false,
	"isAbstract":true,
	"isInterface":true,
	"superClassName":"java.lang.Object"
}