{
	"isProtected":false,
	"finishedSearch":false,
	"methods":{
		"getAsObject(java.lang.String[],java.util.Locale,java.lang.String)":{
			"sig":"([Ljava/lang/String;Ljava/util/Locale;Ljava/lang/String;)Ljava/lang/Object;",
			"args":"(java.lang.String[],java.util.Locale,java.lang.String)",
			"isStatic":false,
			"isProtected":false,
			"name":"getAsObject",
			"isPublic":true,
			"isPrivate":false,
			"isFinal":false,
			"type":"define",
			"isAbstract":true,
			"rtType":"java.lang.Object"
		}
	},
	"isPublic":true,
	"className":"ro.pippo.core.converters.Converter",
	"interNames":{},
	"isFinal":false,
	"isPrivate":false,
	"isAbstract":true,
	"isInterface":true,
	"superClassName":"java.lang.Object"
}