{
	"isProtected":false,
	"finishedSearch":false,
	"methods":{
		"getPippoFilter()":{
			"sig":"()Lro/pippo/core/PippoFilter;",
			"args":"()",
			"isStatic":false,
			"isProtected":false,
			"name":"getPippoFilter",
			"isPublic":true,
			"isPrivate":false,
			"isFinal":false,
			"type":"define",
			"isAbstract":true,
			"rtType":"ro.pippo.core.PippoFilter"
		},
		"getPippoFilterPath()":{
			"sig":"()Ljava/lang/String;",
			"args":"()",
			"isStatic":false,
			"isProtected":false,
			"name":"getPippoFilterPath",
			"isPublic":true,
			"isPrivate":false,
			"isFinal":false,
			"type":"define",
			"isAbstract":true,
			"rtType":"java.lang.String"
		},
		"setPippoFilter(ro.pippo.core.PippoFilter)":{
			"sig":"(Lro/pippo/core/PippoFilter;)Lro/pippo/core/WebServer;",
			"args":"(ro.pippo.core.PippoFilter)",
			"isStatic":false,
			"isProtected":false,
			"name":"setPippoFilter",
			"isPublic":true,
			"isPrivate":false,
			"isFinal":false,
			"type":"define",
			"isAbstract":true,
			"rtType":"ro.pippo.core.WebServer"
		},
		"setPippoFilterPath(java.lang.String)":{
			"sig":"(Ljava/lang/String;)Lro/pippo/core/WebServer;",
			"args":"(java.lang.String)",
			"isStatic":false,
			"isProtected":false,
			"name":"setPippoFilterPath",
			"isPublic":true,
			"isPrivate":false,
			"isFinal":false,
			"type":"define",
			"isAbstract":true,
			"rtType":"ro.pippo.core.WebServer"
		},
		"stop()":{
			"sig":"()V",
			"args":"()",
			"isStatic":false,
			"isProtected":false,
			"name":"stop",
			"isPublic":true,
			"isPrivate":false,
			"isFinal":false,
			"type":"define",
			"isAbstract":true,
			"rtType":"void"
		},
		"start()":{
			"sig":"()V",
			"args":"()",
			"isStatic":false,
			"isProtected":false,
			"name":"start",
			"isPublic":true,
			"isPrivate":false,
			"isFinal":false,
			"type":"define",
			"isAbstract":true,
			"rtType":"void"
		},
		"addListener(java.lang.Class)":{
			"sig":"(Ljava/lang/Class;)Lro/pippo/core/WebServer;",
			"args":"(java.lang.Class)",
			"isStatic":false,
			"isProtected":false,
			"name":"addListener",
			"isPublic":true,
			"isPrivate":false,
			"isFinal":false,
			"type":"define",
			"isAbstract":true,
			"rtType":"ro.pippo.core.WebServer"
		},
		"getSettings()":{
			"sig":"()Lro/pippo/core/WebServerSettings;",
			"args":"()",
			"isStatic":false,
			"isProtected":false,
			"name":"getSettings",
			"isPublic":true,
			"isPrivate":false,
			"isFinal":false,
			"type":"define",
			"isAbstract":true,
			"rtType":"ro.pippo.core.WebServerSettings"
		},
		"setPort(int)":{
			"sig":"(I)Lro/pippo/core/WebServer;",
			"args":"(int)",
			"isStatic":false,
			"isProtected":false,
			"name":"setPort",
			"isPublic":true,
			"isPrivate":false,
			"isFinal":false,
			"type":"define",
			"isAbstract":false,
			"rtType":"ro.pippo.core.WebServer"
		},
		"init(ro.pippo.core.Application)":{
			"sig":"(Lro/pippo/core/Application;)Lro/pippo/core/WebServer;",
			"args":"(ro.pippo.core.Application)",
			"isStatic":false,
			"isProtected":false,
			"name":"init",
			"isPublic":true,
			"isPrivate":false,
			"isFinal":false,
			"type":"define",
			"isAbstract":true,
			"rtType":"ro.pippo.core.WebServer"
		},
		"getPort()":{
			"sig":"()I",
			"args":"()",
			"isStatic":false,
			"isProtected":false,
			"name":"getPort",
			"isPublic":true,
			"isPrivate":false,
			"isFinal":false,
			"type":"define",
			"isAbstract":false,
			"rtType":"int"
		}
	},
	"isPublic":true,
	"className":"ro.pippo.core.WebServer",
	"interNames":{},
	"isFinal":false,
	"isPrivate":false,
	"isAbstract":true,
	"isInterface":true,
	"superClassName":"java.lang.Object"
}