{
	"isProtected":false,
	"finishedSearch":false,
	"methods":{
		"handle(java.lang.Exception,ro.pippo.core.route.RouteContext)":{
			"sig":"(Ljava/lang/Exception;Lro/pippo/core/route/RouteContext;)V",
			"args":"(java.lang.Exception,ro.pippo.core.route.RouteContext)",
			"isStatic":false,
			"isProtected":false,
			"name":"handle",
			"isPublic":true,
			"isPrivate":false,
			"isFinal":false,
			"type":"define",
			"isAbstract":true,
			"rtType":"void"
		}
	},
	"isPublic":true,
	"className":"ro.pippo.core.ExceptionHandler",
	"interNames":{},
	"isFinal":false,
	"isPrivate":false,
	"isAbstract":true,
	"isInterface":true,
	"superClassName":"java.lang.Object"
}