{
	"isProtected":false,
	"finishedSearch":false,
	"methods":{
		"indexWebjars()":{
			"sig":"()Ljava/util/Map;",
			"args":"()",
			"isStatic":false,
			"isProtected":false,
			"name":"indexWebjars",
			"isPublic":false,
			"isPrivate":true,
			"isFinal":false,
			"type":"define",
			"isAbstract":false,
			"rtType":"java.util.Map"
		},
		"locatePomProperties()":{
			"sig":"()Ljava/util/List;",
			"args":"()",
			"isStatic":false,
			"isProtected":false,
			"name":"locatePomProperties",
			"isPublic":false,
			"isPrivate":true,
			"isFinal":false,
			"type":"define",
			"isAbstract":false,
			"rtType":"java.util.List"
		},
		"<init>()":{
			"sig":"()V",
			"args":"()",
			"isStatic":false,
			"isProtected":false,
			"name":"<init>",
			"isPublic":true,
			"isPrivate":false,
			"isFinal":false,
			"type":"define",
			"isAbstract":false,
			"rtType":"void"
		},
		"<clinit>()":{
			"sig":"()V",
			"args":"()",
			"isStatic":true,
			"isProtected":false,
			"name":"<clinit>",
			"isPublic":false,
			"isPrivate":false,
			"isFinal":false,
			"type":"define",
			"isAbstract":false,
			"rtType":"void"
		},
		"<init>(java.lang.String)":{
			"sig":"(Ljava/lang/String;)V",
			"args":"(java.lang.String)",
			"isStatic":false,
			"isProtected":false,
			"name":"<init>",
			"isPublic":true,
			"isPrivate":false,
			"isFinal":false,
			"type":"define",
			"isAbstract":false,
			"rtType":"void"
		},
		"getResourceVersion(java.lang.String)":{
			"sig":"(Ljava/lang/String;)Ljava/lang/String;",
			"args":"(java.lang.String)",
			"isStatic":false,
			"isProtected":true,
			"name":"getResourceVersion",
			"isPublic":false,
			"isPrivate":false,
			"isFinal":false,
			"type":"define",
			"isAbstract":false,
			"rtType":"java.lang.String"
		},
		"getResourceUrl(java.lang.String)":{
			"sig":"(Ljava/lang/String;)Ljava/net/URL;",
			"args":"(java.lang.String)",
			"isStatic":false,
			"isProtected":false,
			"name":"getResourceUrl",
			"isPublic":true,
			"isPrivate":false,
			"isFinal":false,
			"type":"define",
			"isAbstract":false,
			"rtType":"java.net.URL"
		}
	},
	"isPublic":true,
	"className":"ro.pippo.core.route.WebjarsResourceHandler",
	"interNames":{},
	"isFinal":false,
	"isPrivate":false,
	"isAbstract":false,
	"isInterface":false,
	"superClassName":"ro.pippo.core.route.ClasspathResourceHandler"
}