[{"groupId": "com.fasterxml.jackson.core", "artifactId": "jackson-annotations", "packaging": "jar", "version": "2.8.0", "scope": "compile"}, {"groupId": "org.eclipse.aether", "artifactId": "aether-impl", "packaging": "jar", "version": "1.0.0.v20140518", "scope": "compile"}, {"groupId": "aopalliance", "artifactId": "aopalliance", "packaging": "jar", "version": "1.0", "scope": "compile"}, {"groupId": "org.codehaus.plexus", "artifactId": "plexus-archiver", "packaging": "jar", "version": "3.5", "scope": "compile"}, {"groupId": "org.eclipse.aether", "artifactId": "aether-spi", "packaging": "jar", "version": "1.0.0.v20140518", "scope": "compile"}, {"groupId": "org.eclipse.aether", "artifactId": "aether-api", "packaging": "jar", "version": "1.1.0", "scope": "compile"}, {"groupId": "org.hamcrest", "artifactId": "hamcrest-library", "packaging": "jar", "version": "1.3", "scope": "compile"}, {"groupId": "org.apache.maven", "artifactId": "maven-settings-builder", "packaging": "jar", "version": "3.2.5", "scope": "compile"}, {"groupId": "org.apache.maven", "artifactId": "maven-model-builder", "packaging": "jar", "version": "3.2.5", "scope": "compile"}, {"groupId": "org.codehaus.plexus", "artifactId": "plexus-io", "packaging": "jar", "version": "3.0.0", "scope": "compile"}, {"groupId": "javax.enterprise", "artifactId": "cdi-api", "packaging": "jar", "version": "1.0", "scope": "compile"}, {"groupId": "org.apache.maven", "artifactId": "maven-artifact", "packaging": "jar", "version": "3.2.5", "scope": "compile"}, {"groupId": "org.codehaus.plexus", "artifactId": "plexus-component-annotations", "packaging": "jar", "version": "1.5.5", "scope": "compile"}, {"groupId": "org.apache.maven", "artifactId": "maven-core", "packaging": "jar", "version": "3.2.5", "scope": "compile"}, {"groupId": "org.apache.httpcomponents", "artifactId": "httpclient", "packaging": "jar", "version": "4.5.2", "scope": "compile"}, {"groupId": "com.fasterxml.jackson.core", "artifactId": "jackson-databind", "packaging": "jar", "version": "2.8.11.1", "scope": "compile"}, {"groupId": "org.apache.maven", "artifactId": "maven-repository-metadata", "packaging": "jar", "version": "3.2.5", "scope": "compile"}, {"groupId": "javax.annotation", "artifactId": "jsr250-api", "packaging": "jar", "version": "1.0", "scope": "compile"}, {"groupId": "org.hamcrest", "artifactId": "hamcrest-core", "packaging": "jar", "version": "1.3", "scope": "compile"}, {"groupId": "org.apache.maven.wagon", "artifactId": "wagon-provider-api", "packaging": "jar", "version": "2.8", "scope": "compile"}, {"groupId": "commons-codec", "artifactId": "commons-codec", "packaging": "jar", "version": "1.9", "scope": "compile"}, {"groupId": "org.apache.commons", "artifactId": "commons-lang3", "packaging": "jar", "version": "3.5", "scope": "compile"}, {"groupId": "org.zeroturnaround", "artifactId": "zt-zip", "packaging": "jar", "version": "1.10", "scope": "compile"}, {"groupId": "com.google.guava", "artifactId": "guava", "packaging": "jar", "version": "20.0", "scope": "compile"}, {"groupId": "commons-logging", "artifactId": "commons-logging", "packaging": "jar", "version": "1.2", "scope": "compile"}, {"groupId": "org.codehaus.plexus", "artifactId": "plexus-utils", "packaging": "jar", "version": "3.0.20", "scope": "compile"}, {"groupId": "org.eclipse.sisu", "artifactId": "org.eclipse.sisu.inject", "packaging": "jar", "version": "0.3.0.M1", "scope": "compile"}, {"groupId": "org.codehaus.plexus", "artifactId": "plexus-interpolation", "packaging": "jar", "version": "1.21", "scope": "compile"}, {"groupId": "org.sonatype.plexus", "artifactId": "plexus-cipher", "packaging": "jar", "version": "1.4", "scope": "compile"}, {"groupId": "org.apache.maven", "artifactId": "maven-compat", "packaging": "jar", "version": "3.2.5", "scope": "compile"}, {"groupId": "org.iq80.snappy", "artifactId": "snappy", "packaging": "jar", "version": "0.4", "scope": "compile"}, {"groupId": "commons-io", "artifactId": "commons-io", "packaging": "jar", "version": "2.5", "scope": "compile"}, {"groupId": "com.fasterxml.jackson.core", "artifactId": "jackson-core", "packaging": "jar", "version": "2.8.10", "scope": "compile"}, {"groupId": "org.eclipse.sisu", "artifactId": "org.eclipse.sisu.plexus", "packaging": "jar", "version": "0.3.0.M1", "scope": "compile"}, {"groupId": "org.apache.commons", "artifactId": "commons-compress", "packaging": "jar", "version": "1.14", "scope": "compile"}, {"groupId": "org.codehaus.plexus", "artifactId": "plexus-classworlds", "packaging": "jar", "version": "2.5.2", "scope": "compile"}, {"groupId": "org.apache.commons", "artifactId": "commons-exec", "packaging": "jar", "version": "1.3", "scope": "compile"}, {"groupId": "org.objenesis", "artifactId": "objenesis", "packaging": "jar", "version": "2.1", "scope": "compile"}, {"groupId": "org.apache.maven", "artifactId": "maven-plugin-api", "packaging": "jar", "version": "3.2.5", "scope": "compile"}, {"groupId": "org.sonatype.sisu", "artifactId": "sisu-guice", "packaging": "jar", "version": "no_aop", "scope": "3.2.3"}, {"groupId": "cglib", "artifactId": "cglib-nodep", "packaging": "jar", "version": "3.1", "scope": "compile"}, {"groupId": "javax.inject", "artifactId": "javax.inject", "packaging": "jar", "version": "1", "scope": "compile"}, {"groupId": "org.sonatype.plexus", "artifactId": "plexus-sec-dispatcher", "packaging": "jar", "version": "1.3", "scope": "compile"}, {"groupId": "org.awaitility", "artifactId": "awaitility", "packaging": "jar", "version": "2.0.0", "scope": "compile"}, {"groupId": "org.apache.maven.plugin-tools", "artifactId": "maven-plugin-annotations", "packaging": "jar", "version": "3.5", "scope": "provided"}, {"groupId": "org.eclipse.aether", "artifactId": "aether-util", "packaging": "jar", "version": "1.0.0.v20140518", "scope": "compile"}, {"groupId": "org.slf4j", "artifactId": "slf4j-api", "packaging": "jar", "version": "1.6.6", "scope": "compile"}, {"groupId": "org.apache.maven", "artifactId": "maven-settings", "packaging": "jar", "version": "3.2.5", "scope": "compile"}, {"groupId": "org.apache.httpcomponents", "artifactId": "httpcore", "packaging": "jar", "version": "4.4.4", "scope": "compile"}, {"groupId": "org.mockito", "artifactId": "mockito-core", "packaging": "jar", "version": "2.2.17", "scope": "compile"}]