[{"groupId": "org.apache.maven", "artifactId": "maven-plugin-api", "packaging": "jar", "version": "3.2.5", "scope": "compile"}, {"groupId": "commons-io", "artifactId": "commons-io", "packaging": "jar", "version": "2.5", "scope": "compile"}, {"groupId": "org.awaitility", "artifactId": "awaitility", "packaging": "jar", "version": "2.0.0", "scope": "compile"}, {"groupId": "org.apache.maven.plugin-tools", "artifactId": "maven-plugin-annotations", "packaging": "jar", "version": "3.5", "scope": "provided"}, {"groupId": "org.codehaus.plexus", "artifactId": "plexus-archiver", "packaging": "jar", "version": "3.5", "scope": "compile"}, {"groupId": "org.eclipse.aether", "artifactId": "aether-api", "packaging": "jar", "version": "1.1.0", "scope": "compile"}, {"groupId": "org.apache.commons", "artifactId": "commons-lang3", "packaging": "jar", "version": "3.5", "scope": "compile"}, {"groupId": "org.zeroturnaround", "artifactId": "zt-zip", "packaging": "jar", "version": "1.10", "scope": "compile"}, {"groupId": "com.google.guava", "artifactId": "guava", "packaging": "jar", "version": "20.0", "scope": "compile"}, {"groupId": "org.apache.commons", "artifactId": "commons-exec", "packaging": "jar", "version": "1.3", "scope": "compile"}, {"groupId": "org.apache.maven", "artifactId": "maven-compat", "packaging": "jar", "version": "3.2.5", "scope": "compile"}, {"groupId": "org.apache.maven", "artifactId": "maven-artifact", "packaging": "jar", "version": "3.2.5", "scope": "compile"}, {"groupId": "org.apache.maven", "artifactId": "maven-core", "packaging": "jar", "version": "3.2.5", "scope": "compile"}, {"groupId": "org.apache.httpcomponents", "artifactId": "httpclient", "packaging": "jar", "version": "4.5.2", "scope": "compile"}, {"groupId": "com.fasterxml.jackson.core", "artifactId": "jackson-databind", "packaging": "jar", "version": "2.8.11.1", "scope": "compile"}, {"groupId": "org.mockito", "artifactId": "mockito-core", "packaging": "jar", "version": "2.2.17", "scope": "compile"}]