{
	"isProtected":false,
	"finishedSearch":false,
	"methods":{
		"<init>(javax.servlet.http.HttpSession)":{
			"sig":"(Ljavax/servlet/http/HttpSession;)V",
			"args":"(javax.servlet.http.HttpSession)",
			"isStatic":false,
			"isProtected":false,
			"name":"<init>",
			"isPublic":true,
			"isPrivate":false,
			"isFinal":false,
			"type":"define",
			"isAbstract":false,
			"rtType":"void"
		},
		"getSession()":{
			"sig":"()Ljavax/servlet/http/HttpSession;",
			"args":"()",
			"isStatic":false,
			"isProtected":false,
			"name":"getSession",
			"isPublic":true,
			"isPrivate":false,
			"isFinal":false,
			"type":"define",
			"isAbstract":false,
			"rtType":"javax.servlet.http.HttpSession"
		}
	},
	"isPublic":true,
	"className":"javax.servlet.http.HttpSessionEvent",
	"interNames":{},
	"isFinal":false,
	"isPrivate":false,
	"isAbstract":false,
	"isInterface":false,
	"superClassName":"java.util.EventObject"
}