{
	"isProtected":false,
	"finishedSearch":false,
	"methods":{
		"getServletRegistration(java.lang.String)":{
			"sig":"(Ljava/lang/String;)Ljavax/servlet/ServletRegistration;",
			"args":"(java.lang.String)",
			"isStatic":false,
			"isProtected":false,
			"name":"getServletRegistration",
			"isPublic":true,
			"isPrivate":false,
			"isFinal":false,
			"type":"define",
			"isAbstract":true,
			"rtType":"javax.servlet.ServletRegistration"
		},
		"setSessionTrackingModes(java.util.Set)":{
			"sig":"(Ljava/util/Set;)V",
			"args":"(java.util.Set)",
			"isStatic":false,
			"isProtected":false,
			"name":"setSessionTrackingModes",
			"isPublic":true,
			"isPrivate":false,
			"isFinal":false,
			"type":"define",
			"isAbstract":true,
			"rtType":"void"
		},
		"getMimeType(java.lang.String)":{
			"sig":"(Ljava/lang/String;)Ljava/lang/String;",
			"args":"(java.lang.String)",
			"isStatic":false,
			"isProtected":false,
			"name":"getMimeType",
			"isPublic":true,
			"isPrivate":false,
			"isFinal":false,
			"type":"define",
			"isAbstract":true,
			"rtType":"java.lang.String"
		},
		"getNamedDispatcher(java.lang.String)":{
			"sig":"(Ljava/lang/String;)Ljavax/servlet/RequestDispatcher;",
			"args":"(java.lang.String)",
			"isStatic":false,
			"isProtected":false,
			"name":"getNamedDispatcher",
			"isPublic":true,
			"isPrivate":false,
			"isFinal":false,
			"type":"define",
			"isAbstract":true,
			"rtType":"javax.servlet.RequestDispatcher"
		},
		"getEffectiveMajorVersion()":{
			"sig":"()I",
			"args":"()",
			"isStatic":false,
			"isProtected":false,
			"name":"getEffectiveMajorVersion",
			"isPublic":true,
			"isPrivate":false,
			"isFinal":false,
			"type":"define",
			"isAbstract":true,
			"rtType":"int"
		},
		"getFilterRegistration(java.lang.String)":{
			"sig":"(Ljava/lang/String;)Ljavax/servlet/FilterRegistration;",
			"args":"(java.lang.String)",
			"isStatic":false,
			"isProtected":false,
			"name":"getFilterRegistration",
			"isPublic":true,
			"isPrivate":false,
			"isFinal":false,
			"type":"define",
			"isAbstract":true,
			"rtType":"javax.servlet.FilterRegistration"
		},
		"declareRoles(java.lang.String[])":{
			"sig":"([Ljava/lang/String;)V",
			"args":"(java.lang.String[])",
			"isStatic":false,
			"isProtected":false,
			"name":"declareRoles",
			"isPublic":true,
			"isPrivate":false,
			"isFinal":false,
			"type":"define",
			"isAbstract":true,
			"rtType":"void"
		},
		"getAttribute(java.lang.String)":{
			"sig":"(Ljava/lang/String;)Ljava/lang/Object;",
			"args":"(java.lang.String)",
			"isStatic":false,
			"isProtected":false,
			"name":"getAttribute",
			"isPublic":true,
			"isPrivate":false,
			"isFinal":false,
			"type":"define",
			"isAbstract":true,
			"rtType":"java.lang.Object"
		},
		"getMinorVersion()":{
			"sig":"()I",
			"args":"()",
			"isStatic":false,
			"isProtected":false,
			"name":"getMinorVersion",
			"isPublic":true,
			"isPrivate":false,
			"isFinal":false,
			"type":"define",
			"isAbstract":true,
			"rtType":"int"
		},
		"setAttribute(java.lang.String,java.lang.Object)":{
			"sig":"(Ljava/lang/String;Ljava/lang/Object;)V",
			"args":"(java.lang.String,java.lang.Object)",
			"isStatic":false,
			"isProtected":false,
			"name":"setAttribute",
			"isPublic":true,
			"isPrivate":false,
			"isFinal":false,
			"type":"define",
			"isAbstract":true,
			"rtType":"void"
		},
		"getAttributeNames()":{
			"sig":"()Ljava/util/Enumeration;",
			"args":"()",
			"isStatic":false,
			"isProtected":false,
			"name":"getAttributeNames",
			"isPublic":true,
			"isPrivate":false,
			"isFinal":false,
			"type":"define",
			"isAbstract":true,
			"rtType":"java.util.Enumeration"
		},
		"log(java.lang.String)":{
			"sig":"(Ljava/lang/String;)V",
			"args":"(java.lang.String)",
			"isStatic":false,
			"isProtected":false,
			"name":"log",
			"isPublic":true,
			"isPrivate":false,
			"isFinal":false,
			"type":"define",
			"isAbstract":true,
			"rtType":"void"
		},
		"getSessionCookieConfig()":{
			"sig":"()Ljavax/servlet/SessionCookieConfig;",
			"args":"()",
			"isStatic":false,
			"isProtected":false,
			"name":"getSessionCookieConfig",
			"isPublic":true,
			"isPrivate":false,
			"isFinal":false,
			"type":"define",
			"isAbstract":true,
			"rtType":"javax.servlet.SessionCookieConfig"
		},
		"getEffectiveSessionTrackingModes()":{
			"sig":"()Ljava/util/Set;",
			"args":"()",
			"isStatic":false,
			"isProtected":false,
			"name":"getEffectiveSessionTrackingModes",
			"isPublic":true,
			"isPrivate":false,
			"isFinal":false,
			"type":"define",
			"isAbstract":true,
			"rtType":"java.util.Set"
		},
		"getInitParameterNames()":{
			"sig":"()Ljava/util/Enumeration;",
			"args":"()",
			"isStatic":false,
			"isProtected":false,
			"name":"getInitParameterNames",
			"isPublic":true,
			"isPrivate":false,
			"isFinal":false,
			"type":"define",
			"isAbstract":true,
			"rtType":"java.util.Enumeration"
		},
		"getEffectiveMinorVersion()":{
			"sig":"()I",
			"args":"()",
			"isStatic":false,
			"isProtected":false,
			"name":"getEffectiveMinorVersion",
			"isPublic":true,
			"isPrivate":false,
			"isFinal":false,
			"type":"define",
			"isAbstract":true,
			"rtType":"int"
		},
		"getJspConfigDescriptor()":{
			"sig":"()Ljavax/servlet/descriptor/JspConfigDescriptor;",
			"args":"()",
			"isStatic":false,
			"isProtected":false,
			"name":"getJspConfigDescriptor",
			"isPublic":true,
			"isPrivate":false,
			"isFinal":false,
			"type":"define",
			"isAbstract":true,
			"rtType":"javax.servlet.descriptor.JspConfigDescriptor"
		},
		"addListener(java.util.EventListener)":{
			"sig":"(Ljava/util/EventListener;)V",
			"args":"(java.util.EventListener)",
			"isStatic":false,
			"isProtected":false,
			"name":"addListener",
			"isPublic":true,
			"isPrivate":false,
			"isFinal":false,
			"type":"define",
			"isAbstract":true,
			"rtType":"void"
		},
		"getResourcePaths(java.lang.String)":{
			"sig":"(Ljava/lang/String;)Ljava/util/Set;",
			"args":"(java.lang.String)",
			"isStatic":false,
			"isProtected":false,
			"name":"getResourcePaths",
			"isPublic":true,
			"isPrivate":false,
			"isFinal":false,
			"type":"define",
			"isAbstract":true,
			"rtType":"java.util.Set"
		},
		"addFilter(java.lang.String,javax.servlet.Filter)":{
			"sig":"(Ljava/lang/String;Ljavax/servlet/Filter;)Ljavax/servlet/FilterRegistration$Dynamic;",
			"args":"(java.lang.String,javax.servlet.Filter)",
			"isStatic":false,
			"isProtected":false,
			"name":"addFilter",
			"isPublic":true,
			"isPrivate":false,
			"isFinal":false,
			"type":"define",
			"isAbstract":true,
			"rtType":"javax.servlet.FilterRegistration$Dynamic"
		},
		"getServerInfo()":{
			"sig":"()Ljava/lang/String;",
			"args":"()",
			"isStatic":false,
			"isProtected":false,
			"name":"getServerInfo",
			"isPublic":true,
			"isPrivate":false,
			"isFinal":false,
			"type":"define",
			"isAbstract":true,
			"rtType":"java.lang.String"
		},
		"getContextPath()":{
			"sig":"()Ljava/lang/String;",
			"args":"()",
			"isStatic":false,
			"isProtected":false,
			"name":"getContextPath",
			"isPublic":true,
			"isPrivate":false,
			"isFinal":false,
			"type":"define",
			"isAbstract":true,
			"rtType":"java.lang.String"
		},
		"getServletRegistrations()":{
			"sig":"()Ljava/util/Map;",
			"args":"()",
			"isStatic":false,
			"isProtected":false,
			"name":"getServletRegistrations",
			"isPublic":true,
			"isPrivate":false,
			"isFinal":false,
			"type":"define",
			"isAbstract":true,
			"rtType":"java.util.Map"
		},
		"setInitParameter(java.lang.String,java.lang.String)":{
			"sig":"(Ljava/lang/String;Ljava/lang/String;)Z",
			"args":"(java.lang.String,java.lang.String)",
			"isStatic":false,
			"isProtected":false,
			"name":"setInitParameter",
			"isPublic":true,
			"isPrivate":false,
			"isFinal":false,
			"type":"define",
			"isAbstract":true,
			"rtType":"boolean"
		},
		"getMajorVersion()":{
			"sig":"()I",
			"args":"()",
			"isStatic":false,
			"isProtected":false,
			"name":"getMajorVersion",
			"isPublic":true,
			"isPrivate":false,
			"isFinal":false,
			"type":"define",
			"isAbstract":true,
			"rtType":"int"
		},
		"getDefaultSessionTrackingModes()":{
			"sig":"()Ljava/util/Set;",
			"args":"()",
			"isStatic":false,
			"isProtected":false,
			"name":"getDefaultSessionTrackingModes",
			"isPublic":true,
			"isPrivate":false,
			"isFinal":false,
			"type":"define",
			"isAbstract":true,
			"rtType":"java.util.Set"
		},
		"addFilter(java.lang.String,java.lang.Class)":{
			"sig":"(Ljava/lang/String;Ljava/lang/Class;)Ljavax/servlet/FilterRegistration$Dynamic;",
			"args":"(java.lang.String,java.lang.Class)",
			"isStatic":false,
			"isProtected":false,
			"name":"addFilter",
			"isPublic":true,
			"isPrivate":false,
			"isFinal":false,
			"type":"define",
			"isAbstract":true,
			"rtType":"javax.servlet.FilterRegistration$Dynamic"
		},
		"addListener(java.lang.String)":{
			"sig":"(Ljava/lang/String;)V",
			"args":"(java.lang.String)",
			"isStatic":false,
			"isProtected":false,
			"name":"addListener",
			"isPublic":true,
			"isPrivate":false,
			"isFinal":false,
			"type":"define",
			"isAbstract":true,
			"rtType":"void"
		},
		"createListener(java.lang.Class)":{
			"sig":"(Ljava/lang/Class;)Ljava/util/EventListener;",
			"args":"(java.lang.Class)",
			"isStatic":false,
			"isProtected":false,
			"name":"createListener",
			"isPublic":true,
			"isPrivate":false,
			"isFinal":false,
			"type":"define",
			"isAbstract":true,
			"rtType":"java.util.EventListener"
		},
		"getResource(java.lang.String)":{
			"sig":"(Ljava/lang/String;)Ljava/net/URL;",
			"args":"(java.lang.String)",
			"isStatic":false,
			"isProtected":false,
			"name":"getResource",
			"isPublic":true,
			"isPrivate":false,
			"isFinal":false,
			"type":"define",
			"isAbstract":true,
			"rtType":"java.net.URL"
		},
		"createFilter(java.lang.Class)":{
			"sig":"(Ljava/lang/Class;)Ljavax/servlet/Filter;",
			"args":"(java.lang.Class)",
			"isStatic":false,
			"isProtected":false,
			"name":"createFilter",
			"isPublic":true,
			"isPrivate":false,
			"isFinal":false,
			"type":"define",
			"isAbstract":true,
			"rtType":"javax.servlet.Filter"
		},
		"getFilterRegistrations()":{
			"sig":"()Ljava/util/Map;",
			"args":"()",
			"isStatic":false,
			"isProtected":false,
			"name":"getFilterRegistrations",
			"isPublic":true,
			"isPrivate":false,
			"isFinal":false,
			"type":"define",
			"isAbstract":true,
			"rtType":"java.util.Map"
		},
		"addServlet(java.lang.String,javax.servlet.Servlet)":{
			"sig":"(Ljava/lang/String;Ljavax/servlet/Servlet;)Ljavax/servlet/ServletRegistration$Dynamic;",
			"args":"(java.lang.String,javax.servlet.Servlet)",
			"isStatic":false,
			"isProtected":false,
			"name":"addServlet",
			"isPublic":true,
			"isPrivate":false,
			"isFinal":false,
			"type":"define",
			"isAbstract":true,
			"rtType":"javax.servlet.ServletRegistration$Dynamic"
		},
		"getResourceAsStream(java.lang.String)":{
			"sig":"(Ljava/lang/String;)Ljava/io/InputStream;",
			"args":"(java.lang.String)",
			"isStatic":false,
			"isProtected":false,
			"name":"getResourceAsStream",
			"isPublic":true,
			"isPrivate":false,
			"isFinal":false,
			"type":"define",
			"isAbstract":true,
			"rtType":"java.io.InputStream"
		},
		"getServletNames()":{
			"sig":"()Ljava/util/Enumeration;",
			"args":"()",
			"isStatic":false,
			"isProtected":false,
			"name":"getServletNames",
			"isPublic":true,
			"isPrivate":false,
			"isFinal":false,
			"type":"define",
			"isAbstract":true,
			"rtType":"java.util.Enumeration"
		},
		"getInitParameter(java.lang.String)":{
			"sig":"(Ljava/lang/String;)Ljava/lang/String;",
			"args":"(java.lang.String)",
			"isStatic":false,
			"isProtected":false,
			"name":"getInitParameter",
			"isPublic":true,
			"isPrivate":false,
			"isFinal":false,
			"type":"define",
			"isAbstract":true,
			"rtType":"java.lang.String"
		},
		"createServlet(java.lang.Class)":{
			"sig":"(Ljava/lang/Class;)Ljavax/servlet/Servlet;",
			"args":"(java.lang.Class)",
			"isStatic":false,
			"isProtected":false,
			"name":"createServlet",
			"isPublic":true,
			"isPrivate":false,
			"isFinal":false,
			"type":"define",
			"isAbstract":true,
			"rtType":"javax.servlet.Servlet"
		},
		"addListener(java.lang.Class)":{
			"sig":"(Ljava/lang/Class;)V",
			"args":"(java.lang.Class)",
			"isStatic":false,
			"isProtected":false,
			"name":"addListener",
			"isPublic":true,
			"isPrivate":false,
			"isFinal":false,
			"type":"define",
			"isAbstract":true,
			"rtType":"void"
		},
		"removeAttribute(java.lang.String)":{
			"sig":"(Ljava/lang/String;)V",
			"args":"(java.lang.String)",
			"isStatic":false,
			"isProtected":false,
			"name":"removeAttribute",
			"isPublic":true,
			"isPrivate":false,
			"isFinal":false,
			"type":"define",
			"isAbstract":true,
			"rtType":"void"
		},
		"getRequestDispatcher(java.lang.String)":{
			"sig":"(Ljava/lang/String;)Ljavax/servlet/RequestDispatcher;",
			"args":"(java.lang.String)",
			"isStatic":false,
			"isProtected":false,
			"name":"getRequestDispatcher",
			"isPublic":true,
			"isPrivate":false,
			"isFinal":false,
			"type":"define",
			"isAbstract":true,
			"rtType":"javax.servlet.RequestDispatcher"
		},
		"addServlet(java.lang.String,java.lang.Class)":{
			"sig":"(Ljava/lang/String;Ljava/lang/Class;)Ljavax/servlet/ServletRegistration$Dynamic;",
			"args":"(java.lang.String,java.lang.Class)",
			"isStatic":false,
			"isProtected":false,
			"name":"addServlet",
			"isPublic":true,
			"isPrivate":false,
			"isFinal":false,
			"type":"define",
			"isAbstract":true,
			"rtType":"javax.servlet.ServletRegistration$Dynamic"
		},
		"addFilter(java.lang.String,java.lang.String)":{
			"sig":"(Ljava/lang/String;Ljava/lang/String;)Ljavax/servlet/FilterRegistration$Dynamic;",
			"args":"(java.lang.String,java.lang.String)",
			"isStatic":false,
			"isProtected":false,
			"name":"addFilter",
			"isPublic":true,
			"isPrivate":false,
			"isFinal":false,
			"type":"define",
			"isAbstract":true,
			"rtType":"javax.servlet.FilterRegistration$Dynamic"
		},
		"log(java.lang.Exception,java.lang.String)":{
			"sig":"(Ljava/lang/Exception;Ljava/lang/String;)V",
			"args":"(java.lang.Exception,java.lang.String)",
			"isStatic":false,
			"isProtected":false,
			"name":"log",
			"isPublic":true,
			"isPrivate":false,
			"isFinal":false,
			"type":"define",
			"isAbstract":true,
			"rtType":"void"
		},
		"getServlets()":{
			"sig":"()Ljava/util/Enumeration;",
			"args":"()",
			"isStatic":false,
			"isProtected":false,
			"name":"getServlets",
			"isPublic":true,
			"isPrivate":false,
			"isFinal":false,
			"type":"define",
			"isAbstract":true,
			"rtType":"java.util.Enumeration"
		},
		"getServlet(java.lang.String)":{
			"sig":"(Ljava/lang/String;)Ljavax/servlet/Servlet;",
			"args":"(java.lang.String)",
			"isStatic":false,
			"isProtected":false,
			"name":"getServlet",
			"isPublic":true,
			"isPrivate":false,
			"isFinal":false,
			"type":"define",
			"isAbstract":true,
			"rtType":"javax.servlet.Servlet"
		},
		"getRealPath(java.lang.String)":{
			"sig":"(Ljava/lang/String;)Ljava/lang/String;",
			"args":"(java.lang.String)",
			"isStatic":false,
			"isProtected":false,
			"name":"getRealPath",
			"isPublic":true,
			"isPrivate":false,
			"isFinal":false,
			"type":"define",
			"isAbstract":true,
			"rtType":"java.lang.String"
		},
		"getClassLoader()":{
			"sig":"()Ljava/lang/ClassLoader;",
			"args":"()",
			"isStatic":false,
			"isProtected":false,
			"name":"getClassLoader",
			"isPublic":true,
			"isPrivate":false,
			"isFinal":false,
			"type":"define",
			"isAbstract":true,
			"rtType":"java.lang.ClassLoader"
		},
		"getContext(java.lang.String)":{
			"sig":"(Ljava/lang/String;)Ljavax/servlet/ServletContext;",
			"args":"(java.lang.String)",
			"isStatic":false,
			"isProtected":false,
			"name":"getContext",
			"isPublic":true,
			"isPrivate":false,
			"isFinal":false,
			"type":"define",
			"isAbstract":true,
			"rtType":"javax.servlet.ServletContext"
		},
		"log(java.lang.String,java.lang.Throwable)":{
			"sig":"(Ljava/lang/String;Ljava/lang/Throwable;)V",
			"args":"(java.lang.String,java.lang.Throwable)",
			"isStatic":false,
			"isProtected":false,
			"name":"log",
			"isPublic":true,
			"isPrivate":false,
			"isFinal":false,
			"type":"define",
			"isAbstract":true,
			"rtType":"void"
		},
		"getServletContextName()":{
			"sig":"()Ljava/lang/String;",
			"args":"()",
			"isStatic":false,
			"isProtected":false,
			"name":"getServletContextName",
			"isPublic":true,
			"isPrivate":false,
			"isFinal":false,
			"type":"define",
			"isAbstract":true,
			"rtType":"java.lang.String"
		},
		"addServlet(java.lang.String,java.lang.String)":{
			"sig":"(Ljava/lang/String;Ljava/lang/String;)Ljavax/servlet/ServletRegistration$Dynamic;",
			"args":"(java.lang.String,java.lang.String)",
			"isStatic":false,
			"isProtected":false,
			"name":"addServlet",
			"isPublic":true,
			"isPrivate":false,
			"isFinal":false,
			"type":"define",
			"isAbstract":true,
			"rtType":"javax.servlet.ServletRegistration$Dynamic"
		}
	},
	"isPublic":true,
	"className":"javax.servlet.ServletContext",
	"interNames":{},
	"isFinal":false,
	"isPrivate":false,
	"isAbstract":true,
	"isInterface":true,
	"superClassName":"java.lang.Object"
}