{
	"isProtected":false,
	"finishedSearch":false,
	"methods":{
		"attributeReplaced(javax.servlet.ServletRequestAttributeEvent)":{
			"sig":"(Ljavax/servlet/ServletRequestAttributeEvent;)V",
			"args":"(javax.servlet.ServletRequestAttributeEvent)",
			"isStatic":false,
			"isProtected":false,
			"name":"attributeReplaced",
			"isPublic":true,
			"isPrivate":false,
			"isFinal":false,
			"type":"define",
			"isAbstract":true,
			"rtType":"void"
		},
		"attributeAdded(javax.servlet.ServletRequestAttributeEvent)":{
			"sig":"(Ljavax/servlet/ServletRequestAttributeEvent;)V",
			"args":"(javax.servlet.ServletRequestAttributeEvent)",
			"isStatic":false,
			"isProtected":false,
			"name":"attributeAdded",
			"isPublic":true,
			"isPrivate":false,
			"isFinal":false,
			"type":"define",
			"isAbstract":true,
			"rtType":"void"
		},
		"attributeRemoved(javax.servlet.ServletRequestAttributeEvent)":{
			"sig":"(Ljavax/servlet/ServletRequestAttributeEvent;)V",
			"args":"(javax.servlet.ServletRequestAttributeEvent)",
			"isStatic":false,
			"isProtected":false,
			"name":"attributeRemoved",
			"isPublic":true,
			"isPrivate":false,
			"isFinal":false,
			"type":"define",
			"isAbstract":true,
			"rtType":"void"
		}
	},
	"isPublic":true,
	"className":"javax.servlet.ServletRequestAttributeListener",
	"interNames":{
		"java.util.EventListener":"true"
	},
	"isFinal":false,
	"isPrivate":false,
	"isAbstract":true,
	"isInterface":true,
	"superClassName":"java.lang.Object"
}