{
	"isProtected":false,
	"finishedSearch":false,
	"methods":{
		"checkMethodNames(java.util.Collection)":{
			"sig":"(Ljava/util/Collection;)Ljava/util/Collection;",
			"args":"(java.util.Collection)",
			"isStatic":false,
			"isProtected":false,
			"name":"checkMethodNames",
			"isPublic":false,
			"isPrivate":true,
			"isFinal":false,
			"type":"define",
			"isAbstract":false,
			"rtType":"java.util.Collection"
		},
		"<init>()":{
			"sig":"()V",
			"args":"()",
			"isStatic":false,
			"isProtected":false,
			"name":"<init>",
			"isPublic":true,
			"isPrivate":false,
			"isFinal":false,
			"type":"define",
			"isAbstract":false,
			"rtType":"void"
		},
		"<init>(java.util.Collection)":{
			"sig":"(Ljava/util/Collection;)V",
			"args":"(java.util.Collection)",
			"isStatic":false,
			"isProtected":false,
			"name":"<init>",
			"isPublic":true,
			"isPrivate":false,
			"isFinal":false,
			"type":"define",
			"isAbstract":false,
			"rtType":"void"
		},
		"getMethodNames()":{
			"sig":"()Ljava/util/Collection;",
			"args":"()",
			"isStatic":false,
			"isProtected":false,
			"name":"getMethodNames",
			"isPublic":true,
			"isPrivate":false,
			"isFinal":false,
			"type":"define",
			"isAbstract":false,
			"rtType":"java.util.Collection"
		},
		"<init>(javax.servlet.annotation.ServletSecurity)":{
			"sig":"(Ljavax/servlet/annotation/ServletSecurity;)V",
			"args":"(javax.servlet.annotation.ServletSecurity)",
			"isStatic":false,
			"isProtected":false,
			"name":"<init>",
			"isPublic":true,
			"isPrivate":false,
			"isFinal":false,
			"type":"define",
			"isAbstract":false,
			"rtType":"void"
		},
		"<init>(javax.servlet.HttpConstraintElement,java.util.Collection)":{
			"sig":"(Ljavax/servlet/HttpConstraintElement;Ljava/util/Collection;)V",
			"args":"(javax.servlet.HttpConstraintElement,java.util.Collection)",
			"isStatic":false,
			"isProtected":false,
			"name":"<init>",
			"isPublic":true,
			"isPrivate":false,
			"isFinal":false,
			"type":"define",
			"isAbstract":false,
			"rtType":"void"
		},
		"<init>(javax.servlet.HttpConstraintElement)":{
			"sig":"(Ljavax/servlet/HttpConstraintElement;)V",
			"args":"(javax.servlet.HttpConstraintElement)",
			"isStatic":false,
			"isProtected":false,
			"name":"<init>",
			"isPublic":true,
			"isPrivate":false,
			"isFinal":false,
			"type":"define",
			"isAbstract":false,
			"rtType":"void"
		},
		"getHttpMethodConstraints()":{
			"sig":"()Ljava/util/Collection;",
			"args":"()",
			"isStatic":false,
			"isProtected":false,
			"name":"getHttpMethodConstraints",
			"isPublic":true,
			"isPrivate":false,
			"isFinal":false,
			"type":"define",
			"isAbstract":false,
			"rtType":"java.util.Collection"
		}
	},
	"isPublic":true,
	"className":"javax.servlet.ServletSecurityElement",
	"interNames":{},
	"isFinal":false,
	"isPrivate":false,
	"isAbstract":false,
	"isInterface":false,
	"superClassName":"javax.servlet.HttpConstraintElement"
}