{
	"isProtected":false,
	"finishedSearch":false,
	"methods":{
		"getName()":{
			"sig":"()Ljava/lang/String;",
			"args":"()",
			"isStatic":false,
			"isProtected":false,
			"name":"getName",
			"isPublic":true,
			"isPrivate":false,
			"isFinal":false,
			"type":"define",
			"isAbstract":true,
			"rtType":"java.lang.String"
		},
		"getInitParameters()":{
			"sig":"()Ljava/util/Map;",
			"args":"()",
			"isStatic":false,
			"isProtected":false,
			"name":"getInitParameters",
			"isPublic":true,
			"isPrivate":false,
			"isFinal":false,
			"type":"define",
			"isAbstract":true,
			"rtType":"java.util.Map"
		},
		"getClassName()":{
			"sig":"()Ljava/lang/String;",
			"args":"()",
			"isStatic":false,
			"isProtected":false,
			"name":"getClassName",
			"isPublic":true,
			"isPrivate":false,
			"isFinal":false,
			"type":"define",
			"isAbstract":true,
			"rtType":"java.lang.String"
		},
		"setInitParameter(java.lang.String,java.lang.String)":{
			"sig":"(Ljava/lang/String;Ljava/lang/String;)Z",
			"args":"(java.lang.String,java.lang.String)",
			"isStatic":false,
			"isProtected":false,
			"name":"setInitParameter",
			"isPublic":true,
			"isPrivate":false,
			"isFinal":false,
			"type":"define",
			"isAbstract":true,
			"rtType":"boolean"
		},
		"getInitParameter(java.lang.String)":{
			"sig":"(Ljava/lang/String;)Ljava/lang/String;",
			"args":"(java.lang.String)",
			"isStatic":false,
			"isProtected":false,
			"name":"getInitParameter",
			"isPublic":true,
			"isPrivate":false,
			"isFinal":false,
			"type":"define",
			"isAbstract":true,
			"rtType":"java.lang.String"
		},
		"setInitParameters(java.util.Map)":{
			"sig":"(Ljava/util/Map;)Ljava/util/Set;",
			"args":"(java.util.Map)",
			"isStatic":false,
			"isProtected":false,
			"name":"setInitParameters",
			"isPublic":true,
			"isPrivate":false,
			"isFinal":false,
			"type":"define",
			"isAbstract":true,
			"rtType":"java.util.Set"
		}
	},
	"isPublic":true,
	"className":"javax.servlet.Registration",
	"interNames":{},
	"isFinal":false,
	"isPrivate":false,
	"isAbstract":true,
	"isInterface":true,
	"superClassName":"java.lang.Object"
}