{
	"isProtected":false,
	"finishedSearch":false,
	"methods":{
		"contextInitialized(javax.servlet.ServletContextEvent)":{
			"sig":"(Ljavax/servlet/ServletContextEvent;)V",
			"args":"(javax.servlet.ServletContextEvent)",
			"isStatic":false,
			"isProtected":false,
			"name":"contextInitialized",
			"isPublic":true,
			"isPrivate":false,
			"isFinal":false,
			"type":"define",
			"isAbstract":true,
			"rtType":"void"
		},
		"contextDestroyed(javax.servlet.ServletContextEvent)":{
			"sig":"(Ljavax/servlet/ServletContextEvent;)V",
			"args":"(javax.servlet.ServletContextEvent)",
			"isStatic":false,
			"isProtected":false,
			"name":"contextDestroyed",
			"isPublic":true,
			"isPrivate":false,
			"isFinal":false,
			"type":"define",
			"isAbstract":true,
			"rtType":"void"
		}
	},
	"isPublic":true,
	"className":"javax.servlet.ServletContextListener",
	"interNames":{
		"java.util.EventListener":"true"
	},
	"isFinal":false,
	"isPrivate":false,
	"isAbstract":true,
	"isInterface":true,
	"superClassName":"java.lang.Object"
}