{
	"isProtected":false,
	"finishedSearch":false,
	"methods":{
		"transportGuarantee()":{
			"sig":"()Ljavax/servlet/annotation/ServletSecurity$TransportGuarantee;",
			"args":"()",
			"isStatic":false,
			"isProtected":false,
			"name":"transportGuarantee",
			"isPublic":true,
			"isPrivate":false,
			"isFinal":false,
			"type":"define",
			"isAbstract":true,
			"rtType":"javax.servlet.annotation.ServletSecurity$TransportGuarantee"
		},
		"rolesAllowed()":{
			"sig":"()[Ljava/lang/String;",
			"args":"()",
			"isStatic":false,
			"isProtected":false,
			"name":"rolesAllowed",
			"isPublic":true,
			"isPrivate":false,
			"isFinal":false,
			"type":"define",
			"isAbstract":true,
			"rtType":"java.lang.String[]"
		},
		"emptyRoleSemantic()":{
			"sig":"()Ljavax/servlet/annotation/ServletSecurity$EmptyRoleSemantic;",
			"args":"()",
			"isStatic":false,
			"isProtected":false,
			"name":"emptyRoleSemantic",
			"isPublic":true,
			"isPrivate":false,
			"isFinal":false,
			"type":"define",
			"isAbstract":true,
			"rtType":"javax.servlet.annotation.ServletSecurity$EmptyRoleSemantic"
		},
		"value()":{
			"sig":"()Ljava/lang/String;",
			"args":"()",
			"isStatic":false,
			"isProtected":false,
			"name":"value",
			"isPublic":true,
			"isPrivate":false,
			"isFinal":false,
			"type":"define",
			"isAbstract":true,
			"rtType":"java.lang.String"
		}
	},
	"isPublic":true,
	"className":"javax.servlet.annotation.HttpMethodConstraint",
	"interNames":{
		"java.lang.annotation.Annotation":"true"
	},
	"isFinal":false,
	"isPrivate":false,
	"isAbstract":true,
	"isInterface":true,
	"superClassName":"java.lang.Object"
}