{
	"isProtected":false,
	"finishedSearch":false,
	"methods":{
		"destroy()":{
			"sig":"()V",
			"args":"()",
			"isStatic":false,
			"isProtected":false,
			"name":"destroy",
			"isPublic":true,
			"isPrivate":false,
			"isFinal":false,
			"type":"define",
			"isAbstract":true,
			"rtType":"void"
		},
		"init(javax.servlet.FilterConfig)":{
			"sig":"(Ljavax/servlet/FilterConfig;)V",
			"args":"(javax.servlet.FilterConfig)",
			"isStatic":false,
			"isProtected":false,
			"name":"init",
			"isPublic":true,
			"isPrivate":false,
			"isFinal":false,
			"type":"define",
			"isAbstract":true,
			"rtType":"void"
		},
		"doFilter(javax.servlet.ServletRequest,javax.servlet.ServletResponse,javax.servlet.FilterChain)":{
			"sig":"(Ljavax/servlet/ServletRequest;Ljavax/servlet/ServletResponse;Ljavax/servlet/FilterChain;)V",
			"args":"(javax.servlet.ServletRequest,javax.servlet.ServletResponse,javax.servlet.FilterChain)",
			"isStatic":false,
			"isProtected":false,
			"name":"doFilter",
			"isPublic":true,
			"isPrivate":false,
			"isFinal":false,
			"type":"define",
			"isAbstract":true,
			"rtType":"void"
		}
	},
	"isPublic":true,
	"className":"javax.servlet.Filter",
	"interNames":{},
	"isFinal":false,
	"isPrivate":false,
	"isAbstract":true,
	"isInterface":true,
	"superClassName":"java.lang.Object"
}