{
	"isProtected":false,
	"finishedSearch":false,
	"methods":{
		"onStartup(java.util.Set,javax.servlet.ServletContext)":{
			"sig":"(Ljava/util/Set;Ljavax/servlet/ServletContext;)V",
			"args":"(java.util.Set,javax.servlet.ServletContext)",
			"isStatic":false,
			"isProtected":false,
			"name":"onStartup",
			"isPublic":true,
			"isPrivate":false,
			"isFinal":false,
			"type":"define",
			"isAbstract":true,
			"rtType":"void"
		}
	},
	"isPublic":true,
	"className":"javax.servlet.ServletContainerInitializer",
	"interNames":{},
	"isFinal":false,
	"isPrivate":false,
	"isAbstract":true,
	"isInterface":true,
	"superClassName":"java.lang.Object"
}