{
	"isProtected":false,
	"finishedSearch":false,
	"methods":{
		"requestInitialized(javax.servlet.ServletRequestEvent)":{
			"sig":"(Ljavax/servlet/ServletRequestEvent;)V",
			"args":"(javax.servlet.ServletRequestEvent)",
			"isStatic":false,
			"isProtected":false,
			"name":"requestInitialized",
			"isPublic":true,
			"isPrivate":false,
			"isFinal":false,
			"type":"define",
			"isAbstract":true,
			"rtType":"void"
		},
		"requestDestroyed(javax.servlet.ServletRequestEvent)":{
			"sig":"(Ljavax/servlet/ServletRequestEvent;)V",
			"args":"(javax.servlet.ServletRequestEvent)",
			"isStatic":false,
			"isProtected":false,
			"name":"requestDestroyed",
			"isPublic":true,
			"isPrivate":false,
			"isFinal":false,
			"type":"define",
			"isAbstract":true,
			"rtType":"void"
		}
	},
	"isPublic":true,
	"className":"javax.servlet.ServletRequestListener",
	"interNames":{
		"java.util.EventListener":"true"
	},
	"isFinal":false,
	"isPrivate":false,
	"isAbstract":true,
	"isInterface":true,
	"superClassName":"java.lang.Object"
}