{
	"isProtected":false,
	"finishedSearch":false,
	"methods":{
		"values()":{
			"sig":"()[Ljavax/servlet/DispatcherType;",
			"args":"()",
			"isStatic":true,
			"isProtected":false,
			"name":"values",
			"isPublic":true,
			"isPrivate":false,
			"isFinal":false,
			"type":"define",
			"isAbstract":false,
			"rtType":"javax.servlet.DispatcherType[]"
		},
		"valueOf(java.lang.String)":{
			"sig":"(Ljava/lang/String;)Ljavax/servlet/DispatcherType;",
			"args":"(java.lang.String)",
			"isStatic":true,
			"isProtected":false,
			"name":"valueOf",
			"isPublic":true,
			"isPrivate":false,
			"isFinal":false,
			"type":"define",
			"isAbstract":false,
			"rtType":"javax.servlet.DispatcherType"
		},
		"<clinit>()":{
			"sig":"()V",
			"args":"()",
			"isStatic":true,
			"isProtected":false,
			"name":"<clinit>",
			"isPublic":false,
			"isPrivate":false,
			"isFinal":false,
			"type":"define",
			"isAbstract":false,
			"rtType":"void"
		},
		"<init>(java.lang.String,int)":{
			"sig":"(Ljava/lang/String;I)V",
			"args":"(java.lang.String,int)",
			"isStatic":false,
			"isProtected":false,
			"name":"<init>",
			"isPublic":false,
			"isPrivate":true,
			"isFinal":false,
			"type":"define",
			"isAbstract":false,
			"rtType":"void"
		}
	},
	"isPublic":true,
	"className":"javax.servlet.DispatcherType",
	"interNames":{},
	"isFinal":true,
	"isPrivate":false,
	"isAbstract":false,
	"isInterface":false,
	"superClassName":"java.lang.Enum"
}