{
	"isProtected":false,
	"finishedSearch":false,
	"methods":{
		"readLine(byte[],int,int)":{
			"sig":"([BII)I",
			"args":"(byte[],int,int)",
			"isStatic":false,
			"isProtected":false,
			"name":"readLine",
			"isPublic":true,
			"isPrivate":false,
			"isFinal":false,
			"type":"define",
			"isAbstract":false,
			"rtType":"int"
		},
		"<init>()":{
			"sig":"()V",
			"args":"()",
			"isStatic":false,
			"isProtected":true,
			"name":"<init>",
			"isPublic":false,
			"isPrivate":false,
			"isFinal":false,
			"type":"define",
			"isAbstract":false,
			"rtType":"void"
		}
	},
	"isPublic":true,
	"className":"javax.servlet.ServletInputStream",
	"interNames":{},
	"isFinal":false,
	"isPrivate":false,
	"isAbstract":true,
	"isInterface":false,
	"superClassName":"java.io.InputStream"
}