{
	"isProtected":false,
	"finishedSearch":false,
	"methods":{
		"getSuppliedResponse()":{
			"sig":"()Ljavax/servlet/ServletResponse;",
			"args":"()",
			"isStatic":false,
			"isProtected":false,
			"name":"getSuppliedResponse",
			"isPublic":true,
			"isPrivate":false,
			"isFinal":false,
			"type":"define",
			"isAbstract":false,
			"rtType":"javax.servlet.ServletResponse"
		},
		"<init>(javax.servlet.AsyncContext,java.lang.Throwable)":{
			"sig":"(Ljavax/servlet/AsyncContext;Ljava/lang/Throwable;)V",
			"args":"(javax.servlet.AsyncContext,java.lang.Throwable)",
			"isStatic":false,
			"isProtected":false,
			"name":"<init>",
			"isPublic":true,
			"isPrivate":false,
			"isFinal":false,
			"type":"define",
			"isAbstract":false,
			"rtType":"void"
		},
		"getThrowable()":{
			"sig":"()Ljava/lang/Throwable;",
			"args":"()",
			"isStatic":false,
			"isProtected":false,
			"name":"getThrowable",
			"isPublic":true,
			"isPrivate":false,
			"isFinal":false,
			"type":"define",
			"isAbstract":false,
			"rtType":"java.lang.Throwable"
		},
		"getAsyncContext()":{
			"sig":"()Ljavax/servlet/AsyncContext;",
			"args":"()",
			"isStatic":false,
			"isProtected":false,
			"name":"getAsyncContext",
			"isPublic":true,
			"isPrivate":false,
			"isFinal":false,
			"type":"define",
			"isAbstract":false,
			"rtType":"javax.servlet.AsyncContext"
		},
		"<init>(javax.servlet.AsyncContext,javax.servlet.ServletRequest,javax.servlet.ServletResponse,java.lang.Throwable)":{
			"sig":"(Ljavax/servlet/AsyncContext;Ljavax/servlet/ServletRequest;Ljavax/servlet/ServletResponse;Ljava/lang/Throwable;)V",
			"args":"(javax.servlet.AsyncContext,javax.servlet.ServletRequest,javax.servlet.ServletResponse,java.lang.Throwable)",
			"isStatic":false,
			"isProtected":false,
			"name":"<init>",
			"isPublic":true,
			"isPrivate":false,
			"isFinal":false,
			"type":"define",
			"isAbstract":false,
			"rtType":"void"
		},
		"<init>(javax.servlet.AsyncContext)":{
			"sig":"(Ljavax/servlet/AsyncContext;)V",
			"args":"(javax.servlet.AsyncContext)",
			"isStatic":false,
			"isProtected":false,
			"name":"<init>",
			"isPublic":true,
			"isPrivate":false,
			"isFinal":false,
			"type":"define",
			"isAbstract":false,
			"rtType":"void"
		},
		"<init>(javax.servlet.AsyncContext,javax.servlet.ServletRequest,javax.servlet.ServletResponse)":{
			"sig":"(Ljavax/servlet/AsyncContext;Ljavax/servlet/ServletRequest;Ljavax/servlet/ServletResponse;)V",
			"args":"(javax.servlet.AsyncContext,javax.servlet.ServletRequest,javax.servlet.ServletResponse)",
			"isStatic":false,
			"isProtected":false,
			"name":"<init>",
			"isPublic":true,
			"isPrivate":false,
			"isFinal":false,
			"type":"define",
			"isAbstract":false,
			"rtType":"void"
		},
		"getSuppliedRequest()":{
			"sig":"()Ljavax/servlet/ServletRequest;",
			"args":"()",
			"isStatic":false,
			"isProtected":false,
			"name":"getSuppliedRequest",
			"isPublic":true,
			"isPrivate":false,
			"isFinal":false,
			"type":"define",
			"isAbstract":false,
			"rtType":"javax.servlet.ServletRequest"
		}
	},
	"isPublic":true,
	"className":"javax.servlet.AsyncEvent",
	"interNames":{},
	"isFinal":false,
	"isPrivate":false,
	"isAbstract":false,
	"isInterface":false,
	"superClassName":"java.lang.Object"
}