{
	"isProtected":false,
	"finishedSearch":false,
	"methods":{
		"doFilter(javax.servlet.ServletRequest,javax.servlet.ServletResponse)":{
			"sig":"(Ljavax/servlet/ServletRequest;Ljavax/servlet/ServletResponse;)V",
			"args":"(javax.servlet.ServletRequest,javax.servlet.ServletResponse)",
			"isStatic":false,
			"isProtected":false,
			"name":"doFilter",
			"isPublic":true,
			"isPrivate":false,
			"isFinal":false,
			"type":"define",
			"isAbstract":true,
			"rtType":"void"
		}
	},
	"isPublic":true,
	"className":"javax.servlet.FilterChain",
	"interNames":{},
	"isFinal":false,
	"isPrivate":false,
	"isAbstract":true,
	"isInterface":true,
	"superClassName":"java.lang.Object"
}