{
	"isProtected":false,
	"finishedSearch":false,
	"methods":{
		"getMaxFileSize()":{
			"sig":"()J",
			"args":"()",
			"isStatic":false,
			"isProtected":false,
			"name":"getMaxFileSize",
			"isPublic":true,
			"isPrivate":false,
			"isFinal":false,
			"type":"define",
			"isAbstract":false,
			"rtType":"long"
		},
		"<init>(java.lang.String,long,long,int)":{
			"sig":"(Ljava/lang/String;JJI)V",
			"args":"(java.lang.String,long,long,int)",
			"isStatic":false,
			"isProtected":false,
			"name":"<init>",
			"isPublic":true,
			"isPrivate":false,
			"isFinal":false,
			"type":"define",
			"isAbstract":false,
			"rtType":"void"
		},
		"<init>(java.lang.String)":{
			"sig":"(Ljava/lang/String;)V",
			"args":"(java.lang.String)",
			"isStatic":false,
			"isProtected":false,
			"name":"<init>",
			"isPublic":true,
			"isPrivate":false,
			"isFinal":false,
			"type":"define",
			"isAbstract":false,
			"rtType":"void"
		},
		"getLocation()":{
			"sig":"()Ljava/lang/String;",
			"args":"()",
			"isStatic":false,
			"isProtected":false,
			"name":"getLocation",
			"isPublic":true,
			"isPrivate":false,
			"isFinal":false,
			"type":"define",
			"isAbstract":false,
			"rtType":"java.lang.String"
		},
		"<init>(javax.servlet.annotation.MultipartConfig)":{
			"sig":"(Ljavax/servlet/annotation/MultipartConfig;)V",
			"args":"(javax.servlet.annotation.MultipartConfig)",
			"isStatic":false,
			"isProtected":false,
			"name":"<init>",
			"isPublic":true,
			"isPrivate":false,
			"isFinal":false,
			"type":"define",
			"isAbstract":false,
			"rtType":"void"
		},
		"getFileSizeThreshold()":{
			"sig":"()I",
			"args":"()",
			"isStatic":false,
			"isProtected":false,
			"name":"getFileSizeThreshold",
			"isPublic":true,
			"isPrivate":false,
			"isFinal":false,
			"type":"define",
			"isAbstract":false,
			"rtType":"int"
		},
		"getMaxRequestSize()":{
			"sig":"()J",
			"args":"()",
			"isStatic":false,
			"isProtected":false,
			"name":"getMaxRequestSize",
			"isPublic":true,
			"isPrivate":false,
			"isFinal":false,
			"type":"define",
			"isAbstract":false,
			"rtType":"long"
		}
	},
	"isPublic":true,
	"className":"javax.servlet.MultipartConfigElement",
	"interNames":{},
	"isFinal":false,
	"isPrivate":false,
	"isAbstract":false,
	"isInterface":false,
	"superClassName":"java.lang.Object"
}