{
	"isProtected":false,
	"finishedSearch":false,
	"methods":{
		"doHead(javax.servlet.http.HttpServletRequest,javax.servlet.http.HttpServletResponse)":{
			"sig":"(Ljavax/servlet/http/HttpServletRequest;Ljavax/servlet/http/HttpServletResponse;)V",
			"args":"(javax.servlet.http.HttpServletRequest,javax.servlet.http.HttpServletResponse)",
			"isStatic":false,
			"isProtected":true,
			"name":"doHead",
			"isPublic":false,
			"isPrivate":false,
			"isFinal":false,
			"type":"define",
			"isAbstract":false,
			"rtType":"void"
		},
		"getAllDeclaredMethods(java.lang.Class)":{
			"sig":"(Ljava/lang/Class;)[Ljava/lang/reflect/Method;",
			"args":"(java.lang.Class)",
			"isStatic":false,
			"isProtected":false,
			"name":"getAllDeclaredMethods",
			"isPublic":false,
			"isPrivate":true,
			"isFinal":false,
			"type":"define",
			"isAbstract":false,
			"rtType":"java.lang.reflect.Method[]"
		},
		"doOptions(javax.servlet.http.HttpServletRequest,javax.servlet.http.HttpServletResponse)":{
			"sig":"(Ljavax/servlet/http/HttpServletRequest;Ljavax/servlet/http/HttpServletResponse;)V",
			"args":"(javax.servlet.http.HttpServletRequest,javax.servlet.http.HttpServletResponse)",
			"isStatic":false,
			"isProtected":true,
			"name":"doOptions",
			"isPublic":false,
			"isPrivate":false,
			"isFinal":false,
			"type":"define",
			"isAbstract":false,
			"rtType":"void"
		},
		"maybeSetLastModified(javax.servlet.http.HttpServletResponse,long)":{
			"sig":"(Ljavax/servlet/http/HttpServletResponse;J)V",
			"args":"(javax.servlet.http.HttpServletResponse,long)",
			"isStatic":false,
			"isProtected":false,
			"name":"maybeSetLastModified",
			"isPublic":false,
			"isPrivate":true,
			"isFinal":false,
			"type":"define",
			"isAbstract":false,
			"rtType":"void"
		},
		"<clinit>()":{
			"sig":"()V",
			"args":"()",
			"isStatic":true,
			"isProtected":false,
			"name":"<clinit>",
			"isPublic":false,
			"isPrivate":false,
			"isFinal":false,
			"type":"define",
			"isAbstract":false,
			"rtType":"void"
		},
		"doTrace(javax.servlet.http.HttpServletRequest,javax.servlet.http.HttpServletResponse)":{
			"sig":"(Ljavax/servlet/http/HttpServletRequest;Ljavax/servlet/http/HttpServletResponse;)V",
			"args":"(javax.servlet.http.HttpServletRequest,javax.servlet.http.HttpServletResponse)",
			"isStatic":false,
			"isProtected":true,
			"name":"doTrace",
			"isPublic":false,
			"isPrivate":false,
			"isFinal":false,
			"type":"define",
			"isAbstract":false,
			"rtType":"void"
		},
		"doGet(javax.servlet.http.HttpServletRequest,javax.servlet.http.HttpServletResponse)":{
			"sig":"(Ljavax/servlet/http/HttpServletRequest;Ljavax/servlet/http/HttpServletResponse;)V",
			"args":"(javax.servlet.http.HttpServletRequest,javax.servlet.http.HttpServletResponse)",
			"isStatic":false,
			"isProtected":true,
			"name":"doGet",
			"isPublic":false,
			"isPrivate":false,
			"isFinal":false,
			"type":"define",
			"isAbstract":false,
			"rtType":"void"
		},
		"doPost(javax.servlet.http.HttpServletRequest,javax.servlet.http.HttpServletResponse)":{
			"sig":"(Ljavax/servlet/http/HttpServletRequest;Ljavax/servlet/http/HttpServletResponse;)V",
			"args":"(javax.servlet.http.HttpServletRequest,javax.servlet.http.HttpServletResponse)",
			"isStatic":false,
			"isProtected":true,
			"name":"doPost",
			"isPublic":false,
			"isPrivate":false,
			"isFinal":false,
			"type":"define",
			"isAbstract":false,
			"rtType":"void"
		},
		"doDelete(javax.servlet.http.HttpServletRequest,javax.servlet.http.HttpServletResponse)":{
			"sig":"(Ljavax/servlet/http/HttpServletRequest;Ljavax/servlet/http/HttpServletResponse;)V",
			"args":"(javax.servlet.http.HttpServletRequest,javax.servlet.http.HttpServletResponse)",
			"isStatic":false,
			"isProtected":true,
			"name":"doDelete",
			"isPublic":false,
			"isPrivate":false,
			"isFinal":false,
			"type":"define",
			"isAbstract":false,
			"rtType":"void"
		},
		"service(javax.servlet.ServletRequest,javax.servlet.ServletResponse)":{
			"sig":"(Ljavax/servlet/ServletRequest;Ljavax/servlet/ServletResponse;)V",
			"args":"(javax.servlet.ServletRequest,javax.servlet.ServletResponse)",
			"isStatic":false,
			"isProtected":false,
			"name":"service",
			"isPublic":true,
			"isPrivate":false,
			"isFinal":false,
			"type":"define",
			"isAbstract":false,
			"rtType":"void"
		},
		"service(javax.servlet.http.HttpServletRequest,javax.servlet.http.HttpServletResponse)":{
			"sig":"(Ljavax/servlet/http/HttpServletRequest;Ljavax/servlet/http/HttpServletResponse;)V",
			"args":"(javax.servlet.http.HttpServletRequest,javax.servlet.http.HttpServletResponse)",
			"isStatic":false,
			"isProtected":true,
			"name":"service",
			"isPublic":false,
			"isPrivate":false,
			"isFinal":false,
			"type":"define",
			"isAbstract":false,
			"rtType":"void"
		},
		"<init>()":{
			"sig":"()V",
			"args":"()",
			"isStatic":false,
			"isProtected":false,
			"name":"<init>",
			"isPublic":true,
			"isPrivate":false,
			"isFinal":false,
			"type":"define",
			"isAbstract":false,
			"rtType":"void"
		},
		"getLastModified(javax.servlet.http.HttpServletRequest)":{
			"sig":"(Ljavax/servlet/http/HttpServletRequest;)J",
			"args":"(javax.servlet.http.HttpServletRequest)",
			"isStatic":false,
			"isProtected":true,
			"name":"getLastModified",
			"isPublic":false,
			"isPrivate":false,
			"isFinal":false,
			"type":"define",
			"isAbstract":false,
			"rtType":"long"
		},
		"doPut(javax.servlet.http.HttpServletRequest,javax.servlet.http.HttpServletResponse)":{
			"sig":"(Ljavax/servlet/http/HttpServletRequest;Ljavax/servlet/http/HttpServletResponse;)V",
			"args":"(javax.servlet.http.HttpServletRequest,javax.servlet.http.HttpServletResponse)",
			"isStatic":false,
			"isProtected":true,
			"name":"doPut",
			"isPublic":false,
			"isPrivate":false,
			"isFinal":false,
			"type":"define",
			"isAbstract":false,
			"rtType":"void"
		}
	},
	"isPublic":true,
	"className":"javax.servlet.http.HttpServlet",
	"interNames":{},
	"isFinal":false,
	"isPrivate":false,
	"isAbstract":true,
	"isInterface":false,
	"superClassName":"javax.servlet.GenericServlet"
}