{
	"isProtected":false,
	"finishedSearch":false,
	"methods":{
		"setHttpOnly(boolean)":{
			"sig":"(Z)V",
			"args":"(boolean)",
			"isStatic":false,
			"isProtected":false,
			"name":"setHttpOnly",
			"isPublic":true,
			"isPrivate":false,
			"isFinal":false,
			"type":"define",
			"isAbstract":false,
			"rtType":"void"
		},
		"getSecure()":{
			"sig":"()Z",
			"args":"()",
			"isStatic":false,
			"isProtected":false,
			"name":"getSecure",
			"isPublic":true,
			"isPrivate":false,
			"isFinal":false,
			"type":"define",
			"isAbstract":false,
			"rtType":"boolean"
		},
		"setDomain(java.lang.String)":{
			"sig":"(Ljava/lang/String;)V",
			"args":"(java.lang.String)",
			"isStatic":false,
			"isProtected":false,
			"name":"setDomain",
			"isPublic":true,
			"isPrivate":false,
			"isFinal":false,
			"type":"define",
			"isAbstract":false,
			"rtType":"void"
		},
		"getValue()":{
			"sig":"()Ljava/lang/String;",
			"args":"()",
			"isStatic":false,
			"isProtected":false,
			"name":"getValue",
			"isPublic":true,
			"isPrivate":false,
			"isFinal":false,
			"type":"define",
			"isAbstract":false,
			"rtType":"java.lang.String"
		},
		"<clinit>()":{
			"sig":"()V",
			"args":"()",
			"isStatic":true,
			"isProtected":false,
			"name":"<clinit>",
			"isPublic":false,
			"isPrivate":false,
			"isFinal":false,
			"type":"define",
			"isAbstract":false,
			"rtType":"void"
		},
		"setValue(java.lang.String)":{
			"sig":"(Ljava/lang/String;)V",
			"args":"(java.lang.String)",
			"isStatic":false,
			"isProtected":false,
			"name":"setValue",
			"isPublic":true,
			"isPrivate":false,
			"isFinal":false,
			"type":"define",
			"isAbstract":false,
			"rtType":"void"
		},
		"setPath(java.lang.String)":{
			"sig":"(Ljava/lang/String;)V",
			"args":"(java.lang.String)",
			"isStatic":false,
			"isProtected":false,
			"name":"setPath",
			"isPublic":true,
			"isPrivate":false,
			"isFinal":false,
			"type":"define",
			"isAbstract":false,
			"rtType":"void"
		},
		"setSecure(boolean)":{
			"sig":"(Z)V",
			"args":"(boolean)",
			"isStatic":false,
			"isProtected":false,
			"name":"setSecure",
			"isPublic":true,
			"isPrivate":false,
			"isFinal":false,
			"type":"define",
			"isAbstract":false,
			"rtType":"void"
		},
		"isHttpOnly()":{
			"sig":"()Z",
			"args":"()",
			"isStatic":false,
			"isProtected":false,
			"name":"isHttpOnly",
			"isPublic":true,
			"isPrivate":false,
			"isFinal":false,
			"type":"define",
			"isAbstract":false,
			"rtType":"boolean"
		},
		"getVersion()":{
			"sig":"()I",
			"args":"()",
			"isStatic":false,
			"isProtected":false,
			"name":"getVersion",
			"isPublic":true,
			"isPrivate":false,
			"isFinal":false,
			"type":"define",
			"isAbstract":false,
			"rtType":"int"
		},
		"getDomain()":{
			"sig":"()Ljava/lang/String;",
			"args":"()",
			"isStatic":false,
			"isProtected":false,
			"name":"getDomain",
			"isPublic":true,
			"isPrivate":false,
			"isFinal":false,
			"type":"define",
			"isAbstract":false,
			"rtType":"java.lang.String"
		},
		"getMaxAge()":{
			"sig":"()I",
			"args":"()",
			"isStatic":false,
			"isProtected":false,
			"name":"getMaxAge",
			"isPublic":true,
			"isPrivate":false,
			"isFinal":false,
			"type":"define",
			"isAbstract":false,
			"rtType":"int"
		},
		"getName()":{
			"sig":"()Ljava/lang/String;",
			"args":"()",
			"isStatic":false,
			"isProtected":false,
			"name":"getName",
			"isPublic":true,
			"isPrivate":false,
			"isFinal":false,
			"type":"define",
			"isAbstract":false,
			"rtType":"java.lang.String"
		},
		"setMaxAge(int)":{
			"sig":"(I)V",
			"args":"(int)",
			"isStatic":false,
			"isProtected":false,
			"name":"setMaxAge",
			"isPublic":true,
			"isPrivate":false,
			"isFinal":false,
			"type":"define",
			"isAbstract":false,
			"rtType":"void"
		},
		"<init>(java.lang.String,java.lang.String)":{
			"sig":"(Ljava/lang/String;Ljava/lang/String;)V",
			"args":"(java.lang.String,java.lang.String)",
			"isStatic":false,
			"isProtected":false,
			"name":"<init>",
			"isPublic":true,
			"isPrivate":false,
			"isFinal":false,
			"type":"define",
			"isAbstract":false,
			"rtType":"void"
		},
		"getComment()":{
			"sig":"()Ljava/lang/String;",
			"args":"()",
			"isStatic":false,
			"isProtected":false,
			"name":"getComment",
			"isPublic":true,
			"isPrivate":false,
			"isFinal":false,
			"type":"define",
			"isAbstract":false,
			"rtType":"java.lang.String"
		},
		"isToken(java.lang.String)":{
			"sig":"(Ljava/lang/String;)Z",
			"args":"(java.lang.String)",
			"isStatic":false,
			"isProtected":false,
			"name":"isToken",
			"isPublic":false,
			"isPrivate":true,
			"isFinal":false,
			"type":"define",
			"isAbstract":false,
			"rtType":"boolean"
		},
		"clone()":{
			"sig":"()Ljava/lang/Object;",
			"args":"()",
			"isStatic":false,
			"isProtected":false,
			"name":"clone",
			"isPublic":true,
			"isPrivate":false,
			"isFinal":false,
			"type":"define",
			"isAbstract":false,
			"rtType":"java.lang.Object"
		},
		"setComment(java.lang.String)":{
			"sig":"(Ljava/lang/String;)V",
			"args":"(java.lang.String)",
			"isStatic":false,
			"isProtected":false,
			"name":"setComment",
			"isPublic":true,
			"isPrivate":false,
			"isFinal":false,
			"type":"define",
			"isAbstract":false,
			"rtType":"void"
		},
		"getPath()":{
			"sig":"()Ljava/lang/String;",
			"args":"()",
			"isStatic":false,
			"isProtected":false,
			"name":"getPath",
			"isPublic":true,
			"isPrivate":false,
			"isFinal":false,
			"type":"define",
			"isAbstract":false,
			"rtType":"java.lang.String"
		},
		"setVersion(int)":{
			"sig":"(I)V",
			"args":"(int)",
			"isStatic":false,
			"isProtected":false,
			"name":"setVersion",
			"isPublic":true,
			"isPrivate":false,
			"isFinal":false,
			"type":"define",
			"isAbstract":false,
			"rtType":"void"
		}
	},
	"isPublic":true,
	"className":"javax.servlet.http.Cookie",
	"interNames":{
		"java.lang.Cloneable":"true",
		"java.io.Serializable":"true"
	},
	"isFinal":false,
	"isPrivate":false,
	"isAbstract":false,
	"isInterface":false,
	"superClassName":"java.lang.Object"
}