{
	"isProtected":false,
	"finishedSearch":false,
	"methods":{
		"valueUnbound(javax.servlet.http.HttpSessionBindingEvent)":{
			"sig":"(Ljavax/servlet/http/HttpSessionBindingEvent;)V",
			"args":"(javax.servlet.http.HttpSessionBindingEvent)",
			"isStatic":false,
			"isProtected":false,
			"name":"valueUnbound",
			"isPublic":true,
			"isPrivate":false,
			"isFinal":false,
			"type":"define",
			"isAbstract":true,
			"rtType":"void"
		},
		"valueBound(javax.servlet.http.HttpSessionBindingEvent)":{
			"sig":"(Ljavax/servlet/http/HttpSessionBindingEvent;)V",
			"args":"(javax.servlet.http.HttpSessionBindingEvent)",
			"isStatic":false,
			"isProtected":false,
			"name":"valueBound",
			"isPublic":true,
			"isPrivate":false,
			"isFinal":false,
			"type":"define",
			"isAbstract":true,
			"rtType":"void"
		}
	},
	"isPublic":true,
	"className":"javax.servlet.http.HttpSessionBindingListener",
	"interNames":{
		"java.util.EventListener":"true"
	},
	"isFinal":false,
	"isPrivate":false,
	"isAbstract":true,
	"isInterface":true,
	"superClassName":"java.lang.Object"
}