{
	"isProtected":false,
	"finishedSearch":false,
	"methods":{
		"<init>()":{
			"sig":"()V",
			"args":"()",
			"isStatic":false,
			"isProtected":false,
			"name":"<init>",
			"isPublic":true,
			"isPrivate":false,
			"isFinal":false,
			"type":"define",
			"isAbstract":false,
			"rtType":"void"
		},
		"<init>(java.lang.String)":{
			"sig":"(Ljava/lang/String;)V",
			"args":"(java.lang.String)",
			"isStatic":false,
			"isProtected":false,
			"name":"<init>",
			"isPublic":true,
			"isPrivate":false,
			"isFinal":false,
			"type":"define",
			"isAbstract":false,
			"rtType":"void"
		},
		"getRootCause()":{
			"sig":"()Ljava/lang/Throwable;",
			"args":"()",
			"isStatic":false,
			"isProtected":false,
			"name":"getRootCause",
			"isPublic":true,
			"isPrivate":false,
			"isFinal":false,
			"type":"define",
			"isAbstract":false,
			"rtType":"java.lang.Throwable"
		},
		"<init>(java.lang.String,java.lang.Throwable)":{
			"sig":"(Ljava/lang/String;Ljava/lang/Throwable;)V",
			"args":"(java.lang.String,java.lang.Throwable)",
			"isStatic":false,
			"isProtected":false,
			"name":"<init>",
			"isPublic":true,
			"isPrivate":false,
			"isFinal":false,
			"type":"define",
			"isAbstract":false,
			"rtType":"void"
		},
		"<init>(java.lang.Throwable)":{
			"sig":"(Ljava/lang/Throwable;)V",
			"args":"(java.lang.Throwable)",
			"isStatic":false,
			"isProtected":false,
			"name":"<init>",
			"isPublic":true,
			"isPrivate":false,
			"isFinal":false,
			"type":"define",
			"isAbstract":false,
			"rtType":"void"
		}
	},
	"isPublic":true,
	"className":"javax.servlet.ServletException",
	"interNames":{},
	"isFinal":false,
	"isPrivate":false,
	"isAbstract":false,
	"isInterface":false,
	"superClassName":"java.lang.Exception"
}