{
	"isProtected":false,
	"finishedSearch":false,
	"methods":{
		"dispatch(java.lang.String)":{
			"sig":"(Ljava/lang/String;)V",
			"args":"(java.lang.String)",
			"isStatic":false,
			"isProtected":false,
			"name":"dispatch",
			"isPublic":true,
			"isPrivate":false,
			"isFinal":false,
			"type":"define",
			"isAbstract":true,
			"rtType":"void"
		},
		"dispatch()":{
			"sig":"()V",
			"args":"()",
			"isStatic":false,
			"isProtected":false,
			"name":"dispatch",
			"isPublic":true,
			"isPrivate":false,
			"isFinal":false,
			"type":"define",
			"isAbstract":true,
			"rtType":"void"
		},
		"addListener(javax.servlet.AsyncListener)":{
			"sig":"(Ljavax/servlet/AsyncListener;)V",
			"args":"(javax.servlet.AsyncListener)",
			"isStatic":false,
			"isProtected":false,
			"name":"addListener",
			"isPublic":true,
			"isPrivate":false,
			"isFinal":false,
			"type":"define",
			"isAbstract":true,
			"rtType":"void"
		},
		"complete()":{
			"sig":"()V",
			"args":"()",
			"isStatic":false,
			"isProtected":false,
			"name":"complete",
			"isPublic":true,
			"isPrivate":false,
			"isFinal":false,
			"type":"define",
			"isAbstract":true,
			"rtType":"void"
		},
		"dispatch(javax.servlet.ServletContext,java.lang.String)":{
			"sig":"(Ljavax/servlet/ServletContext;Ljava/lang/String;)V",
			"args":"(javax.servlet.ServletContext,java.lang.String)",
			"isStatic":false,
			"isProtected":false,
			"name":"dispatch",
			"isPublic":true,
			"isPrivate":false,
			"isFinal":false,
			"type":"define",
			"isAbstract":true,
			"rtType":"void"
		},
		"getRequest()":{
			"sig":"()Ljavax/servlet/ServletRequest;",
			"args":"()",
			"isStatic":false,
			"isProtected":false,
			"name":"getRequest",
			"isPublic":true,
			"isPrivate":false,
			"isFinal":false,
			"type":"define",
			"isAbstract":true,
			"rtType":"javax.servlet.ServletRequest"
		},
		"createListener(java.lang.Class)":{
			"sig":"(Ljava/lang/Class;)Ljavax/servlet/AsyncListener;",
			"args":"(java.lang.Class)",
			"isStatic":false,
			"isProtected":false,
			"name":"createListener",
			"isPublic":true,
			"isPrivate":false,
			"isFinal":false,
			"type":"define",
			"isAbstract":true,
			"rtType":"javax.servlet.AsyncListener"
		},
		"getTimeout()":{
			"sig":"()J",
			"args":"()",
			"isStatic":false,
			"isProtected":false,
			"name":"getTimeout",
			"isPublic":true,
			"isPrivate":false,
			"isFinal":false,
			"type":"define",
			"isAbstract":true,
			"rtType":"long"
		},
		"hasOriginalRequestAndResponse()":{
			"sig":"()Z",
			"args":"()",
			"isStatic":false,
			"isProtected":false,
			"name":"hasOriginalRequestAndResponse",
			"isPublic":true,
			"isPrivate":false,
			"isFinal":false,
			"type":"define",
			"isAbstract":true,
			"rtType":"boolean"
		},
		"setTimeout(long)":{
			"sig":"(J)V",
			"args":"(long)",
			"isStatic":false,
			"isProtected":false,
			"name":"setTimeout",
			"isPublic":true,
			"isPrivate":false,
			"isFinal":false,
			"type":"define",
			"isAbstract":true,
			"rtType":"void"
		},
		"start(java.lang.Runnable)":{
			"sig":"(Ljava/lang/Runnable;)V",
			"args":"(java.lang.Runnable)",
			"isStatic":false,
			"isProtected":false,
			"name":"start",
			"isPublic":true,
			"isPrivate":false,
			"isFinal":false,
			"type":"define",
			"isAbstract":true,
			"rtType":"void"
		},
		"getResponse()":{
			"sig":"()Ljavax/servlet/ServletResponse;",
			"args":"()",
			"isStatic":false,
			"isProtected":false,
			"name":"getResponse",
			"isPublic":true,
			"isPrivate":false,
			"isFinal":false,
			"type":"define",
			"isAbstract":true,
			"rtType":"javax.servlet.ServletResponse"
		},
		"addListener(javax.servlet.AsyncListener,javax.servlet.ServletRequest,javax.servlet.ServletResponse)":{
			"sig":"(Ljavax/servlet/AsyncListener;Ljavax/servlet/ServletRequest;Ljavax/servlet/ServletResponse;)V",
			"args":"(javax.servlet.AsyncListener,javax.servlet.ServletRequest,javax.servlet.ServletResponse)",
			"isStatic":false,
			"isProtected":false,
			"name":"addListener",
			"isPublic":true,
			"isPrivate":false,
			"isFinal":false,
			"type":"define",
			"isAbstract":true,
			"rtType":"void"
		}
	},
	"isPublic":true,
	"className":"javax.servlet.AsyncContext",
	"interNames":{},
	"isFinal":false,
	"isPrivate":false,
	"isAbstract":true,
	"isInterface":true,
	"superClassName":"java.lang.Object"
}