{
	"isProtected":false,
	"finishedSearch":false,
	"methods":{
		"destroy()":{
			"sig":"()V",
			"args":"()",
			"isStatic":false,
			"isProtected":false,
			"name":"destroy",
			"isPublic":true,
			"isPrivate":false,
			"isFinal":false,
			"type":"define",
			"isAbstract":true,
			"rtType":"void"
		},
		"getServletInfo()":{
			"sig":"()Ljava/lang/String;",
			"args":"()",
			"isStatic":false,
			"isProtected":false,
			"name":"getServletInfo",
			"isPublic":true,
			"isPrivate":false,
			"isFinal":false,
			"type":"define",
			"isAbstract":true,
			"rtType":"java.lang.String"
		},
		"getServletConfig()":{
			"sig":"()Ljavax/servlet/ServletConfig;",
			"args":"()",
			"isStatic":false,
			"isProtected":false,
			"name":"getServletConfig",
			"isPublic":true,
			"isPrivate":false,
			"isFinal":false,
			"type":"define",
			"isAbstract":true,
			"rtType":"javax.servlet.ServletConfig"
		},
		"init(javax.servlet.ServletConfig)":{
			"sig":"(Ljavax/servlet/ServletConfig;)V",
			"args":"(javax.servlet.ServletConfig)",
			"isStatic":false,
			"isProtected":false,
			"name":"init",
			"isPublic":true,
			"isPrivate":false,
			"isFinal":false,
			"type":"define",
			"isAbstract":true,
			"rtType":"void"
		},
		"service(javax.servlet.ServletRequest,javax.servlet.ServletResponse)":{
			"sig":"(Ljavax/servlet/ServletRequest;Ljavax/servlet/ServletResponse;)V",
			"args":"(javax.servlet.ServletRequest,javax.servlet.ServletResponse)",
			"isStatic":false,
			"isProtected":false,
			"name":"service",
			"isPublic":true,
			"isPrivate":false,
			"isFinal":false,
			"type":"define",
			"isAbstract":true,
			"rtType":"void"
		}
	},
	"isPublic":true,
	"className":"javax.servlet.Servlet",
	"interNames":{},
	"isFinal":false,
	"isPrivate":false,
	"isAbstract":true,
	"isInterface":true,
	"superClassName":"java.lang.Object"
}