{
	"isProtected":false,
	"finishedSearch":false,
	"methods":{
		"setLoadOnStartup(int)":{
			"sig":"(I)V",
			"args":"(int)",
			"isStatic":false,
			"isProtected":false,
			"name":"setLoadOnStartup",
			"isPublic":true,
			"isPrivate":false,
			"isFinal":false,
			"type":"define",
			"isAbstract":true,
			"rtType":"void"
		},
		"setServletSecurity(javax.servlet.ServletSecurityElement)":{
			"sig":"(Ljavax/servlet/ServletSecurityElement;)Ljava/util/Set;",
			"args":"(javax.servlet.ServletSecurityElement)",
			"isStatic":false,
			"isProtected":false,
			"name":"setServletSecurity",
			"isPublic":true,
			"isPrivate":false,
			"isFinal":false,
			"type":"define",
			"isAbstract":true,
			"rtType":"java.util.Set"
		},
		"setMultipartConfig(javax.servlet.MultipartConfigElement)":{
			"sig":"(Ljavax/servlet/MultipartConfigElement;)V",
			"args":"(javax.servlet.MultipartConfigElement)",
			"isStatic":false,
			"isProtected":false,
			"name":"setMultipartConfig",
			"isPublic":true,
			"isPrivate":false,
			"isFinal":false,
			"type":"define",
			"isAbstract":true,
			"rtType":"void"
		},
		"setRunAsRole(java.lang.String)":{
			"sig":"(Ljava/lang/String;)V",
			"args":"(java.lang.String)",
			"isStatic":false,
			"isProtected":false,
			"name":"setRunAsRole",
			"isPublic":true,
			"isPrivate":false,
			"isFinal":false,
			"type":"define",
			"isAbstract":true,
			"rtType":"void"
		}
	},
	"isPublic":true,
	"className":"javax.servlet.ServletRegistration$Dynamic",
	"interNames":{
		"javax.servlet.ServletRegistration":"true",
		"javax.servlet.Registration$Dynamic":"true"
	},
	"isFinal":false,
	"isPrivate":false,
	"isAbstract":true,
	"isInterface":true,
	"superClassName":"java.lang.Object"
}