{
	"isProtected":false,
	"finishedSearch":false,
	"methods":{
		"<init>()":{
			"sig":"()V",
			"args":"()",
			"isStatic":false,
			"isProtected":false,
			"name":"<init>",
			"isPublic":true,
			"isPrivate":false,
			"isFinal":false,
			"type":"define",
			"isAbstract":false,
			"rtType":"void"
		},
		"getEmptyRoleSemantic()":{
			"sig":"()Ljavax/servlet/annotation/ServletSecurity$EmptyRoleSemantic;",
			"args":"()",
			"isStatic":false,
			"isProtected":false,
			"name":"getEmptyRoleSemantic",
			"isPublic":true,
			"isPrivate":false,
			"isFinal":false,
			"type":"define",
			"isAbstract":false,
			"rtType":"javax.servlet.annotation.ServletSecurity$EmptyRoleSemantic"
		},
		"<init>(javax.servlet.annotation.ServletSecurity$EmptyRoleSemantic)":{
			"sig":"(Ljavax/servlet/annotation/ServletSecurity$EmptyRoleSemantic;)V",
			"args":"(javax.servlet.annotation.ServletSecurity$EmptyRoleSemantic)",
			"isStatic":false,
			"isProtected":false,
			"name":"<init>",
			"isPublic":true,
			"isPrivate":false,
			"isFinal":false,
			"type":"define",
			"isAbstract":false,
			"rtType":"void"
		},
		"getTransportGuarantee()":{
			"sig":"()Ljavax/servlet/annotation/ServletSecurity$TransportGuarantee;",
			"args":"()",
			"isStatic":false,
			"isProtected":false,
			"name":"getTransportGuarantee",
			"isPublic":true,
			"isPrivate":false,
			"isFinal":false,
			"type":"define",
			"isAbstract":false,
			"rtType":"javax.servlet.annotation.ServletSecurity$TransportGuarantee"
		},
		"getRolesAllowed()":{
			"sig":"()[Ljava/lang/String;",
			"args":"()",
			"isStatic":false,
			"isProtected":false,
			"name":"getRolesAllowed",
			"isPublic":true,
			"isPrivate":false,
			"isFinal":false,
			"type":"define",
			"isAbstract":false,
			"rtType":"java.lang.String[]"
		},
		"<init>(javax.servlet.annotation.ServletSecurity$EmptyRoleSemantic,javax.servlet.annotation.ServletSecurity$TransportGuarantee,java.lang.String[])":{
			"sig":"(Ljavax/servlet/annotation/ServletSecurity$EmptyRoleSemantic;Ljavax/servlet/annotation/ServletSecurity$TransportGuarantee;[Ljava/lang/String;)V",
			"args":"(javax.servlet.annotation.ServletSecurity$EmptyRoleSemantic,javax.servlet.annotation.ServletSecurity$TransportGuarantee,java.lang.String[])",
			"isStatic":false,
			"isProtected":false,
			"name":"<init>",
			"isPublic":true,
			"isPrivate":false,
			"isFinal":false,
			"type":"define",
			"isAbstract":false,
			"rtType":"void"
		},
		"<init>(javax.servlet.annotation.ServletSecurity$TransportGuarantee,java.lang.String[])":{
			"sig":"(Ljavax/servlet/annotation/ServletSecurity$TransportGuarantee;[Ljava/lang/String;)V",
			"args":"(javax.servlet.annotation.ServletSecurity$TransportGuarantee,java.lang.String[])",
			"isStatic":false,
			"isProtected":false,
			"name":"<init>",
			"isPublic":true,
			"isPrivate":false,
			"isFinal":false,
			"type":"define",
			"isAbstract":false,
			"rtType":"void"
		}
	},
	"isPublic":true,
	"className":"javax.servlet.HttpConstraintElement",
	"interNames":{},
	"isFinal":false,
	"isPrivate":false,
	"isAbstract":false,
	"isInterface":false,
	"superClassName":"java.lang.Object"
}