{
	"isProtected":false,
	"finishedSearch":false,
	"methods":{
		"getName()":{
			"sig":"()Ljava/lang/String;",
			"args":"()",
			"isStatic":false,
			"isProtected":false,
			"name":"getName",
			"isPublic":true,
			"isPrivate":false,
			"isFinal":false,
			"type":"define",
			"isAbstract":false,
			"rtType":"java.lang.String"
		},
		"getValue()":{
			"sig":"()Ljava/lang/Object;",
			"args":"()",
			"isStatic":false,
			"isProtected":false,
			"name":"getValue",
			"isPublic":true,
			"isPrivate":false,
			"isFinal":false,
			"type":"define",
			"isAbstract":false,
			"rtType":"java.lang.Object"
		},
		"<init>(javax.servlet.ServletContext,javax.servlet.ServletRequest,java.lang.String,java.lang.Object)":{
			"sig":"(Ljavax/servlet/ServletContext;Ljavax/servlet/ServletRequest;Ljava/lang/String;Ljava/lang/Object;)V",
			"args":"(javax.servlet.ServletContext,javax.servlet.ServletRequest,java.lang.String,java.lang.Object)",
			"isStatic":false,
			"isProtected":false,
			"name":"<init>",
			"isPublic":true,
			"isPrivate":false,
			"isFinal":false,
			"type":"define",
			"isAbstract":false,
			"rtType":"void"
		}
	},
	"isPublic":true,
	"className":"javax.servlet.ServletRequestAttributeEvent",
	"interNames":{},
	"isFinal":false,
	"isPrivate":false,
	"isAbstract":false,
	"isInterface":false,
	"superClassName":"javax.servlet.ServletRequestEvent"
}