{
	"isProtected":false,
	"finishedSearch":false,
	"methods":{
		"getServletNameMappings()":{
			"sig":"()Ljava/util/Collection;",
			"args":"()",
			"isStatic":false,
			"isProtected":false,
			"name":"getServletNameMappings",
			"isPublic":true,
			"isPrivate":false,
			"isFinal":false,
			"type":"define",
			"isAbstract":true,
			"rtType":"java.util.Collection"
		},
		"addMappingForUrlPatterns(java.util.EnumSet,boolean,java.lang.String[])":{
			"sig":"(Ljava/util/EnumSet;Z[Ljava/lang/String;)V",
			"args":"(java.util.EnumSet,boolean,java.lang.String[])",
			"isStatic":false,
			"isProtected":false,
			"name":"addMappingForUrlPatterns",
			"isPublic":true,
			"isPrivate":false,
			"isFinal":false,
			"type":"define",
			"isAbstract":true,
			"rtType":"void"
		},
		"addMappingForServletNames(java.util.EnumSet,boolean,java.lang.String[])":{
			"sig":"(Ljava/util/EnumSet;Z[Ljava/lang/String;)V",
			"args":"(java.util.EnumSet,boolean,java.lang.String[])",
			"isStatic":false,
			"isProtected":false,
			"name":"addMappingForServletNames",
			"isPublic":true,
			"isPrivate":false,
			"isFinal":false,
			"type":"define",
			"isAbstract":true,
			"rtType":"void"
		},
		"getUrlPatternMappings()":{
			"sig":"()Ljava/util/Collection;",
			"args":"()",
			"isStatic":false,
			"isProtected":false,
			"name":"getUrlPatternMappings",
			"isPublic":true,
			"isPrivate":false,
			"isFinal":false,
			"type":"define",
			"isAbstract":true,
			"rtType":"java.util.Collection"
		}
	},
	"isPublic":true,
	"className":"javax.servlet.FilterRegistration",
	"interNames":{
		"javax.servlet.Registration":"true"
	},
	"isFinal":false,
	"isPrivate":false,
	"isAbstract":true,
	"isInterface":true,
	"superClassName":"java.lang.Object"
}