{
	"isProtected":false,
	"finishedSearch":false,
	"methods":{
		"sessionCreated(javax.servlet.http.HttpSessionEvent)":{
			"sig":"(Ljavax/servlet/http/HttpSessionEvent;)V",
			"args":"(javax.servlet.http.HttpSessionEvent)",
			"isStatic":false,
			"isProtected":false,
			"name":"sessionCreated",
			"isPublic":true,
			"isPrivate":false,
			"isFinal":false,
			"type":"define",
			"isAbstract":true,
			"rtType":"void"
		},
		"sessionDestroyed(javax.servlet.http.HttpSessionEvent)":{
			"sig":"(Ljavax/servlet/http/HttpSessionEvent;)V",
			"args":"(javax.servlet.http.HttpSessionEvent)",
			"isStatic":false,
			"isProtected":false,
			"name":"sessionDestroyed",
			"isPublic":true,
			"isPrivate":false,
			"isFinal":false,
			"type":"define",
			"isAbstract":true,
			"rtType":"void"
		}
	},
	"isPublic":true,
	"className":"javax.servlet.http.HttpSessionListener",
	"interNames":{
		"java.util.EventListener":"true"
	},
	"isFinal":false,
	"isPrivate":false,
	"isAbstract":true,
	"isInterface":true,
	"superClassName":"java.lang.Object"
}