{
	"isProtected":false,
	"finishedSearch":false,
	"methods":{
		"getMappings()":{
			"sig":"()Ljava/util/Collection;",
			"args":"()",
			"isStatic":false,
			"isProtected":false,
			"name":"getMappings",
			"isPublic":true,
			"isPrivate":false,
			"isFinal":false,
			"type":"define",
			"isAbstract":true,
			"rtType":"java.util.Collection"
		},
		"addMapping(java.lang.String[])":{
			"sig":"([Ljava/lang/String;)Ljava/util/Set;",
			"args":"(java.lang.String[])",
			"isStatic":false,
			"isProtected":false,
			"name":"addMapping",
			"isPublic":true,
			"isPrivate":false,
			"isFinal":false,
			"type":"define",
			"isAbstract":true,
			"rtType":"java.util.Set"
		},
		"getRunAsRole()":{
			"sig":"()Ljava/lang/String;",
			"args":"()",
			"isStatic":false,
			"isProtected":false,
			"name":"getRunAsRole",
			"isPublic":true,
			"isPrivate":false,
			"isFinal":false,
			"type":"define",
			"isAbstract":true,
			"rtType":"java.lang.String"
		}
	},
	"isPublic":true,
	"className":"javax.servlet.ServletRegistration",
	"interNames":{
		"javax.servlet.Registration":"true"
	},
	"isFinal":false,
	"isPrivate":false,
	"isAbstract":true,
	"isInterface":true,
	"superClassName":"java.lang.Object"
}