{
	"isProtected":false,
	"finishedSearch":false,
	"methods":{
		"<init>(javax.servlet.ServletContext)":{
			"sig":"(Ljavax/servlet/ServletContext;)V",
			"args":"(javax.servlet.ServletContext)",
			"isStatic":false,
			"isProtected":false,
			"name":"<init>",
			"isPublic":true,
			"isPrivate":false,
			"isFinal":false,
			"type":"define",
			"isAbstract":false,
			"rtType":"void"
		},
		"getServletContext()":{
			"sig":"()Ljavax/servlet/ServletContext;",
			"args":"()",
			"isStatic":false,
			"isProtected":false,
			"name":"getServletContext",
			"isPublic":true,
			"isPrivate":false,
			"isFinal":false,
			"type":"define",
			"isAbstract":false,
			"rtType":"javax.servlet.ServletContext"
		}
	},
	"isPublic":true,
	"className":"javax.servlet.ServletContextEvent",
	"interNames":{},
	"isFinal":false,
	"isPrivate":false,
	"isAbstract":false,
	"isInterface":false,
	"superClassName":"java.util.EventObject"
}