{
	"isProtected":false,
	"finishedSearch":false,
	"methods":{
		"onComplete(javax.servlet.AsyncEvent)":{
			"sig":"(Ljavax/servlet/AsyncEvent;)V",
			"args":"(javax.servlet.AsyncEvent)",
			"isStatic":false,
			"isProtected":false,
			"name":"onComplete",
			"isPublic":true,
			"isPrivate":false,
			"isFinal":false,
			"type":"define",
			"isAbstract":true,
			"rtType":"void"
		},
		"onError(javax.servlet.AsyncEvent)":{
			"sig":"(Ljavax/servlet/AsyncEvent;)V",
			"args":"(javax.servlet.AsyncEvent)",
			"isStatic":false,
			"isProtected":false,
			"name":"onError",
			"isPublic":true,
			"isPrivate":false,
			"isFinal":false,
			"type":"define",
			"isAbstract":true,
			"rtType":"void"
		},
		"onStartAsync(javax.servlet.AsyncEvent)":{
			"sig":"(Ljavax/servlet/AsyncEvent;)V",
			"args":"(javax.servlet.AsyncEvent)",
			"isStatic":false,
			"isProtected":false,
			"name":"onStartAsync",
			"isPublic":true,
			"isPrivate":false,
			"isFinal":false,
			"type":"define",
			"isAbstract":true,
			"rtType":"void"
		},
		"onTimeout(javax.servlet.AsyncEvent)":{
			"sig":"(Ljavax/servlet/AsyncEvent;)V",
			"args":"(javax.servlet.AsyncEvent)",
			"isStatic":false,
			"isProtected":false,
			"name":"onTimeout",
			"isPublic":true,
			"isPrivate":false,
			"isFinal":false,
			"type":"define",
			"isAbstract":true,
			"rtType":"void"
		}
	},
	"isPublic":true,
	"className":"javax.servlet.AsyncListener",
	"interNames":{
		"java.util.EventListener":"true"
	},
	"isFinal":false,
	"isPrivate":false,
	"isAbstract":true,
	"isInterface":true,
	"superClassName":"java.lang.Object"
}