{
	"isProtected":false,
	"finishedSearch":false,
	"methods":{
		"write(java.lang.String)":{
			"sig":"(Ljava/lang/String;)V",
			"args":"(java.lang.String)",
			"isStatic":false,
			"isProtected":false,
			"name":"write",
			"isPublic":true,
			"isPrivate":false,
			"isFinal":false,
			"type":"define",
			"isAbstract":true,
			"rtType":"void"
		},
		"getName()":{
			"sig":"()Ljava/lang/String;",
			"args":"()",
			"isStatic":false,
			"isProtected":false,
			"name":"getName",
			"isPublic":true,
			"isPrivate":false,
			"isFinal":false,
			"type":"define",
			"isAbstract":true,
			"rtType":"java.lang.String"
		},
		"delete()":{
			"sig":"()V",
			"args":"()",
			"isStatic":false,
			"isProtected":false,
			"name":"delete",
			"isPublic":true,
			"isPrivate":false,
			"isFinal":false,
			"type":"define",
			"isAbstract":true,
			"rtType":"void"
		},
		"getHeader(java.lang.String)":{
			"sig":"(Ljava/lang/String;)Ljava/lang/String;",
			"args":"(java.lang.String)",
			"isStatic":false,
			"isProtected":false,
			"name":"getHeader",
			"isPublic":true,
			"isPrivate":false,
			"isFinal":false,
			"type":"define",
			"isAbstract":true,
			"rtType":"java.lang.String"
		},
		"getInputStream()":{
			"sig":"()Ljava/io/InputStream;",
			"args":"()",
			"isStatic":false,
			"isProtected":false,
			"name":"getInputStream",
			"isPublic":true,
			"isPrivate":false,
			"isFinal":false,
			"type":"define",
			"isAbstract":true,
			"rtType":"java.io.InputStream"
		},
		"getContentType()":{
			"sig":"()Ljava/lang/String;",
			"args":"()",
			"isStatic":false,
			"isProtected":false,
			"name":"getContentType",
			"isPublic":true,
			"isPrivate":false,
			"isFinal":false,
			"type":"define",
			"isAbstract":true,
			"rtType":"java.lang.String"
		},
		"getHeaderNames()":{
			"sig":"()Ljava/util/Collection;",
			"args":"()",
			"isStatic":false,
			"isProtected":false,
			"name":"getHeaderNames",
			"isPublic":true,
			"isPrivate":false,
			"isFinal":false,
			"type":"define",
			"isAbstract":true,
			"rtType":"java.util.Collection"
		},
		"getSize()":{
			"sig":"()J",
			"args":"()",
			"isStatic":false,
			"isProtected":false,
			"name":"getSize",
			"isPublic":true,
			"isPrivate":false,
			"isFinal":false,
			"type":"define",
			"isAbstract":true,
			"rtType":"long"
		},
		"getHeaders(java.lang.String)":{
			"sig":"(Ljava/lang/String;)Ljava/util/Collection;",
			"args":"(java.lang.String)",
			"isStatic":false,
			"isProtected":false,
			"name":"getHeaders",
			"isPublic":true,
			"isPrivate":false,
			"isFinal":false,
			"type":"define",
			"isAbstract":true,
			"rtType":"java.util.Collection"
		}
	},
	"isPublic":true,
	"className":"javax.servlet.http.Part",
	"interNames":{},
	"isFinal":false,
	"isPrivate":false,
	"isAbstract":true,
	"isInterface":true,
	"superClassName":"java.lang.Object"
}