{
	"isProtected":false,
	"finishedSearch":false,
	"methods":{
		"getServlet()":{
			"sig":"()Ljavax/servlet/Servlet;",
			"args":"()",
			"isStatic":false,
			"isProtected":false,
			"name":"getServlet",
			"isPublic":true,
			"isPrivate":false,
			"isFinal":false,
			"type":"define",
			"isAbstract":false,
			"rtType":"javax.servlet.Servlet"
		},
		"getUnavailableSeconds()":{
			"sig":"()I",
			"args":"()",
			"isStatic":false,
			"isProtected":false,
			"name":"getUnavailableSeconds",
			"isPublic":true,
			"isPrivate":false,
			"isFinal":false,
			"type":"define",
			"isAbstract":false,
			"rtType":"int"
		},
		"<init>(javax.servlet.Servlet,java.lang.String)":{
			"sig":"(Ljavax/servlet/Servlet;Ljava/lang/String;)V",
			"args":"(javax.servlet.Servlet,java.lang.String)",
			"isStatic":false,
			"isProtected":false,
			"name":"<init>",
			"isPublic":true,
			"isPrivate":false,
			"isFinal":false,
			"type":"define",
			"isAbstract":false,
			"rtType":"void"
		},
		"<init>(java.lang.String)":{
			"sig":"(Ljava/lang/String;)V",
			"args":"(java.lang.String)",
			"isStatic":false,
			"isProtected":false,
			"name":"<init>",
			"isPublic":true,
			"isPrivate":false,
			"isFinal":false,
			"type":"define",
			"isAbstract":false,
			"rtType":"void"
		},
		"<init>(int,javax.servlet.Servlet,java.lang.String)":{
			"sig":"(ILjavax/servlet/Servlet;Ljava/lang/String;)V",
			"args":"(int,javax.servlet.Servlet,java.lang.String)",
			"isStatic":false,
			"isProtected":false,
			"name":"<init>",
			"isPublic":true,
			"isPrivate":false,
			"isFinal":false,
			"type":"define",
			"isAbstract":false,
			"rtType":"void"
		},
		"<init>(java.lang.String,int)":{
			"sig":"(Ljava/lang/String;I)V",
			"args":"(java.lang.String,int)",
			"isStatic":false,
			"isProtected":false,
			"name":"<init>",
			"isPublic":true,
			"isPrivate":false,
			"isFinal":false,
			"type":"define",
			"isAbstract":false,
			"rtType":"void"
		},
		"isPermanent()":{
			"sig":"()Z",
			"args":"()",
			"isStatic":false,
			"isProtected":false,
			"name":"isPermanent",
			"isPublic":true,
			"isPrivate":false,
			"isFinal":false,
			"type":"define",
			"isAbstract":false,
			"rtType":"boolean"
		}
	},
	"isPublic":true,
	"className":"javax.servlet.UnavailableException",
	"interNames":{},
	"isFinal":false,
	"isPrivate":false,
	"isAbstract":false,
	"isInterface":false,
	"superClassName":"javax.servlet.ServletException"
}