{
	"isProtected":false,
	"finishedSearch":false,
	"methods":{
		"httpMethodConstraints()":{
			"sig":"()[Ljavax/servlet/annotation/HttpMethodConstraint;",
			"args":"()",
			"isStatic":false,
			"isProtected":false,
			"name":"httpMethodConstraints",
			"isPublic":true,
			"isPrivate":false,
			"isFinal":false,
			"type":"define",
			"isAbstract":true,
			"rtType":"javax.servlet.annotation.HttpMethodConstraint[]"
		},
		"value()":{
			"sig":"()Ljavax/servlet/annotation/HttpConstraint;",
			"args":"()",
			"isStatic":false,
			"isProtected":false,
			"name":"value",
			"isPublic":true,
			"isPrivate":false,
			"isFinal":false,
			"type":"define",
			"isAbstract":true,
			"rtType":"javax.servlet.annotation.HttpConstraint"
		}
	},
	"isPublic":true,
	"className":"javax.servlet.annotation.ServletSecurity",
	"interNames":{
		"java.lang.annotation.Annotation":"true"
	},
	"isFinal":false,
	"isPrivate":false,
	"isAbstract":true,
	"isInterface":true,
	"superClassName":"java.lang.Object"
}