{
	"isProtected":false,
	"finishedSearch":false,
	"methods":{
		"parsePostData(int,javax.servlet.ServletInputStream)":{
			"sig":"(ILjavax/servlet/ServletInputStream;)Ljava/util/Hashtable;",
			"args":"(int,javax.servlet.ServletInputStream)",
			"isStatic":true,
			"isProtected":false,
			"name":"parsePostData",
			"isPublic":true,
			"isPrivate":false,
			"isFinal":false,
			"type":"define",
			"isAbstract":false,
			"rtType":"java.util.Hashtable"
		},
		"<init>()":{
			"sig":"()V",
			"args":"()",
			"isStatic":false,
			"isProtected":false,
			"name":"<init>",
			"isPublic":true,
			"isPrivate":false,
			"isFinal":false,
			"type":"define",
			"isAbstract":false,
			"rtType":"void"
		},
		"parseName(java.lang.String,java.lang.StringBuilder)":{
			"sig":"(Ljava/lang/String;Ljava/lang/StringBuilder;)Ljava/lang/String;",
			"args":"(java.lang.String,java.lang.StringBuilder)",
			"isStatic":true,
			"isProtected":false,
			"name":"parseName",
			"isPublic":false,
			"isPrivate":true,
			"isFinal":false,
			"type":"define",
			"isAbstract":false,
			"rtType":"java.lang.String"
		},
		"<clinit>()":{
			"sig":"()V",
			"args":"()",
			"isStatic":true,
			"isProtected":false,
			"name":"<clinit>",
			"isPublic":false,
			"isPrivate":false,
			"isFinal":false,
			"type":"define",
			"isAbstract":false,
			"rtType":"void"
		},
		"parseQueryString(java.lang.String)":{
			"sig":"(Ljava/lang/String;)Ljava/util/Hashtable;",
			"args":"(java.lang.String)",
			"isStatic":true,
			"isProtected":false,
			"name":"parseQueryString",
			"isPublic":true,
			"isPrivate":false,
			"isFinal":false,
			"type":"define",
			"isAbstract":false,
			"rtType":"java.util.Hashtable"
		},
		"getRequestURL(javax.servlet.http.HttpServletRequest)":{
			"sig":"(Ljavax/servlet/http/HttpServletRequest;)Ljava/lang/StringBuffer;",
			"args":"(javax.servlet.http.HttpServletRequest)",
			"isStatic":true,
			"isProtected":false,
			"name":"getRequestURL",
			"isPublic":true,
			"isPrivate":false,
			"isFinal":false,
			"type":"define",
			"isAbstract":false,
			"rtType":"java.lang.StringBuffer"
		}
	},
	"isPublic":true,
	"className":"javax.servlet.http.HttpUtils",
	"interNames":{},
	"isFinal":false,
	"isPrivate":false,
	"isAbstract":false,
	"isInterface":false,
	"superClassName":"java.lang.Object"
}