{
	"isProtected":false,
	"finishedSearch":false,
	"methods":{
		"getIds()":{
			"sig":"()Ljava/util/Enumeration;",
			"args":"()",
			"isStatic":false,
			"isProtected":false,
			"name":"getIds",
			"isPublic":true,
			"isPrivate":false,
			"isFinal":false,
			"type":"define",
			"isAbstract":true,
			"rtType":"java.util.Enumeration"
		},
		"getSession(java.lang.String)":{
			"sig":"(Ljava/lang/String;)Ljavax/servlet/http/HttpSession;",
			"args":"(java.lang.String)",
			"isStatic":false,
			"isProtected":false,
			"name":"getSession",
			"isPublic":true,
			"isPrivate":false,
			"isFinal":false,
			"type":"define",
			"isAbstract":true,
			"rtType":"javax.servlet.http.HttpSession"
		}
	},
	"isPublic":true,
	"className":"javax.servlet.http.HttpSessionContext",
	"interNames":{},
	"isFinal":false,
	"isPrivate":false,
	"isAbstract":true,
	"isInterface":true,
	"superClassName":"java.lang.Object"
}