{
	"isProtected":false,
	"finishedSearch":false,
	"methods":{
		"getWriter()":{
			"sig":"()Ljava/io/PrintWriter;",
			"args":"()",
			"isStatic":false,
			"isProtected":false,
			"name":"getWriter",
			"isPublic":true,
			"isPrivate":false,
			"isFinal":false,
			"type":"define",
			"isAbstract":false,
			"rtType":"java.io.PrintWriter"
		},
		"getOutputStream()":{
			"sig":"()Ljavax/servlet/ServletOutputStream;",
			"args":"()",
			"isStatic":false,
			"isProtected":false,
			"name":"getOutputStream",
			"isPublic":true,
			"isPrivate":false,
			"isFinal":false,
			"type":"define",
			"isAbstract":false,
			"rtType":"javax.servlet.ServletOutputStream"
		},
		"setContentLength()":{
			"sig":"()V",
			"args":"()",
			"isStatic":false,
			"isProtected":false,
			"name":"setContentLength",
			"isPublic":false,
			"isPrivate":false,
			"isFinal":false,
			"type":"define",
			"isAbstract":false,
			"rtType":"void"
		},
		"<clinit>()":{
			"sig":"()V",
			"args":"()",
			"isStatic":true,
			"isProtected":false,
			"name":"<clinit>",
			"isPublic":false,
			"isPrivate":false,
			"isFinal":false,
			"type":"define",
			"isAbstract":false,
			"rtType":"void"
		},
		"setContentLength(int)":{
			"sig":"(I)V",
			"args":"(int)",
			"isStatic":false,
			"isProtected":false,
			"name":"setContentLength",
			"isPublic":true,
			"isPrivate":false,
			"isFinal":false,
			"type":"define",
			"isAbstract":false,
			"rtType":"void"
		},
		"<init>(javax.servlet.http.HttpServletResponse)":{
			"sig":"(Ljavax/servlet/http/HttpServletResponse;)V",
			"args":"(javax.servlet.http.HttpServletResponse)",
			"isStatic":false,
			"isProtected":false,
			"name":"<init>",
			"isPublic":false,
			"isPrivate":false,
			"isFinal":false,
			"type":"define",
			"isAbstract":false,
			"rtType":"void"
		}
	},
	"isPublic":false,
	"className":"javax.servlet.http.NoBodyResponse",
	"interNames":{},
	"isFinal":false,
	"isPrivate":false,
	"isAbstract":false,
	"isInterface":false,
	"superClassName":"javax.servlet.http.HttpServletResponseWrapper"
}